,observed,NEPSE-only|OLS,NEPSE-only|Ridge,NEPSE-only|RF,NEPSE-only|ET,NEPSE-only|GBR,NEPSE-only|XGB,NEPSE+PCA|OLS,NEPSE+PCA|Ridge,NEPSE+PCA|RF,NEPSE+PCA|ET,NEPSE+PCA|GBR,NEPSE+PCA|XGB,NEPSE+PLS|OLS,NEPSE+PLS|Ridge,NEPSE+PLS|RF,NEPSE+PLS|ET,NEPSE+PLS|GBR,NEPSE+PLS|XGB,GlobalPCA-only|OLS,GlobalPCA-only|Ridge,GlobalPCA-only|RF,GlobalPCA-only|ET,GlobalPCA-only|GBR,GlobalPCA-only|XGB,Foreign-only|OLS,Foreign-only|Ridge,Foreign-only|RF,Foreign-only|ET,Foreign-only|GBR,Foreign-only|XGB,Combined|OLS,Combined|Ridge,Combined|RF,Combined|ET,Combined|GBR,Combined|XGB
2023-05-02,-0.0022745223276459114,-0.0014873130465637295,-0.0015023513691148804,-0.002580503234279363,-0.0019620504231691155,-0.004137339773078304,-0.0051788935,-0.001433820473600412,-0.0014530303517542912,-0.002581178702745326,-0.0019334554253406342,-0.0054639040982081485,-0.0050616595,-0.0015511887681006367,-0.0015793340594247368,-0.002758197753096722,-0.0021585383072862275,-0.005553864330772166,-0.0056935404,0.0005658371992937441,0.0005661690528689318,0.0006846751527045407,0.0007604932427730557,0.0006626697143476663,0.0010303536,-0.0004069481615052562,-0.0002866898269736773,0.0003739645274764087,0.0006797426744097338,0.0008144048164279796,-0.0021502555,-0.0006735934887144979,-0.0007845266011321711,-0.0022651184406249814,-0.001525030459509634,-0.0029172182830608374,-0.004944891
2023-05-03,-0.00492531134278984,0.0011903428679815088,0.0011731545168775044,-0.0011763664968261233,-0.0007731479066348158,-0.00045095033427346794,-0.0016211218,0.0008424142242373621,0.000836434489602181,-0.0011049418904407705,-0.0009037113799377717,-0.0005275017975046424,-0.0017872587,0.003020582541615817,0.003004677036520347,-0.00109593819106325,-0.0008274971760918445,-0.0007404882946700862,-0.0012496052,0.0005606959840205074,0.0005610479283157933,0.001312625152589251,0.0008567941752829043,0.0017763745855378862,0.0042398535,0.00276604862402985,0.0026349092379054917,0.0008163442631365702,0.0007589930422316277,0.001734170923797582,0.0034138474,0.0012774209380571975,0.0013244642428946807,-0.0013247188736004215,-0.0007763453390001823,-0.0005406040660852734,-5.3614833e-05
2023-05-04,0.006707905032942385,6.0752643001059045e-05,7.051389065221162e-05,-0.0021895222853734924,-0.001384680704043386,-0.0027869594858807695,-0.0022996233,-0.00011503917087151935,-0.00010031373383992555,-0.0021547170779634603,-0.0014096650507619288,-0.0025182904576578377,-0.0026572202,0.0039643923194397895,0.0039631174063360815,-0.0018936103743810964,-0.0010691023309097496,0.0002805757175704618,-0.0009337439,0.0005364716513656443,0.0005369182589382043,0.0009049410423446498,0.0008179339577364077,0.0018524651038447748,0.0033589685,0.005786068614791001,0.0056004970917077086,0.0010374820164268826,0.0009359122347187227,-0.0029734152139415646,0.00036552307,0.004236220445514232,0.0041332551148013305,-0.00195358847208286,-0.0011788415217226852,0.0002689384451679278,0.00029101662
2023-05-07,-0.010278720944173259,0.0022381286451320383,0.002201820687586678,0.003373342908988003,0.0013935057513470564,0.003457918177908246,0.0037622005,0.002668585846712767,0.002629007872594954,0.0034952147430792092,0.0016257417688848583,0.0038409228619728122,0.0030032266,0.002328860816000787,0.0022944559234272183,0.0038527632473022953,0.0015855090744421071,0.003537832319035361,0.0033294468,0.0009546744077504792,0.000953486772429783,0.00011680766537432697,0.0007060988173293982,-0.000752442121187889,-0.0016475185,0.000752472132296196,0.0007741701910572409,0.00025999951919602923,0.0006291671556304084,-0.0012354222280254248,-0.0018163067,-0.0011089067677050135,-0.0010388873531594666,0.0033215231091565534,0.0011472482125746046,0.003907033370107214,0.0050600176
2023-05-08,-0.009184984367714755,-0.002062584870062529,-0.002035963785893055,-0.0023278798765248216,-0.0021185466684192408,-0.003747541698108356,-0.004839298,-0.0016579796060960934,-0.0016313865280515507,-0.0023432063088477347,-0.002071867593524403,-0.0036043690126801166,-0.004003835,0.0038818026004075776,0.0038924272073003184,-0.00203675674403017,-0.001644841427342144,-0.001818082940318868,-0.00228792,0.0009709148499629647,0.0009696637506242423,0.0005878853605364478,0.0007555074771473433,0.0010933084644818253,0.0006328984,0.005356976282296132,0.005363730984375127,-0.000324426531973041,0.000776448361216124,-0.0025383170412601507,0.0022448562,0.0034682378180099687,0.00456572828617469,-0.002207572523211969,-0.0015757892480248404,-0.002839028672477967,-0.0013398081
2023-05-09,0.005802003742320316,0.0008723155261279458,0.000822879637199538,-0.0014146064061455982,-0.0014973102354424582,-0.0011543418500155665,-0.00125212,0.0005387329750988593,0.0004996083998620319,-0.0013779554233110775,-0.0016223533357100444,-0.0008521053340617331,-0.0016038098,-0.0010033478033899634,-0.0010140169277803577,-0.001677110928902419,-0.001750484032829261,-0.0029478283052860508,-0.0033074683,0.0007237358760984917,0.0007234506969389968,0.0005115894774150258,0.0007320054707356607,0.00032540963759813735,0.0008721964,-0.0016016856600613656,-0.001458161063928523,0.0005835399526858198,0.0005627470711737217,0.0007848656701592925,-0.00064155104,-8.811562345507516e-05,-0.0008694252740609163,-0.0015058227844300083,-0.0012467187513842976,-0.0011955478383378435,-0.0009849065
2023-05-10,-0.0013183989062062196,0.0020815335457264805,0.0020719351590075758,0.0032993308270806397,0.0013218148827315633,0.0017703382741972695,0.001667046,0.0026696376816724506,0.002657488742652634,0.0033364332612689594,0.0013428781235575585,0.0018310320967337556,0.0023481504,0.002838639574511763,0.0028514797431559544,0.0035412783344380403,0.0013909575533850769,0.0009762207110519897,0.0025412303,0.0007496331790414926,0.0007492467990107876,0.0007692346002368173,0.0006869552527499455,0.005532905201472532,0.0041715037,0.0024000274243566105,0.002275788123384496,0.0009710247089445906,0.0006144336653366338,0.003087717170349625,0.00053451513,0.004675132651898376,0.004413071668551077,0.00460840902428428,0.0012732018258456367,0.004197436968535165,0.00483643
2023-05-11,-0.001814961427653472,-0.0014503561437257473,-0.0014055610003928611,-0.0016951780789772955,-0.0008242029264065685,-0.0019657420513138854,-0.0028307617,-1.8651161489806724e-05,2.2401013911322416e-05,-0.0016669206369656394,-0.0009327316421767661,-0.0019569834476604927,-0.0024995285,-0.0034921670069799704,-0.0034246632144867024,-0.0018475717282182406,-0.0008316947005255323,-0.0034212806350210753,-0.0042902254,0.0019772607781039318,0.001972077103821323,0.0005334910275909262,0.0007752997524232161,0.001833208174553637,0.00016601103,0.0009010580854568482,0.00058632702578653,0.0005720775314517753,0.0006200953922856752,0.00019611136251342662,-0.0014233694,-0.0013565524746625393,-0.0017179478055627906,-0.0015582440662920795,-0.0005961225280883639,-0.0031903443531367706,-0.0042269127
2023-05-14,-0.009261779267894177,-0.0006582060533870653,-0.0006148588846696746,-0.002423427486841117,-0.0010399298278667,-0.0027469233473680285,-0.0037192008,-0.0005275108898479333,-0.0004887415269758354,-0.002458180810931968,-0.0010420191608033547,-0.0018661016134764977,-0.0042755213,0.0003466356660188701,0.0003701758438081473,-0.0024471336249346173,-0.0009486541970313053,-0.0017940518047597465,-0.0025890733,0.0007203791518039628,0.0007201070899727024,0.00010925665349379884,0.0006981339139351503,-0.0004700789090208138,-0.0022512802,0.00126698438063888,0.0012803918470480347,0.00038700207307848766,0.0006622226531129064,6.127839831009325e-05,0.00039850094,0.00101651340546227,0.000982959306738186,-0.003535426002349549,-0.001790530723606425,-0.003685293615078389,-0.0039883703
2023-05-15,-0.001829695973301959,-0.0023145466431532345,-0.002283334166996248,-0.00278260159960706,-0.002215203112565121,-0.004153115110834996,-0.005767724,-0.0014144639302402884,-0.0014025359633323383,-0.00274047137918708,-0.0021266496502707786,-0.003283717774293874,-0.0040744813,0.00027072452445050946,0.00026990542312318604,-0.0024311749042147572,-0.0017729183529853634,-0.0012841519610153418,-0.0014577096,0.0012025956826656895,0.0012004392264191846,-0.00010668207059064557,0.00041293482463763585,-0.0014999235350395593,-0.0015032026,0.0030272376951965205,0.002962729983830014,0.0015983812185260077,0.0019397058454222928,0.0010643986255099154,0.0048345006,-0.001410499597835617,-0.0012965044228821772,-0.00244639063701789,-0.0015291728494831072,-0.0031868311150358383,-0.003306005
2023-05-16,0.0018187167953129801,-0.0004420927415278513,-0.0004024174401632075,-0.0019044516425203327,-0.0009764598755964964,-0.0012486764834531744,-0.0034741682,0.00011645545447993492,0.00014968639898887493,-0.001770657517413926,-0.0010035692700668584,-0.0005108142116543976,-0.0024835714,-0.0045272667162490395,-0.004479210650276808,-0.0019121769093690536,-0.001019477078406129,-0.002308354872697727,-0.0029266723,0.0009596496872006169,0.0009584426095999298,0.0007958568499193823,0.0007024630317806425,0.0011430805239067707,0.00026651006,-0.0040291038364636345,-0.004123558475226079,0.0003357239282263439,0.000550493980779471,-0.001502309638359835,-0.002492446,-0.0037482077659022066,-0.004052933139471484,-0.002165981782614943,-0.0007435822726052193,-0.0016306971694665703,-0.003029003
2023-05-17,0.01275848246607758,-0.0007438736742563599,-0.0006891417071158883,0.0013446052355195024,0.0001488644274773226,-0.0002986858221785625,-0.00047287246,-0.0019463867590823795,-0.001880408745642036,0.0012397151868620592,0.0001900385766456096,-0.0002630694226494122,-0.00060945435,-0.004062212563905238,-0.003993497208259286,0.0010309200563700083,3.994981406458209e-05,-0.002637429234248658,-0.002224372,-0.00022229663870048538,-0.00021888493425388533,0.0006450324098348061,0.0006294690753129477,-0.0014156221249070917,-0.0012212582,-0.002942536921884778,-0.002851296996885466,0.0007823725180692666,0.0005774897035432262,0.0013935277686159765,0.0008498281,-0.003622836654238478,-0.003474593441688546,0.001544290232553753,0.00044890412606880706,-0.0005271024792038311,-0.00024298893
2023-05-18,0.01736053035768048,0.001157040841877731,0.001178473422324728,0.003826162440364817,0.0026720415396327716,0.00447819031246326,0.005322217,0.0017632462678971387,0.0017777338347404446,0.003608508798576779,0.002269801130020476,0.004584090127251054,0.005701855,0.0028381524846249626,0.0028467847585211406,0.004178005405841779,0.0029000139826457767,0.0064996705070921295,0.0062013636,0.0007824736499934339,0.0007819589367429091,0.0006456735656359585,0.0007106281877726761,0.0010759904580617805,0.0014392714,0.0021998069116289957,0.0022686958849254114,-0.0002033203342228363,0.000499975754114657,-0.0009965531707045161,-0.0005867263,0.004750061529214359,0.004326288755687011,0.00320879662526671,0.0023905917512313446,0.002508065380349389,0.0038052055
2023-05-21,0.003127229634191764,0.0008966591831781729,0.0008751863185332899,0.0036208666885028805,0.0028821580918523635,0.0035008196933512155,0.004089086,0.0011139063642282708,0.0010858953057068126,0.0037142659940066856,0.003083568947816794,0.0033795027247265296,0.0035345117,0.001370280572888141,0.0013352998884376263,0.00429141211948807,0.0032831241686051772,0.004293470241810899,0.0042563286,0.0007653171496145073,0.0007648694801325606,4.948020648992507e-05,0.0006937589549972421,-0.000752442121187889,-0.000114869974,0.0008391825408695815,0.0008593298511958307,0.0003700817154258394,0.0006622226531129064,6.127839831009325e-05,0.00019307785,0.0006349138982350713,0.0005849736022327141,0.0045614093761545006,0.004134141137430287,0.0055177138039850335,0.005083538
2023-05-22,0.004297253142895308,-0.0012862175789483733,-0.001283616470386264,0.0034033955625247885,0.0017067086570988763,0.0024763271948311768,0.0017296352,-0.0023535872763085523,-0.0023466887934030724,0.0033402621813116923,0.001728560550345506,0.0025112095655631353,0.0017807458,-0.005017396876217609,-0.0050044371403822245,0.002691944630613042,0.0015116299034752892,0.00026483588630579665,-0.00020109523,-0.00010197327878499573,-9.903177113368931e-05,0.00033230552827813155,0.0006893256774842417,0.0020844518829342914,0.00041474216,-0.0031782744610593674,-0.003207896429050452,0.00038955018591214495,0.0006174578752702952,-0.0028938615189761613,-0.004088873,-0.0033262730140189846,-0.0034177094143425265,0.0033378946185339863,0.0015191417218176893,0.0015223343276450653,-0.00019489785
2023-05-23,0.026773014420503394,0.0007188661756427332,0.0007761836371252823,0.0038120368481083956,0.002383389797436199,0.004355296003630288,0.0049041556,0.0010599548354704059,0.0011255511544114609,0.003660921083651172,0.0022592902191560646,0.004711619916798709,0.0052751484,-0.004110038160547532,-0.004023365821563481,0.0028994701174676744,0.002095410804543221,0.0028689254350857353,0.0031994837,0.0013728082604184482,0.001369986651464816,0.0008345691905453754,0.0007521836060657384,0.0007884515282045383,1.4683257e-05,-0.004007931873464084,-0.004021402972016137,-0.0001352660134340094,0.000629137709478413,-0.001008137052898105,-0.0030857457,-0.002245306050293435,-0.0027569780351076744,0.003527784782915788,0.0021769521214370945,0.004663021241327897,0.0026875546
2023-05-24,0.008452667741799758,0.003726672104948533,0.0036988804275624896,0.003697366525450017,0.00363378562753191,0.0071846888707863,0.005033535,0.003160978991498342,0.00313635924431466,0.003697166545811722,0.0036844490804500314,0.0074746522135042725,0.006299779,-0.0016169157320305742,-0.0016182119288212157,0.003578574999242461,0.003491612377421874,0.007804076043182728,0.003964766,0.0004321553684765092,0.0004330096207653247,0.0014069058289437322,0.0008522330990623583,0.002301982611414542,0.0042487117,-0.004056332553659912,-0.004008464381858293,0.0003339483614965698,0.000610521206913074,-0.00079372789885921,-0.001847355,0.00042587547982977935,0.0001347922005671652,0.0034891309807081315,0.003545031796193792,0.005277981383215604,0.006021974
2023-05-28,-0.008910914518277302,-0.0016542659589119462,-0.0015882397455863457,0.0036416904356693642,0.0035312302632731062,0.002906460078296879,0.0021607873,-0.001713170695617318,-0.0016448883352159814,0.0037820064809781662,0.003396776825333009,0.0025633288898208265,0.0020552843,-0.001474748914588194,-0.0014176577862096383,0.004327022466125526,0.003514341388460601,0.0037733943903668615,0.0027069317,0.0008666282328376435,0.0008657846622880019,0.00016396484654249748,0.0006972825077155547,-0.0003211269885893845,0.00023294141,0.0010166943099611367,0.0010292209924926887,0.00036732189047340637,0.0006622226531129064,6.127839831009325e-05,-0.00031118916,0.0030097048449512155,0.002878941069132196,0.005376944284911229,0.004765078659891049,0.007738826250532163,0.007142804
2023-05-30,-0.0277433695505227,-0.0004349077618095295,-0.0005165756087966312,-0.0023013295683649983,-0.000712640097217741,-0.002546716535901093,-0.0041921916,0.0008529113870679793,0.000751387137567381,-0.002300182143753339,-0.0006929937651251601,-0.0030629139719713866,-0.0045376914,-0.002700587652628681,-0.0027897966632227226,-0.0025639825776335263,-0.0008670992077104155,-0.005624381147015831,-0.005512498,0.0019771842526417486,0.001972000877403543,0.00018985466656771255,0.0006649759219174607,-0.0012027171234478748,-0.0029592002,-0.0021682412706804594,-0.0021164778393131037,0.0009264969289094889,0.0006865493141158828,0.0010828514441642077,0.0011123649,3.185064605678819e-05,-0.001782738780749369,-0.002128755997785859,-0.0004907628232590115,-0.0028652383314874403,-0.004030082
2023-05-31,-0.02076898962670004,-0.0026197857432017587,-0.0026410392332609366,-0.0024616339744629114,-0.0011961408995236555,-0.0027371073853748053,-0.003974144,-0.002045361012586873,-0.002068463338019262,-0.002431187681027536,-0.0010413170191268422,-0.0024429787927576336,-0.003133884,-0.0073849356025462234,-0.007390325194166433,-0.002731138817291341,-0.0017910833942278892,-0.005471794409338935,-0.005488307,0.0016096684538918374,0.0016059212482462443,0.0009318432790169849,0.0008048771854469384,0.0015054467664686816,-0.0004471634,-0.004927138260815444,-0.004743532442276946,0.0015841014272738132,0.0007259012501948841,0.002379519312357433,0.0037243455,-0.007339848461255162,-0.007317739399006668,-0.00228756957301855,-0.0008770710006560842,-0.0014522838896627787,-0.00055939966
2023-06-01,0.008907174625133685,-0.00036824738028888603,-0.0004209670344121866,-0.000431680395842934,-0.0006066003707046509,-0.00445443798518062,-0.0055763363,0.0007063024062168396,0.0006464160967409783,-0.00038314670831273367,-0.0005224411828892979,-0.0028791610886188534,-0.0040042643,-0.0033608098080300346,-0.003399532620097994,-0.0011331755034364754,-0.0014200955800837778,-0.005352103610600443,-0.008652853,0.0017151730968062247,0.0017110136025990268,0.0008348691064968684,0.000844310731251645,0.0022980129296847696,0.0032722424,-0.0014621183311318304,-0.0015569040765642354,0.001549549422804647,0.0007283017174052228,-0.00022954760855464196,0.0031286173,0.0015003753151476204,0.0004831954853593772,-0.0007365385949078737,-0.0004215931055810112,-0.0014241498420484889,3.4349192e-05
2023-06-04,0.02802292346550317,0.0031825455710327273,0.0032064597156470924,0.0037952064476426154,0.002475569956025978,0.0014969776495239687,0.0021558823,0.0036397529147265116,0.0036628394856721624,0.003959347395287718,0.002253143889355326,0.001861027112932102,0.0008903729,0.0036598795613201553,0.003676641750670536,0.0046956866565788825,0.0023343009244758735,0.0025049607862370218,0.003758288,0.0009214458194706013,0.0009203880340454888,0.00022332234159328884,0.0007050441612549169,-0.0003211269885893845,-0.00073289074,0.0007345436171826926,0.0007544986935090218,0.00034792347854370806,0.0006622226531129064,6.127839831009325e-05,-0.00026014732,0.008856614149125381,0.008697906397678326,0.005117107615938493,0.003368864733239933,0.005686449317318891,0.0060176156
2023-06-05,-0.009101510738386942,0.003131913401052586,0.0031702540568084815,0.003498185963985188,0.0030347272893708494,0.00012623893446924188,-0.0015298063,0.003051487300235054,0.0030842853379686,0.0033474408996337895,0.0028578223494005062,-0.0020177260808410258,-0.0025992491,0.000894646329917415,0.0009369052037483758,0.002867311081849082,0.0027911987915648705,-0.0014403108659992911,-0.0037493603,0.00020098355556629074,0.0002027411756273231,-0.00016777863145607565,0.00029798227498765506,0.00019741849797010868,-0.00020582875,-0.0009862819705196502,-0.00104346431802857,0.0002756350372925511,0.000568248257458164,0.00016199579068483573,-0.0018263225,0.0027794454122200777,0.003082976760091035,0.0031795368148237572,0.0026016202540772716,0.0009345475805811493,-0.00042356347
2023-06-06,0.0134061256035789,-0.0034553436326285403,-0.003452762957873871,-0.0025492648375488613,-0.0015239664413186072,-0.0024807686180242177,-0.0010036231,-0.00419809232690051,-0.004185997947206131,-0.002527934750385667,-0.0015523680187784358,-0.0029472848161312946,-0.002111031,-0.008120591713156313,-0.008105893783013064,-0.002577349205801396,-0.0021444100340263193,-0.007180373462444992,-0.007978456,-9.19186193646098e-06,-6.612923323250997e-06,9.36284564650911e-05,0.0006778514844348158,-0.0004340813419916025,-0.0009479628,-0.003771196898661313,-0.003851321257886106,0.0005845117066047568,0.00047843320660000973,0.002442770849997018,0.00039365108,-0.007764917798598522,-0.007741279001454233,-0.0018081989695089683,-0.0011130016790373437,-0.0031107468209744895,-0.0059963875
2023-06-07,0.002419696568408014,0.004752515695321867,0.004731648459953355,0.004667142855077454,0.0037337799445259444,0.005357805853322182,0.0074699423,0.005840125317253945,0.00580830131028645,0.004313648903237776,0.0035734240384010987,0.005050984235932293,0.0064617754,0.002384871150982989,0.002362522038685306,0.0033918806576979463,0.003113530372434101,0.003990157223610068,0.005139794,0.0009606715114330995,0.0009594604407717124,0.0007391232979748109,0.00070093466412123,0.0010586118134717818,0.00080658233,-0.001975276007963693,-0.0020908806885931953,-0.00031728777523170026,0.0002928360178013421,0.00492391062532058,0.00092156196,0.004247341598940441,0.004276500757372999,0.005685225887869745,0.0030145324009655827,0.004802277883551435,0.004843323
2023-06-08,0.0037603932801655304,-0.0016786736616511448,-0.0016368158036554935,0.0033815425647504473,0.0019496957586875507,0.0005237993676428729,0.0010936619,-0.001352751868966422,-0.0013161624320650244,0.003386258652584908,0.0021128748782061535,0.0005668967330371842,0.0011125966,-0.0033287320576521947,-0.0032878963762294783,0.0026083402363787306,0.001694560917067182,-0.0020244904344718178,-0.0019354089,0.0010732368739525548,0.001071585923015594,0.0005755495107920192,0.0007387319574337378,0.0008403146464861214,0.00074295106,0.00048240173113930224,0.00031901428163081595,0.001256772463352786,0.0006877400203616139,0.0008368793532009415,0.00071640935,-0.002356798778810845,-0.002427395093070176,0.0030870791797402773,0.0016766290837520854,0.001796442499180336,0.002641539
2023-06-12,0.003921415523212346,0.0039515523142668405,0.003806376910965947,0.0038250232488937696,0.003350356062225662,0.003951589543972962,0.003382151,0.0047319322411003215,0.00456533565989309,0.0037437428405085044,0.0035568007994147815,0.003720218457107208,0.0032289508,0.0013506658054706902,0.0011892022467648218,0.0033812660011634543,0.003426097839602238,0.0024527897461913855,0.0003863161,0.000984906007770596,0.0009836002341145347,0.0004594230582089242,0.0005963444807768231,0.00026726391955319005,-0.0010836986,-0.000771705902834244,-0.0008984765911510595,0.0007766885185425672,0.000651025356053913,-0.0011773549200781318,-0.0008090574,0.002955358795128133,0.002494757691299191,0.0038152972451045335,0.0032966232896300264,0.003784154156918336,0.004292886
2023-06-13,0.016350579173638913,-0.001639401836238277,-0.0016133754820048967,0.003501652948998302,0.0022029981226597915,0.001201314107467774,0.00072961143,-0.0018506733631754061,-0.0018284615100201268,0.003500564102985779,0.0023572053212007065,0.002063907526863138,0.00055490376,-0.0036048807527276168,-0.0035847420960876467,0.003500906994399118,0.002285464184787858,0.0016063599789209219,0.0008770768,0.0005022805205989074,0.0005028607394679397,0.0006488279464970009,0.0007300509516571281,0.0017748798122034217,0.0016669394,-0.0012899185431761574,-0.0012904282503145054,-0.0006690400373281497,0.0005374608329808825,-0.00362376724888636,-0.0038871218,-0.0034141731242198375,-0.0033021212632664524,0.0034463285172546044,0.002179969531849548,-0.0016153810323983274,-0.002978181
2023-06-14,0.008093298976154628,0.004703049868397419,0.004552921481504799,0.004103997359439989,0.004173727272200253,0.006735081589005551,0.007475587,0.00504386669707246,0.004888697195773474,0.003933137185132663,0.004054898846657584,0.0070013686975209325,0.008953537,0.0033473473800854107,0.003211538781201618,0.0032000100837756814,0.0038364933140258733,0.004012513560320677,0.004461877,0.0009206709251886572,0.0009196161678771885,0.0007264410054831781,0.0007720472347573587,0.0020890088465570144,0.0034032091,-0.0007642464633046999,-0.000787680476833365,0.001036280309331292,0.0006657862174731386,0.0017271086814189666,0.0004267271,0.004643918978096648,0.004281413569289999,0.0037012875371857153,0.0036882242749172052,0.009444094886831752,0.0052052527
2023-06-15,0.002456407380578618,0.0020937973958761054,0.001945185362044296,0.0052955355096310055,0.00384845076793231,0.0056614696334684415,0.00819653,0.002261476312490488,0.002110724215844618,0.005011934942712847,0.0036306945613368362,0.005777601575946171,0.007463355,0.0018948327469806706,0.0017722027636929553,0.00459959720674346,0.003856760029959122,0.0056213719049352006,0.0074232933,0.0008257191139019536,0.0008250354070449072,0.0009162512682550001,0.0007952303796029617,0.0006230208142169836,0.002024502,0.00025421330784997244,0.000296951832563494,0.0008313125470468015,0.0007320777608834526,0.0005845631437260555,0.0033945146,0.0028176743982843114,0.002606364434430949,0.0045764325110264,0.0033837835738164236,0.006569404495023989,0.006630521
2023-06-18,0.025269693882606248,0.0009199038539375718,0.0010604000543996718,0.003966868062311349,0.0024151597340558765,0.0031137991133290124,0.005090814,0.0007453051706439638,0.0008959818841896398,0.004334324499277719,0.002574741452205388,0.0033113554765126577,0.00544899,0.0009196882349487552,0.0010866330105958899,0.004470633758066662,0.002300079913146465,0.004677706864346788,0.005917655,0.0006759179635592433,0.0006758196461134642,0.0003101744651226051,0.0006972825077155547,-0.0014644599622558965,-0.00051722454,0.001039207028972459,0.0010489297397059344,0.00038472591242214656,0.0006622226531129064,0.000689498172635087,0.001623844,0.0012843141014970832,0.0013825822856614071,0.0053334980246565415,0.002463368617672104,0.004401788325792551,0.00617715
2023-06-19,-0.0014047764702285193,0.005757861331602681,0.005655211787116844,0.004325637650756136,0.004616086890423739,0.004796462675945724,0.008049554,0.005212718770154391,0.005116271489561019,0.004198545913788932,0.0043386567908528266,0.005181638678790881,0.007042692,0.009275841332776218,0.00916750961766667,0.0047300308282784255,0.004563652142056125,0.010984772078316905,0.010237103,9.260625593245542e-05,9.478739025543738e-05,0.0002805873684537097,0.0006461924388709622,-0.002422611252871839,-0.0026087048,0.004716947159291569,0.004543897935551127,0.0008154914988829472,0.0007597049499820132,0.006618010207921892,0.0045598396,0.008819068762959396,0.008570292681957336,0.0038243386157460844,0.0037651655789473037,0.008374467711648872,0.006830217
2023-06-20,-0.012781018115887832,-0.001516434213644204,-0.0014993958163968938,-0.0016383506611523518,0.0011597578162234154,5.208164896881982e-06,6.548425e-05,-0.0018461112014667197,-0.00181440041291488,-0.0016592572378428645,0.0012122340137799528,-9.927581427971244e-05,-0.00033445732,-0.0005534225098403048,-0.0005283590078096897,-0.0016413029335224799,0.0014157173527432352,-0.0013270384225737549,0.00017008474,0.0004899574817682675,0.0004905858563185408,0.0008560384221454047,0.0008461294430433209,0.002310763299237984,0.0012419259,0.0016736483960247094,0.0015164518158473149,0.0005310497834560357,0.0005931648990107254,-0.0018963163249318688,-0.001376639,0.000519055092726339,0.00013445802445326033,-0.0014601486756747146,0.0010967222113516723,-0.0013444736196846988,-0.0017883398
2023-06-21,-0.006827689980879903,0.00041458441108906336,0.0004426529716974061,-0.002389288203516635,-0.0008834200783609075,-0.001716391360562011,-0.0014600073,0.0002744395065320198,0.0003158719479990714,-0.0023994958135259677,-0.0007404233315172036,-0.001342702913666545,-0.0025685888,0.0016381079300460157,0.0016659479630967186,-0.0025347367936963956,-0.00100726075421945,-0.0015278498536918342,0.0019993456,0.0007640824590852552,0.000763639614497912,0.001107566455140539,0.0007566027053233555,-2.8595916927880825e-05,-0.00050937827,0.0010001409372086016,0.0008936160908814044,8.96476286567274e-05,0.0006620091793198424,-0.002263427553267513,-0.00037631462,0.0007707998926929288,0.0007049269125810644,-0.002192036470658872,-0.0005899339234000939,-0.003479061089707135,-0.0018696719
2023-06-22,0.0023135136502778764,0.0013681622068389726,0.001453326016915496,-0.0006524613665799539,-0.00031899202758256225,0.00017002013696260725,0.0027937226,0.0011816961601567738,0.0012727785905800723,-0.0006868649976530876,-0.00024291062282445463,0.0007181247227559088,0.0019518571,0.002914013258022733,0.002992145577565858,-0.0008933490703983543,-0.00034824711136291833,-0.00024917250509433786,-0.00044653783,0.0004962110644280678,0.0004968150013751424,0.0005440641742171033,0.0007224407604846841,0.00010657461483769832,-0.00064350513,0.0012147438803237634,0.0013541003133388618,0.0009699373996742383,0.0006746435188573876,0.0022286886467356394,0.0058137365,0.003154552517868597,0.0032294334746167256,-0.001118194284970054,-0.0002674028874450895,0.0005999373143042585,0.002862048
2023-06-26,0.005504881871779332,0.0075928280863703035,0.007212206864716864,0.004041804068287086,0.0041505884544293424,0.002330983278335058,0.00065059494,0.008351197135646662,0.00793805110959719,0.0038432586268408843,0.003977307545715996,0.0029013096391958485,3.815301e-05,0.0064456720193298706,0.006032806356536957,0.0038349879250220193,0.003941186690353543,0.0019150864691507056,0.000765296,0.0007820721438534462,0.0007815589995991737,-5.467335420647491e-05,0.00046127828495139416,-0.0023225011560769667,0.0011472005,-0.00024576622763368037,-0.0002055135310493969,0.0009828753119099079,0.0006467816794045247,0.0016979793457566833,0.00092847267,0.008374655986514944,0.007828533902957749,0.0047002911880792975,0.0035891936426299476,0.0019510013926723317,0.0049984762
2023-06-27,0.02638841837900774,-0.00039979022579635006,-0.00048387225043689474,0.0038455626207337095,0.0029869903173694932,0.005386448181255231,0.004405682,0.0005376420337996186,0.0004284311090287644,0.004018107980947781,0.0029532202841277377,0.004778138641109203,0.003346938,-0.004119707770068421,-0.004224551844192602,0.003119683300244551,0.002440887490235038,0.0003264100169440443,-0.001068233,0.0013422324984699258,0.001339530372759554,0.0001452608533570446,0.0005045037730812961,-0.0015834388845978448,-0.0023745056,-0.004287908323159897,-0.004095644220075588,0.0004519979410907713,0.0006642046602082885,0.006558596280635802,0.0012272284,-0.0020091790116129916,-0.002268884366726062,0.0038608965730832774,0.0028095169427312244,0.003752784902575346,0.004245416
2023-06-28,-0.016309859276032235,0.00588618106718293,0.005800119509398346,0.004805377373686619,0.004597164594179533,0.005720228402600585,0.0050633675,0.006408305519625235,0.006296790311569673,0.004672630176173532,0.0042786700999497326,0.00555476344980178,0.002925469,6.896433227670856e-05,-1.4011767611045553e-05,0.003742401134086665,0.0034059302777748207,0.0010981787786500797,-0.0024882928,0.0005453611902707417,0.0005457730595123006,-0.00028395460466860636,0.0003543708432762687,-0.0019781758495705255,-0.004744939,-0.005743120901251415,-0.005644252967782697,-0.00021902439526230627,0.0005394682115469437,-0.002844027109329458,-0.0016167458,0.004352158201696898,0.004085971843734991,0.003889660828961264,0.004103322117699512,0.004600562288385011,0.0046189376
2023-07-02,-0.02528216611686851,-0.005413449402193561,-0.00539295183073145,-0.0023388140352807855,-0.0008641675108933786,-0.0020542055838982157,-0.0026685486,-0.005412064588440057,-0.005392981002315566,-0.0024053649604455895,-0.0007171030366657847,-0.002200700125441873,-0.00391848,-0.0049943450217461135,-0.0049747015028078325,-0.002491034376574711,-0.0011402555040876713,-0.0025276779988257702,-0.0032214173,0.0007770624588162286,0.0007765688912912897,-5.837170883228422e-05,0.0006972825077155547,-0.0003211269885893845,-0.0016512533,0.0008925626132369398,0.0009080342906859879,0.0003700817154258394,0.0006622226531129064,6.127839831009325e-05,-0.00011863128,-0.0005093455026166082,-0.0007004394385820941,-0.004200715826962269,-0.0017500080816496102,-0.004084472132385992,-0.0018169358
2023-07-03,-0.010217520825277049,-0.0017646095270486151,-0.0016962968938346629,-0.0002458105683750831,-0.00034959093175443326,0.0012785584274070277,0.0025185454,-0.0018621552362971193,-0.0017944144059536017,-0.00016020566371666376,-0.0002503354683204816,0.0029178443635428705,0.0026576682,-0.004090182581276262,-0.004007431694437576,-0.0004750286832979176,-0.0006905185826608769,-0.0012506557501994362,0.00031336342,0.0005484825222543178,0.0005488821940281764,0.0005274932875418148,0.000717576295701771,0.000748091933940601,0.0012763449,-0.0008851263693440895,-0.0008652276060117308,0.0010986432316292575,0.0007381729974514195,0.003873366949538701,0.0019961046,-0.006062199256464722,-0.005539568864754188,-0.0006119799751478786,0.00016047369234461543,0.0035053799969018864,0.002668909
2023-07-04,0.006113348546958441,-0.0005003986430182706,-0.00034313626861336415,-0.0021129791061062827,-0.0003340403458514348,-0.0038949515721828417,-0.0072334874,0.0003304980005799903,0.0004835876849794629,-0.0016894467166757735,-0.0005894873249451539,-0.002214728676751928,-0.00561103,0.00022697643668695682,0.00037133927675581633,-0.0018650477049849093,-0.0009936335504083862,-0.0033273368890919908,-0.004239927,0.0007794898179116568,0.000778986764809948,0.00027786027435023003,0.0005278611377534733,-0.00046605114860554566,-0.0016941484,0.0013317350164802249,0.0013579541137020376,0.0011169615889657907,0.0006972544208904516,-0.00025327230961352196,-7.766923e-05,-0.0006401495526049717,-0.0001817008897962003,-0.0018278917571965267,-0.0002990797967803554,-0.002610745291980856,-0.0016224836
2023-07-05,-0.018975277778444877,-0.0011702613829550658,-0.0008730778579951815,0.0029409073144332303,0.001635181917523233,0.00013487011392590193,-0.0024049794,-0.0024451125422537746,-0.0021225711064006276,0.003047995781336892,0.001984078590644889,-3.354252856631446e-05,-0.0014222452,-0.002993329977755706,-0.0026741277457127625,0.003533620624743369,0.0018196535228603434,0.0006998876152537073,0.00049004913,-0.0004837891785085275,-0.0004793556196664311,0.000796137979462002,0.0007176456454154125,0.002814270218411928,0.0047474583,-0.001004536504702733,-0.000913555459637508,0.0007268969280810409,0.0006812378826628184,0.002655361190639919,-0.0022174302,-0.00273059927892634,-0.002254476295926722,0.005340662827799439,0.0021539584710741073,0.0015707829764177313,0.0009901831
2023-07-06,-2.9276718668036494e-05,-0.0038843021172493214,-0.003726755070706132,-0.0019474779475549776,-0.0019817009704988,-0.006276282045142267,-0.0069318544,-0.002600717465436026,-0.002438355632521115,-0.0021663511040786085,-0.0020872292265194077,-0.006516355935382085,-0.005546533,-0.006181416588551526,-0.006009866308101503,-0.0023516044246269436,-0.0021229708839995624,-0.00859193490150656,-0.007666153,0.0016099679664129266,0.0016062195903393465,0.0007544217094898261,0.000666449755429965,0.0012058228292230072,0.0012096586,-0.0017934562693778496,-0.0017797029496290943,0.0013404226434071832,0.0007760979232037226,0.0012266567294709706,0.0029711293,-0.006723118594450308,-0.0062916883394614105,-0.0020416695070487475,-0.0015777381658672416,-0.004122202414277501,-0.0048322203
2023-07-09,0.013753081955964142,0.003369137267389686,0.00340085292439878,0.001702571762914511,-2.0825316676405917e-06,-0.0010765124110078785,0.0014033861,0.003848508404956156,0.003879344351870899,0.0016207354528521738,0.0003819191093145219,-0.0008294978754340332,0.0008804495,0.004259205131835293,0.004301550314223453,0.0018207410889594414,0.00044936423655044704,0.0021948699560409932,0.0032975012,0.0007522575473431664,0.0007518609118677511,0.00045037725923100446,0.0007052235096724753,0.0004671309688404648,0.0030744711,0.0011132421953127128,0.0011249008211127254,0.0003450522324943471,0.0006622226531129064,6.127839831009325e-05,-0.0012318606,0.006038926875334908,0.006035480616805014,0.00018297415907190325,-0.0006113077458384969,0.002351695041615699,0.0019621283
2023-07-10,-0.0003851041754376894,0.0019290895495046674,0.0019972860935106975,0.0036237161395885633,0.002389120970520318,0.0013319652254751577,-2.365097e-05,0.002507732611797864,0.002558709511357733,0.003625498550155317,0.0024425185385434163,0.00245308172513424,-0.0013108762,9.574638427841211e-05,0.00017910659094364672,0.0035492942482195323,0.002451402388535579,0.00284663887984488,0.00133452,0.0004501366992723765,0.00045092068453971923,0.0005628051386817335,0.0006619578523815525,0.002630165179680232,0.00092516,-0.0006455195532517039,-0.0007255266809852349,-1.2156474992819166e-05,0.0006378869760140903,-0.0011189307175017117,-0.0025621161,0.0006297987483168922,0.0006074663486964609,0.0033317996611818956,0.002226924247422516,0.0012547305550556446,-0.0001410379
2023-07-11,-0.0022751383572705564,-0.0011376992478036548,-0.0012178804147915303,-0.0010367202854828141,-0.0001277213390364967,0.0006688602788082804,-0.00064894324,-0.00100565257727999,-0.0011064629999965826,-0.0010501772597235033,-0.00012018804059743345,0.0003074397070922214,-0.00038619232,-0.002593325933352754,-0.0026752090862605703,-0.0011922285873498303,-5.759076510990406e-05,-0.0014356765155329706,-0.0026208542,0.0007344016323344899,0.0007340747737836911,0.00038327031142601666,0.000714076677321391,-0.00010296298897693134,-0.00021654244,0.00030458750561679126,0.00025313564326396784,0.00026245906998538147,0.0006542943862962404,0.0006146857499761321,0.0023589404,-0.001491057339398825,-0.0017199235707023174,-0.0008487988556347331,8.342380347601517e-06,0.000828313652870046,0.0011058523
2023-07-12,0.012139849172093875,3.231860319925393e-05,0.00012623222808744064,-0.0021620383316970342,-0.0005740113914761527,-0.0007825006728543158,-0.0011772304,0.0008477772929232904,0.0009221307227608134,-0.0021729629533033205,-0.0008619294724884159,-0.0009283386336313217,-0.0017183621,-0.0012119217846025046,-0.001125304957747104,-0.002098620844033738,-0.0007119893329221341,0.0003175702900799762,-0.0012024177,0.0007572868425771921,0.0007568705537401776,-0.001039029207539903,0.0004223775591347312,-0.0023979672334464,-0.004172654,0.00015964254493634191,8.614314594467334e-06,-7.698816482837438e-05,0.0006175198035196053,-0.0010564637404754335,-0.00065897114,0.00043335979548774016,0.0002219349944284044,-0.001965553288512649,-0.0007263313937605647,-0.0008405023298327716,-0.0015225888
2023-07-13,-0.006034715431683324,0.0012659109746208882,0.0013266532728041134,0.003411199291934484,0.0024630960085535304,0.0038321999126400023,0.0040443386,0.001505767531073203,0.0015520222741608782,0.003551844078449441,0.0026087978671743665,0.004204417961904863,0.004928663,-0.00011855305556612047,-7.322338931394152e-05,0.003057414814745599,0.0027545925322956222,0.003174146556871258,0.0028464447,0.0004012136803341122,0.00040218884582395324,-6.67390646511525e-05,0.0005394559442822837,-0.0012743243179921802,-0.0030457645,0.000593951717286152,0.0003679875653027166,-3.8085090872893266e-06,0.0005134050315995186,-0.0009306142967607452,0.0023788477,0.001792226453607321,0.001523867284056389,0.0031820144221082814,0.0025612412032915656,0.002548412482135405,0.0033913287
2023-07-16,0.005815387908060465,-0.003159072985950605,-0.003108894875376352,-0.002776437342119361,-0.0012865254135876595,-0.004182432718692825,-0.0041311597,-0.0031950424495044284,-0.003146513729771973,-0.002822638670743578,-0.0011500480517457792,-0.002960952737949371,-0.0037301388,-0.0028881923621914447,-0.002843585008623327,-0.0026373217524660658,-0.0009907642598549948,-0.0031913298896393996,-0.0044628717,0.0006989433561448872,0.0006987550606116301,0.0008172363978882381,0.0007052235096724753,0.00019503805715313533,-0.0007311095,0.0009553244152250799,0.0009673742588766311,0.00033664638501092935,0.0006622226531129064,6.127839831009325e-05,-0.00032321562,-0.00039508945315659216,-0.00044692671289417376,-0.0038283510165696283,-0.0021091037741582937,-0.004305285548679887,-0.005070962
2023-07-17,0.022197197836033133,0.0019811563625258804,0.0021200091692729324,0.003474487035214355,0.0018099770411512059,0.002388285137757614,0.002750205,0.0009141163948382432,0.0010717440739168996,0.0033981609983077627,0.001996614505155808,0.0023567608945420687,0.0028453814,0.0011214359516730043,0.0012823950421586346,0.003598780385286775,0.0021713385556921855,0.0020328233969196642,0.0039886665,-2.757611059570498e-05,-2.4925330448069593e-05,0.0010681053226020958,0.0007137687737551737,0.0006837668923727353,0.0039350074,-0.0005153284334993995,-0.00033168357812914074,0.0012023623143702703,0.0007379583291590288,0.002766699522939748,0.0060882876,-0.0021649494984751615,-0.0016415572833474537,0.003461103043659559,0.0019144484613363333,0.0037524050580047003,0.006757758
2023-07-18,0.004611208595115102,0.0027559995030653796,0.0028773757158676435,0.0037719504432957595,0.0034804620961442316,0.003261981457934606,0.003247166,0.0030457290999407927,0.003171833099941978,0.0036789105083055813,0.0036264435093089032,0.002917168105488875,0.0034158651,0.0027175384013678684,0.002842840373715884,0.0037226427717125432,0.0034717116628114036,0.004710300226550854,0.0051028337,0.0008047910326532142,0.0008041891080597409,0.001155372457620638,0.000836540958798951,0.0007321509123191895,2.149598e-06,0.00019585595196996292,0.0003811587231015987,0.00108241403855809,0.0007149889837388282,0.005235544638954018,0.00064237136,0.0028288774896748957,0.0032414641089660487,0.003245137569363229,0.0030736929583127025,0.002684839626161263,0.0019965444
2023-07-19,0.005172133929114864,-0.0010186613890232788,-0.0010275243485170676,0.003377025798057627,0.0023908686312647874,0.0019795904607595,0.0014367533,-0.0010697841640732772,-0.0010786370638893239,0.0034569891666486764,0.0026237141821331906,0.0022370065587068388,0.0024983233,0.001052302866861865,0.0010348245112224278,0.0038906921296916934,0.002438745694218484,0.0026690565954262543,0.0033352356,0.0008197119485846672,0.0008190517163869318,0.0009807644961005336,0.0007304568759445062,0.0019017764136284826,0.0020534648,0.0032707795387284426,0.003195492413956411,0.0007033921941419032,0.000678101344542056,0.0015390287911836338,-0.0002186735,0.0008181398926820165,0.0011312399226080642,0.0037015486098571733,0.002215661890965426,0.004184822504914352,0.0045782486
2023-07-20,-0.000609818089840175,0.0026548114342695335,0.0026469704840862925,0.003648374256105229,0.0026962881260313275,0.003366372928065516,0.00302432,0.0032907603187688913,0.003277101919477294,0.0036054169400457233,0.002790661068981965,0.002335234093272751,0.0017701917,0.0007623551584011012,0.0007746079435945366,0.002794080038596474,0.0025303336026433415,0.0008099821811524704,0.0007131149,0.0011481426489473668,0.0011461989829850267,2.2966969904257593e-05,0.0005279037442876135,-0.000726352216693797,-0.0025517566,0.00042565487357745584,0.0002666981652862711,0.0006672653514974139,0.0006333121593954432,-0.001288359419713034,0.00045809505,0.003251412488531067,0.00288821737932712,0.003303623101767774,0.002373962128991902,0.002323405313137191,0.00418291
2023-07-23,0.028805839502399344,0.0006372390404883724,0.0006992407376983181,-0.0009211173360390993,0.0010362157113991066,0.0019299354205057936,0.002554262,0.0006685585758638795,0.0007341247283466848,-0.0009372128300604575,0.0009757777480047952,0.001801968355212672,0.0029814518,0.0009165026683822828,0.0009953323526628944,-0.000989208684248031,0.0010368408343879696,0.0019946861032321943,0.002114171,0.0007890345985936591,0.0007884942466225404,0.00016964877095555956,0.0006972825077155547,-0.0003211269885893845,-0.004461202,0.0012148308433625285,0.001225776532769157,0.0003700817154258394,0.0006622226531129064,6.127839831009325e-05,-0.0010272767,0.0011724623116987428,0.0012203127059959569,-0.0017783443563939383,0.0004488738724687634,0.001135254702489712,0.0012789165
2023-07-24,-0.012042623957561283,0.006442449226702216,0.006304603755256288,0.0042032460233991245,0.0042529313846244084,0.004055334791372533,0.0050630854,0.008355070410966569,0.00819407252596779,0.004238129013733007,0.004107034017085229,0.004814273044972138,0.005382397,0.010451749128032338,0.010301528528043355,0.004412292030276244,0.004379812629365788,0.00872068601096624,0.008228607,0.002121296404430983,0.0021155498711162273,0.0004367585489411887,0.0007176281128891789,-0.0008445155016953119,-0.0026725926,0.005890625479831,0.005612957683338748,0.0006936646767905905,0.000691525566580746,0.00245311291269904,0.00050063827,0.014042236729543656,0.0131600417617538,0.003696378254229635,0.003720653009369075,0.00809073514262982,0.0052604736
2023-07-25,-0.01658300330978868,-0.003657944534847677,-0.003722834779495519,-0.002456593419178861,-0.0008700073743445074,-0.0055418473994188425,-0.0055230353,-0.0033464978845594295,-0.0034208302416521503,-0.002436465805984039,-0.0008035997336217458,-0.005469533071270766,-0.0045290194,-0.0021226357733826686,-0.002204843444685126,-0.002364725171259677,-0.0010710992212354567,-0.004680742145265356,-0.004984042,0.0012347381559616197,0.0012324560941141143,0.0005489568232195649,0.0007258291242955317,-3.449961709272928e-05,-0.0025538856,0.0010183567184060924,0.0010830229620176826,0.0011359174130488579,0.0006742582387873961,-0.0006630227970226156,0.0011719554,-0.002593396311777332,-0.0025221333800312645,-0.00216030249644588,-0.000624160319734364,-0.0033651312025083104,-0.0050139017
2023-07-26,-0.003754190836340321,0.0006326984480686257,0.0007272995322436786,-0.0007399609827524385,-0.0007028582560342721,0.00045630343487736575,0.003345175,-4.793072233329676e-05,5.344095933681287e-05,-0.000671511919681226,-0.0005406700159936464,0.001510466407051333,0.0022208896,-0.0031816878307269754,-0.0030727015834645694,-0.0012626573950488482,-0.0009508485145764113,-0.0012480725104094836,-0.00031254665,-0.00014386023025715752,-0.0001407550377622703,-0.00027499271088694973,0.00032538997654458753,-0.0012520293041705557,-0.00041830284,-0.005785253442513961,-0.005366349134028657,4.032938984074386e-05,0.0005108308653462365,-0.0009188602219598388,-0.002490299,-0.005022150905817429,-0.0045858157719569324,-0.0011803975793866605,-0.00043092134548564353,0.0022244388016885125,0.0023290697
2023-07-27,-0.013879382581350796,0.0006154286511290243,0.000793942068599346,-0.0006211765209033632,-0.00015220425977282746,-0.005803439025929237,-0.007883697,-0.0003239855753771854,-0.0001401479783485122,-0.000399807691683685,-0.0003723156813887468,-0.004946214122756189,-0.005490929,-0.0002482007427012968,-8.724411684966806e-05,-0.00020685612166242197,-0.00020310962311315478,-0.004539392422291836,-0.0049157254,-0.0007294209539304047,-0.0007240275210147562,0.0004362136068165464,0.0004263370434846062,0.0015480600449719556,0.002146366,-0.0029886630363016617,-0.002493209676760822,3.6656064763360395e-05,0.0004707641376995712,0.00020273664866665106,0.0014850975,-0.0023441948160898064,-0.0014644170986000855,-0.0008858136507534938,-0.00029861267910409167,-0.0016848992065539004,0.00084916176
2023-07-30,-0.01236879415540848,-0.0024928312939028075,-0.0023709338875279712,-0.004789251339345345,-0.0018011944469232492,-0.008801037865554022,-0.009501121,-0.002657170867058671,-0.0025279219302911504,-0.0049481083252424,-0.0017316102435231307,-0.00765335924483458,-0.010510718,-0.0022676463663536335,-0.0021569671363638678,-0.004897404746151877,-0.002144629350993631,-0.005173489756484045,-0.008358773,0.0007293194417728091,0.0007290124432867269,0.000690100218033206,0.0007052235096724753,0.0010662781191323172,-0.00037047843,0.0007998102478764127,0.0008116348001421876,0.00033664638501092935,0.0006622226531129064,6.127839831009325e-05,-0.00032321562,0.0014557055350888878,0.0013924631923026717,-0.006054054230716803,-0.0025778659520972343,-0.007558878012583165,-0.007131232
2023-07-31,0.0027766437587732895,0.0012730265016774529,0.001294316529590171,0.0006438280316853999,-0.0009227671659570234,0.002928725363358076,0.0064432304,0.0018599080762358006,0.0018777651559931806,0.00034822753370248997,-0.000710748361622674,0.002604904659542818,0.0039863884,0.005348691357817965,0.005341114490797787,0.0006179997825518302,-0.0004954543826107049,0.0025575651642796783,0.005677698,0.0006054933119850954,0.0006056701983360073,-0.0008042974278403286,0.00048223171290710424,-0.001810917680754989,-0.006341823,0.0050481694996573675,0.004892341857186793,0.0008002641670599651,0.0006138123940315648,0.004261459016272659,0.003029641,0.0030550806599770296,0.0029870077520879655,-0.00035077509596023705,-0.0008280126717835192,0.0018501229593804488,0.004289708
2023-08-01,-0.013672125316933403,0.002161924991385709,0.002209696148717915,0.0036370910455801714,0.0008080250315081497,-0.0004720047416111318,-0.0015693319,0.001110914119687275,0.0011758110828466253,0.0036441013199098606,0.0008825706901210633,0.0006588453591003275,-0.0020835467,0.004215740945136121,0.0042557701207179355,0.004057431794150617,0.0010673084203243514,-0.00013296151925192766,0.0020752803,-0.0004670123366882627,-0.00046264433799396193,0.00028872327400742624,0.0005070012293109995,-0.0008391112504433917,-0.0015375906,0.004306288587201111,0.003943840251459504,0.0027732534094065493,0.0005797562006115426,0.005009606202268617,0.0051478054,0.005810744150186428,0.005320858087637684,0.0038276169185680175,0.0006172525516416428,0.004084494723398853,0.0060753264
2023-08-02,0.004447205258708564,-0.0023411332025284476,-0.0023075192397794403,-0.002662539115954049,-0.0021313698191779374,-0.006865858563704011,-0.007243965,-0.0027996339452410054,-0.0027535373607505396,-0.0026068154417625256,-0.0022257897053202663,-0.00614900625380642,-0.008107391,-0.006663749031294509,-0.006618391339968805,-0.0028611340295690295,-0.002442977218879494,-0.006944652335558602,-0.0070061972,0.00042666051089559345,0.0004275362358595943,0.0009407662795181877,0.000799509070553154,0.0027440391431139202,0.002960113,-0.0021207043938136563,-0.0023559568304203932,0.0011715717596688412,0.0005629409264970854,-0.0006210270561286089,0.00075717084,-0.0038894043811199806,-0.00440825181626866,-0.0024374915863944937,-0.0017057225877375813,-0.0060123476314030535,-0.0055848737
2023-08-03,0.001436547935641741,0.002870225581298162,0.0028637417877389847,0.002896271694013044,0.0008651395946550284,0.002803503156953531,0.0017145255,0.002559035675742902,0.002560574524397405,0.0029390906531113837,0.0010747673214037573,0.0039979492148088,0.002722518,-0.0035060861276633853,-0.0034821214486906067,0.002919176819816151,0.0007265014582182769,-0.005069025624810651,-0.0043242243,0.0001450411285464384,0.00014701735910774077,0.0010913885157057238,0.0007607212392458522,0.0018311839607781139,-0.00011607928,-0.00507593753321043,-0.005115019443883385,7.066155751467321e-05,0.0005024070080376415,-0.0024836431394481945,-0.003174358,-0.001042734999095428,-0.0011272014609547839,0.003162229047358665,0.0010616180662721246,0.002236862476170687,0.0009630063
2023-08-06,-0.018530898675389373,-0.0004241889443156188,-0.00037294016801470544,0.0004897750548287697,0.00021960966757862815,-0.0036672001613154907,-0.0049338625,9.555766638584431e-05,0.00014418329518015092,0.00044500783171918433,0.00024189728352632154,-0.0030844274471259576,-0.0057366374,-0.0006387836629902909,-0.0005903301416583752,0.0008151911837389926,4.12725452685034e-05,-0.001187319843560684,-0.0021910968,0.0010224230232414263,0.001020970641474888,0.00043461929060656336,0.0007140378901405869,0.0007469724451816589,-0.004114258,0.00043919345860840315,0.0004599281868158293,0.0003333042570929319,0.0006622226531129064,6.127839831009325e-05,1.8319091e-05,0.0032915863504745227,0.0032113343805526442,0.00022537059559165146,-0.00013559506039663994,-0.0030177111558714153,-0.003341283
2023-08-07,-0.001565957102526383,-0.002348576388671142,-0.00250560620727707,-0.002551282036714469,-0.002048156052827398,-0.0026170178166950186,-0.0023676804,-0.0034500488558481405,-0.0036213810705798795,-0.002613266773172795,-0.002106228137270057,-0.0030970808749110016,-0.004791886,-0.008533558064155719,-0.00867857328386902,-0.00272269884310553,-0.0023284146413616387,-0.004867933783409606,-0.0045306506,-0.000618782378488429,-0.0006138212963951372,-0.0003498825739554722,0.0003948752327867489,-0.0013590470008651295,-0.0017487541,-0.004820912502905242,-0.00477652535271344,0.00027069114355272937,0.0006436712360001172,-0.002243707066442537,-0.003415461,-0.00848755435102421,-0.008850243817848805,-0.0024278270633558948,-0.001737038679696956,-0.0019481755215269125,-0.0054716254
2023-08-08,-0.013967401014243208,0.002392258143182776,0.0022967299770994343,-0.0006030080860028969,-0.000372822907936222,-6.0732625436562126e-05,-0.00094770076,0.0028552348475878223,0.002742282233470152,-0.0005891612806619495,-0.0006849006596004831,0.0005820164350294718,0.00097006775,0.001572261434909676,0.0014693943718068637,-0.0001470954289658976,-0.0002619560734451794,0.00032301104557472314,0.001422631,0.0003277623076856296,0.0003290245047215777,0.000519691825995278,0.0005044375762145787,0.00044026332583246917,-0.0002718801,-0.000362464275940204,-0.00040753088963449283,-0.0002779777999396543,0.0005059444682161487,-0.0023712805723856904,-0.0029929536,0.002931908773060765,0.0027864169919208518,-0.0008863652191120194,-0.00042859758599354423,-0.0016365780081596618,-0.0037272302
2023-08-09,0.020124381602419028,-0.0030158396802082315,-0.002970171608754988,-0.004790671070619734,-0.0021355872338084895,-0.007522955674811941,-0.007679452,-0.0028147040665682005,-0.002765076378186643,-0.004909968122735859,-0.0023143351533551357,-0.007459267402050019,-0.008653123,-0.005234635157634216,-0.005165679403822468,-0.004676781180169688,-0.002108648076233815,-0.006703370464860315,-0.0061317375,0.0008356383759593395,0.0008349159068433777,0.000499861119651314,0.000655946181539055,0.0010633885330359075,-0.00029543755,-0.001790492021703317,-0.0017007812590262021,0.0004343316121828868,0.0006949315003018451,0.0008251074682694598,0.00088126486,-0.0036045357419705894,-0.0036433547654640282,-0.00431793833585157,-0.001931204017257794,-0.0025590276632279636,-0.00524442
2023-08-10,0.0024909389273037874,0.004753678181853413,0.00470904900176571,0.003084119485918714,0.0019417606654782516,0.004444883350838821,0.0041957274,0.005554464420282557,0.005498781384496649,0.003385241836668733,0.0020821682205859815,0.005214472517753352,0.0029552055,0.0008626817319617662,0.0008409664318565333,0.0029356212454378842,0.0017367662508311797,0.003062566249026656,0.0022195268,0.001045807379210655,0.0010442636166079758,0.00025758431746527054,0.0007160829105967534,-0.00021211689060800378,-0.0017557484,-0.0034932301845178983,-0.0033374547168465414,0.0005085544819751557,0.0006411843783958918,0.0018390163340985728,0.0021752703,0.0012264408314945833,0.0014686445601596555,0.0034703570914514335,0.002188403901377439,0.004558934036272142,0.0063659106
2023-08-13,0.007142698040144779,-0.0022158269540229984,-0.002181980076341577,0.002456830772929854,0.00036060887459006535,-0.002697384735483126,-0.0046941913,-0.002137549808420346,-0.0020975474064687757,0.0028058381632114658,0.00038837590474538283,-0.0021914309211701743,-0.004774135,-0.0017746596667030001,-0.001719568349943081,0.0034395336932274844,0.0002424059453611087,-0.0012093342270146112,-0.0031098246,0.0007651595143512766,0.0007647124608727034,2.053350801465701e-05,0.0006937589549972421,-0.0016236821831670718,-0.001789302,0.001084935050379244,0.0011054095615454858,0.0003387693922812134,0.0006556238066106137,6.127839831009325e-05,-0.00046115805,0.0008541969972543362,0.0008630182345093275,0.0038307842879803946,0.0001020307120082349,-0.0012760185143178538,-0.0015507312
2023-08-14,-0.0017411803057001407,0.003048973552809399,0.0028997183528336836,0.003700249394477356,0.0018569886001519,0.004566769519398472,0.0049280617,0.004838995379189939,0.004675372223884421,0.0038637304078501284,0.0020159323322226984,0.004215717920298398,0.0043284264,-6.440537456619535e-05,-0.0001746437495345689,0.0033675281773783883,0.0020194013799608615,0.0029593090636850926,0.00323625,0.002120120830960504,0.0021143788915241003,0.0004582106400294422,0.0006176406361735498,0.0018060838271809437,0.0003836742,-0.0028335746152348524,-0.002653243087951733,0.0002141727322214832,0.0006367298019113787,-8.885136181573859e-05,0.003270548,0.00035977067987995434,0.00042694426038579063,0.0035078377746296957,0.0020209872043431875,0.0036819002708308934,0.003806955
2023-08-15,-0.015427164218710487,-0.0010028533202554352,-0.0009349992186221197,-0.0020833843600538402,-0.0005455413728615388,-0.0016438526918866431,-0.0023877171,-0.0009284006391257916,-0.0008633100050603284,-0.0020820360050856175,-0.0006637270762548997,-0.0014794496127326826,-0.0010139165,-0.0017398185635430765,-0.001661317992822717,-0.002169398462309286,-0.0004164871607760099,-0.002755822617265574,-0.0033188337,0.0008333668892013776,0.000832653296547936,0.0010397727177087711,0.0006545530921215528,0.003504633727294506,0.004408964,-0.000974802248626899,-0.0008117733383881958,0.0010985919703018702,0.0006403815097049935,0.004841566368940539,0.007943354,-0.002325200153531064,-0.001836080537365619,-0.0019397814852844008,-0.00039360374836014904,-0.001387226716971065,-0.000120413184
2023-08-16,-0.009983967213607947,-0.001990243725774308,-0.001959478377567715,-0.0024384757425957703,-0.0018992441162295696,-0.0030818140525554487,-0.0028838231,-0.0012064967656143335,-0.0011817547658781362,-0.002484845639508515,-0.0017813668940526797,-0.0037390482875770325,-0.0046853046,-0.0037891025270789863,-0.003737048278473122,-0.002660025795500585,-0.0019025167644213764,-0.004188450001097829,-0.0031414197,0.001627864473894563,0.0016240461622700653,0.00023489692766051035,0.0005182681957631122,-0.0034864822841523114,-0.0052882647,-0.0024470438994745208,-0.0020986527009250223,0.00012891754567595593,0.0006361461255812495,-0.002025389795870542,-0.0041077174,-0.0046786579949915355,-0.0043255815180116815,-0.00221946500836039,-0.0013687175923103527,-0.003873959021882022,-0.0037969253
2023-08-17,0.003947519448821879,0.0003366607559559049,0.0004007276092560454,-0.0005337489776005608,-0.001159534589178859,0.0007141546394800087,0.0011195868,0.0002948645072224161,0.0003508609012910653,-0.0005078480959366604,-0.0011070611685404879,0.000757637341921864,7.7831755e-05,0.0005021787783843734,0.0005593828377095733,-0.000427784652976766,-0.0011105665523195333,0.00169834533723098,0.00085572706,0.0004867519252713912,0.00048739282641994204,5.4819657183404306e-05,0.0005411920825559818,-0.0030584999809848117,-0.0024820329,0.0012510023990003876,0.0012057892844364074,0.0007872991147314816,0.0006975481392595619,-0.0005031802461916385,0.0012535768,0.001483285084888126,0.001806472513041763,-0.000765822504465483,-0.0009428863199293969,0.0002772100926385265,0.00017030555
2023-08-20,-0.010834974394567709,0.001105470103111518,0.0011689863063075617,0.002718702049826983,0.0006264827960535497,-0.0014781459432631015,-0.0007953934,0.0012840308203089122,0.0013526537165990692,0.0030099500922143364,0.0008063356553336154,-0.0012811925941335063,-0.0026944382,0.0014450393759532381,0.0015106637804321772,0.0036617701706571863,0.0007337652925155682,-4.180056272733285e-05,-0.0016924478,0.0008255412840297314,0.0008248582720920786,5.284758344476403e-05,0.0006937589549972421,-0.000752442121187889,-0.002726315,0.000950264115952499,0.0009671853676264753,0.00026839919773958084,0.0006225683091281161,-0.0012354222280254248,-0.0017350991,-0.002325115812577534,-0.0021336167995957005,0.003919995961143382,0.0007200601528874904,-0.0012176270676840157,-0.0019818766
2023-08-21,-0.0064546925684654255,-0.002081891850420527,-0.002033957120574188,-0.002620593889012905,-0.0021622616377564886,-0.004476082327746282,-0.006138293,-0.001850638234743988,-0.0018098444265620926,-0.002571380513317406,-0.0020569365907030478,-0.005002834406043516,-0.006157694,-0.003132067221660692,-0.0030954272962749408,-0.0025436409528835926,-0.002093101291567914,-0.0022010448435919945,-0.0051342035,0.0008335725238828488,0.0008328581276550347,0.0003566856579765705,0.0006624719093210238,-0.0011329848453534102,-0.0016913201,0.0007101890178572636,0.0005160171582892209,0.0005484667311412811,0.0006998972599845555,-0.0008606291636421874,7.8162084e-05,0.0028301788489704886,0.0021474458484584415,-0.002327309189513402,-0.0016121484562276846,-0.00394461717526687,-0.0051848223
2023-08-22,0.008818618977201709,0.001041770824650162,0.0010449509631372993,-0.0014739965539157724,-0.0014762056343211494,0.00018242924322494627,-0.0021806718,0.0020287738679109065,0.0020168884197067126,-0.0014304966308774877,-0.0014061491623816858,-0.0011763868290956428,0.0008647818,0.00012567661153008202,0.00010808827701711346,-0.0014862120605219772,-0.0015388177174420722,-0.0017621776100650594,-0.0020835104,0.001531658645443408,0.0015282162846921076,0.0005651742090686804,0.000753710712528083,-5.7154725995008985e-05,-9.91263e-06,0.00015225077476642142,-3.266987160933032e-05,2.676045513340121e-05,0.0006995490736734099,-0.0022147122906432132,0.004083825,0.001589746411187195,0.0012521293288447256,-0.001998774255818915,-0.001241057652719375,-0.0007984109432319682,-0.0030026922
2023-08-23,0.01451238466232141,0.002485479137646184,0.0025102243061550103,0.0035706699697970355,0.0019113031819856516,0.0027927527582613174,0.0018376205,0.0028136800499945235,0.002825953404179492,0.0034406274400042114,0.0017529074451331267,0.002745115341051837,0.00018147951,0.0002843327139536851,0.00031286657317026214,0.003142793568350435,0.0016829048358794436,-0.0005355850207020267,-0.0016305852,0.0007723424374912583,0.0007718673147546203,-0.00011842654245535609,0.00043531469025475175,-0.001760917212904704,-0.0034671987,-0.0019488372586089803,-0.0017336190443370757,0.0004836189236000891,0.0005813522603207059,0.0011526072345441213,-0.0004452439,0.0008881172960720983,0.0009048531216573025,0.005075048349594336,0.0019450946435067991,0.0042496455729560565,0.002791406
2023-08-24,-0.015529777198048933,0.0017890033408608581,0.001758499454289319,0.003583824163401869,0.002442259499478546,0.003000350023321444,0.0009892031,0.0030045175800259816,0.002955849226895311,0.0035733931402136456,0.0024412983932380807,0.000278938110766431,0.00011799457,-0.0019521763711712525,-0.001980450314557555,0.0027319752841577605,0.0024329782938736317,-0.001280899165647355,-0.0018811984,0.001320675474966094,0.001318057589285043,-2.9190007185940164e-05,0.0003990477778054758,-0.0015000955466479005,-0.0049866405,-0.0038967437786262453,-0.0036861872497693403,0.0003127261362880168,0.0004987754228803397,-0.001192781404681178,-0.0005708553,-0.0014869363027570038,-0.0015159200370309517,0.0034726732877996525,0.002391012475188481,0.0011496003206163247,-0.0006245965
2023-08-27,-0.010256346597637744,-0.0025781476552818225,-0.002623751372863068,-0.0023278985985289865,-0.00230653373921291,-0.0028901277663233526,-0.003431474,-0.00257501820163001,-0.0026198155789216144,-0.0023637936091301355,-0.0021461554389765286,-0.0033227861218894116,-0.004051681,-0.002113415843250487,-0.0021668577816569205,-0.0024634064368462844,-0.0023250071008345265,-0.0028289626078741525,-0.0041338853,0.0008188961747767224,0.0008182391304406835,-2.409724377892616e-05,0.0006937589549972421,-0.000752442121187889,-0.0031692898,0.0010003471781992604,0.0010170639038848425,0.0003700817154258394,0.0006622226531129064,6.127839831009325e-05,-0.00011863128,0.00026802569872222144,7.916443764801782e-05,-0.003600427165119798,-0.0030612954265238812,-0.004293237216889621,-0.004292641
2023-08-28,0.0025552012219103304,0.0013644182046325065,0.0013144760310303356,-0.000558231898444227,-0.001198178230939327,0.00021044946329130075,0.00041739506,0.0010648595255648872,0.0010075548941361463,-0.0005332506095358715,-0.001146090901165691,0.0008558157116607289,0.00020709152,0.0007755927734720239,0.0007222731760102472,-0.0004000958550893281,-0.0009141057553576255,0.0014460452883316669,0.001271054,-0.00010091756989677274,-9.798018771982374e-05,-0.00017651908325314855,0.0002437867508013071,-0.00089112680402966,-0.0015778436,0.0004712793851714942,0.0005219547016136875,0.0006691902877919501,0.0005788179671236619,0.00023402003553304226,0.002302854,0.002545879576573756,0.002146445050070601,-0.0009576339174269156,-0.0009625921796258901,-0.0013815889319667427,0.00076475425
2023-08-29,-0.0025351350033879783,0.0006636652874370304,0.0006865061987443713,0.002741442672062281,0.00041721865823421905,0.0011279374968924624,0.0005998556,0.0010818303930512439,0.001105676183231724,0.0026204567000845365,0.0006440465996536345,0.0011045046546436926,0.00063843676,0.004037317132504537,0.0040435730545699475,0.002861016261055073,0.0007402322109503727,0.0014151310621150208,0.0026180951,0.0009544869544605527,0.0009533000516654129,0.00043171116520077823,0.0005976902228150833,0.00045903341169074234,0.004820899,0.0050296869258233,0.004889784854401047,-0.00012894492080331267,0.0005894713602798302,0.005789505621281037,0.0043006036,0.004503715633441423,0.004855449319417498,0.0029932084585684005,0.0005820468735296728,0.0010282060555068682,0.0015671926
2023-08-30,-0.0014206794039122173,-0.0008008473098724172,-0.0007980209511298112,-0.0022341454908123737,-0.0011798753466189839,-0.0023771468565397694,-0.0022562377,-0.001826653042827976,-0.0018173718171490337,-0.002221778636916459,-0.0012051387196799026,-0.00236917697187898,-0.0028553368,-0.002472657446234227,-0.0024530584165596437,-0.002193023998984674,-0.001079087983196546,-0.00258472073611172,-0.0030312813,-0.00041466401378835167,-0.0004105005806387908,0.00017441484097860478,0.00039018151218592705,-0.00043525796028422484,0.0026576845,-0.0015440454098329362,-0.001456073393438314,0.0005013875410664361,0.0005430684297140294,0.0005302292976275659,-0.0016373636,-0.001957328445733761,-0.0020431529433805403,-0.0020904850962374334,-0.0009658088088861238,-0.002329321334546267,-0.003346342
2023-09-03,-0.015088723944891136,0.0017900394722808795,0.0017312745513754356,-0.001960768932258809,-0.0007628649777029732,-0.0017570524351114023,-0.0021075667,0.0018230223505064282,0.0017652579160769221,-0.0020097093540057554,-0.0009036867572515075,-0.0005929689425817177,-0.0025690354,0.0018971741768306215,0.0018389375412904009,-0.0020434391599512113,-0.0007751567701478232,-0.0016949393992932635,-0.0023647107,0.0006877413399883498,0.0006875968194303037,0.0001916456945549205,0.0006972825077155547,-0.0005932199002767144,-0.00015143813,0.0005641838822996869,0.0005756684230746877,0.0003709673540835668,0.0006622226531129064,0.000689498172635087,0.0015635353,0.005710442314820187,0.0055180507385344385,-0.003192534721260149,-0.0016064761654932269,-0.0033378057142091537,-0.002526909
2023-09-04,0.0035890595237457745,-0.0011520079728657064,-0.0012047198054945703,-0.0024384509503307494,-0.0022700153065884827,-0.003355388961655288,-0.004372672,-0.0006115613476422189,-0.0006595522501385972,-0.0024541901572710722,-0.0021858924684883675,-0.0035162666590211984,-0.0047348347,-0.0010449599370174379,-0.001094302561353481,-0.002642366628905638,-0.002282194788108589,-0.00482023363888439,-0.005391966,0.0014424722973756774,0.0014393784569372568,0.000900231539065669,0.0007628808413288569,0.0010773051940936394,0.0008762783,4.130609863226334e-05,0.00013155378544073618,0.0009303697124148771,0.0007603781534702773,0.0018151197389523763,0.0030676369,-0.0032824856023200666,-0.003502048828720058,-0.0022005532556580174,-0.0016903046669981589,-0.002278135273518107,-0.002892647
2023-09-05,-0.003288204123288452,0.0031747379117850394,0.003105440109188096,0.003149842969852,0.0006782475442381836,0.002637784258192569,0.0023045857,0.002166436964581849,0.0021093807748216223,0.003037052952290907,0.0007402325949007539,0.0023007148870244415,0.0014258997,0.003495924481395754,0.003446786187274315,0.0036269974391470766,0.0008527705054283467,0.002724145470166569,0.0026768292,-0.00014709165497810064,-0.0001439738347977105,0.0010864737318002334,0.0006220331509500468,0.0013574741130168019,0.0011050045,0.0013030030319730124,0.0012856976890545692,0.0005184070774836025,0.0006332111482803133,-5.046784450105183e-05,0.0016155199,0.0038569099330508665,0.00383761855779972,0.00309408107401256,0.0007849197438585758,0.002207847022087346,0.0012143742
2023-09-07,-0.014854580738296264,-0.0008349768504649735,-0.0008054605923057915,-0.002916382393114948,-0.001191104768975629,-0.0027869594858807695,-0.0021729053,-0.0006591545474168611,-0.0006176416753418785,-0.0030209664461584257,-0.0013662416707442484,-0.003118089759123664,-0.0046750396,-0.006344806732300436,-0.006279235257968361,-0.003079085465042323,-0.0012939581927496632,-0.0045481167010522575,-0.0049556512,0.0010241711851575687,0.0010227119719650186,0.0009374621025882314,0.0007382096482296566,-0.0004523403620295761,-0.0020484012,-0.004215807824993768,-0.004246166905581554,-0.0008150043788421258,0.0005120716879341628,-0.0010525843773154034,-0.0019262484,-0.004310225055187713,-0.004335190077544909,-0.002748501826842704,-0.0010663931961756835,-0.005743189779541908,-0.007856317
2023-09-10,0.005279835135771904,-0.0008719430579483013,-0.0009398450907576331,-0.0024798124630852772,-0.0020759765748981167,-0.0027403388759785433,-0.0026226654,-0.0006302094340230721,-0.0006988248667252079,-0.002479078152194367,-0.0021935855697623303,-0.0032031615702228233,-0.004172633,-0.0009098099290293269,-0.0009669295580210478,-0.002582176123478067,-0.002162172665539504,-0.0023883792182355862,-0.0033015804,0.0009378816919446954,0.0009367596788037796,0.000409875510978655,0.0007096223700477107,-0.0003211269885893845,-0.0051221424,0.0006108497096676112,0.0006281769492497466,0.0003333042570929319,0.0006622226531129064,6.127839831009325e-05,-0.00026014732,0.0011098356450415384,0.0009197709335354448,-0.0037484060822682353,-0.003106444893742841,-0.004665339600607434,-0.0048349914
2023-09-11,0.022552467785105,0.002551994373895933,0.002497222239730804,0.003011110885881334,0.0010923204572371118,0.002510696555288998,0.0024705676,0.00325941752912779,0.0031908245862592687,0.0029683259077855034,0.001216570440050578,0.0026870696933791577,0.0024347177,0.004842092620287949,0.0047644264494856835,0.003632588898734303,0.0015042088208886762,0.004257133273368329,0.0059395633,0.0009932430108865618,0.0009919046580858524,0.0001877618880869358,0.0005506162038906775,-0.0008249344153361633,-0.0018519197,0.0047200709811713,0.004432258213277228,-5.317689919381142e-05,0.00046139190078571714,6.634335778535355e-05,-0.0021816043,0.005174099662240257,0.004795550899203419,0.0033352911725879645,0.0012658832286740077,0.00209441417523181,0.002142789
2023-09-12,-0.009821652022995231,0.0024323659633946632,0.002369476645766825,0.003240696767057274,0.0023821410683514963,-0.00017925793691200322,-0.00028286385,0.0033181376978403615,0.0032411693647249732,0.0033786664390582626,0.0023938996151114285,0.00039345374908078177,-0.0007350232,0.0030535282083290387,0.0029861027195194415,0.0038291654063272616,0.0028845867936906815,0.0008804907403732415,0.0004946389,0.0012565652422897563,0.0012541978850677765,0.0005281455379804118,0.0006900791294315868,0.0003868452116109292,-0.0007275152,0.0023837256416354346,0.0021859795714417366,0.00043464435853477585,0.0006222792965770224,0.0007971633040066139,0.00020265546,0.00382243965228805,0.003620259468257173,0.0031688417588632382,0.0025184688221831096,0.0014075117889704215,0.0009362098
2023-09-13,0.019871685912173476,-0.003724458589480774,-0.0037116547259377674,-0.0023278985985289865,-0.001945874578288038,-0.003235143435334763,-0.0059354967,-0.0039029921372744393,-0.0038879221415903118,-0.0023144781973428183,-0.0019093398947923124,-0.003446161170232168,-0.0049395696,-0.006964697513291171,-0.006940050244387866,-0.002393480658947761,-0.0020588457896786793,-0.006145550078247695,-0.0068341824,0.0007547392389569427,0.000754332905585422,0.0008002455711345103,0.0006550950531960445,0.0007480647171485085,0.00044013534,-0.003402042518838937,-0.003280327817666998,0.00011228272911613997,0.0006345891887101111,1.2133003206929733e-05,-0.0024515803,-0.008334034401319551,-0.008231253577088399,-0.0021576487420023587,-0.0013785185406816273,-0.0037614607983480573,-0.0044162706
2023-09-17,-0.02122452198797653,0.005560116425799712,0.00549673950808327,0.0035877495464536036,0.0025899884531310753,0.0038636513768363586,0.004295397,0.006121977912328877,0.00605059050348156,0.0036756109015285286,0.00289994565689385,0.004060584440809266,0.0041615237,0.0061794989931590275,0.006104871419483007,0.004421261939273561,0.0031171002084087107,0.005334579642765238,0.004538641,0.0008548119400314028,0.0008540145449128133,-4.107457955983388e-05,0.0006937589549972421,-0.000752442121187889,-0.0027102497,0.0009396010583581195,0.0009564953954221027,0.00020116016429497154,0.0006291671556304084,-0.0012354222280254248,-0.0016747904,0.005105125197359457,0.005041546684904648,0.004760882443220097,0.004484850944753142,0.005859379389658859,0.0057491977
2023-09-18,0.002170769696053121,-0.006258311222574719,-0.006274104102331969,-0.0024538234710039047,-0.0021494753610412946,-0.007033132745101504,-0.010820255,-0.006887798993958122,-0.006900434233558867,-0.0024186954450348026,-0.0019124940749089333,-0.006777911558522348,-0.011069176,-0.006405984578749765,-0.006425519853672844,-0.0026319767189140926,-0.002115062276993512,-0.008744213318632236,-0.0104586175,0.0007205892749539815,0.0007203163920084185,0.0005969728611884893,0.0006939354909005804,0.0008251261038500582,0.0006172805,0.0007004605009828328,0.0006613680007476053,0.0005825453997410718,0.0007257455735408988,0.0035888811823878673,0.00421464,-0.007391403386309394,-0.0074719425484249796,-0.0022060713346845353,-0.0014867892868762104,-0.00463701985094177,-0.0015742998
2023-09-19,0.008218302922915477,0.0028514407991997942,0.002860686373051282,0.0028422847802451663,0.0008605857394158895,0.002410073733380862,0.0021257445,0.0037928209103393535,0.003807503268798729,0.002930513530876896,0.0010220354324884887,0.0029157935226370095,0.0012776657,0.001528322938271185,0.0015581006446252535,0.0030076085302746043,0.0011244715656758026,0.0023905003120002497,0.0013936893,0.0014536703944635224,0.0014505327943647353,0.0011855684152746316,0.0008275374490184968,0.0010520776356482714,0.0008138691,-0.0009634716076072225,-0.0009394886680050568,0.000424637477192093,0.0007162493132743433,-0.00036212147621716897,0.00038680213,0.003911073685696786,0.0036038785780505567,0.003035051560705919,0.0007938546051341437,0.0035256229780261344,0.0043915566
2023-09-21,0.022091897431978147,0.0006198671023866979,0.0006638651989783586,0.003449152274352278,0.0020591547150540968,0.0033835952499911446,0.0009123587,0.0004136531543963617,0.00045825613690083885,0.003508962172574999,0.0023240044245234166,0.003616434593678635,0.0010930941,0.0009379617522606433,0.0009759327896332056,0.0039050153269445816,0.002463352276808566,0.004362600756281628,0.0025623322,0.0004468282193655305,0.00044762513343281796,0.0004062003415485928,0.0007096347012053262,0.00020548746963798943,0.000825968,-0.0005768825944356617,-0.00028300098592218595,0.0003720101349184925,0.0005950891106902586,0.0027840156870917354,0.0019559187,-0.001251925759963188,-0.0006554537125712999,0.0031588794654096005,0.0021097978289173007,0.004555534537235433,0.005472335
2023-09-25,-0.002939127352419746,-0.002849932629355951,-0.0028700373349247275,-0.0025632275118584935,-0.001319164792225813,-0.0022039970011447237,-0.003747318,-0.002251000120334748,-0.002272069649627297,-0.0024748096536452587,-0.0013754899104619451,-0.0029144574285963182,-0.004437905,0.004254178153491599,0.004213436152092715,-0.0021893193889238405,-0.001036783441329045,0.00047686746661130733,0.00040770625,0.001118421374044725,0.0011165938521812634,0.0008390988558286712,0.0008621013758732525,0.00037031491906335207,0.001975333,0.007563233904200645,0.007453402327871017,0.0016858445925793165,0.000730937762549703,0.0018496805391522893,0.0036287005,0.00483955157085946,0.004858099135281728,-0.0022640367920816625,-0.0009357886953686848,-0.0035260754756227955,-0.00434686
2023-09-26,0.009167359899340255,0.002048984615363098,0.0020971078125931954,-0.0011421359792296673,-0.0001957235856979928,-8.509147935788663e-06,0.00018822482,0.0008279534490743555,0.0008790799500833157,-0.001100673050868884,2.3513061282242827e-05,0.000517649973412992,0.00090246997,0.0007128616768402997,0.0007736128724645211,-0.0008732365541226154,-4.705794051632069e-05,0.000966827169365095,0.0005266246,-0.0006572248579932189,-0.000652113551282872,0.00039722506049669535,0.0006004271752693946,0.00025485089535171593,0.00091572874,-0.0005497817032123733,-0.0005573608941520433,-0.00031188272032743705,0.000329505452468116,-0.002146059858279776,-0.0027808298,0.0005062730113175305,0.0006516981165665702,-0.0010881884908617303,-0.0003288895233169404,-0.0007856894295018469,-0.002392175
2023-09-27,-0.009242196194978014,0.0017460429162458168,0.0017970900088485873,0.0037201235524289135,0.003159373914098559,0.0012872142227535195,0.00047588497,0.0013605519485715592,0.0014170456734196027,0.0037022114857787358,0.0030336384024980652,0.0019144478505939253,0.0016666495,-0.0013509547580779538,-0.001300055293098202,0.003122011301936882,0.0027665907904191656,-0.0005461454689239711,-0.001100444,0.0003650397854547899,0.0003661563104400561,0.000923524145295518,0.0008139302249711293,0.0016720331123486066,0.002729281,-0.0019150095626020735,-0.0020012570350328345,-0.00031335086586628264,0.00030197464710768985,-0.0050877293966480695,-0.0060397717,-0.0008055564519370576,-0.0008793046532204382,0.0033491654957883065,0.0030124346373368023,-0.0004285963223616857,-0.0026108737
2023-10-01,-0.0167031100666577,-0.0030477364950745023,-0.002976440996051612,-0.002349215313692705,-0.0014447000515904643,-0.004031798998746138,-0.0058621117,-0.003288416898240094,-0.00321172308556643,-0.002409033802257622,-0.0012857822142668624,-0.0045109612706125705,-0.0053896303,-0.0032265199181620643,-0.0031609455778733708,-0.002567045716813123,-0.001499834799329288,-0.005626986564960573,-0.006908771,0.0006756347707593785,0.0006755375599677606,0.0017501570816662966,0.0006972825077155547,0.0035912013056077713,0.0022516581,0.00027757562701628645,0.0002979456612400942,0.00030582272740213763,0.0006556238066106137,-0.00033737404842885857,-5.0363546e-05,-0.0006236862548282769,-0.0006968093448066582,-0.00370207744501472,-0.0023648678748870726,-0.005008422557635241,-0.0061334935
2023-10-02,0.002629587140170919,0.0003423401423945905,0.0003069110175112223,-0.0015555481768819933,-0.0014469221630590476,-0.0008525703266604388,-0.0008827225,-3.4472089763165994e-05,-6.988429555594689e-05,-0.001500756038810108,-0.001628213014133966,-0.0003704912779095631,-0.00042763134,-0.0041995064985978145,-0.004230467888131938,-0.00187680738676758,-0.001900535685867133,-0.003665887030982891,-0.004452429,0.0003346768436700104,0.0003359120202449007,0.00039399656613501417,0.0006878295274931088,6.0679881714372154e-05,0.00022949927,-0.005267034452694206,-0.0050956772125636,0.0003240007631535266,0.0006726913393347178,9.782992490801617e-06,-0.002215881,-0.006420588846965649,-0.006113801368975455,-0.001712538823791915,-0.0012864216926819416,-0.0010895732849627656,-0.0024894343
2023-10-03,-0.00893015101034944,0.002645663473740997,0.0026029633123380285,0.0026121001738415982,0.0007683372924994075,-0.0020862157351671058,-0.0032677243,0.0026869535505913283,0.0026488454431848754,0.0028355606174883287,0.0006661570859831041,-0.0015104243757890806,-0.0030508582,-0.002122321538303311,-0.0021534298314868426,0.002279677324115058,0.0005526027157511849,-0.0031072850530427646,-0.004973311,0.0006158289075055193,0.0006159654046594035,0.0010282666261214356,0.0008611228100528031,0.0014144114458151662,0.0041481024,-0.006045669220340016,-0.005780346627614826,0.0003003181180694976,0.0006425876008698754,-0.00012644953883138754,-0.0017827626,-0.001985237222468314,-0.001775260896258899,0.002926681676176599,0.0006310329234005752,-0.0003523224267401775,-0.0014916402
2023-10-04,0.004711355930864691,-0.0018310706426045674,-0.0017713438727508329,-0.00465506615415483,-0.001890277461536481,-0.005286746026886334,-0.00697474,-0.003110077949365814,-0.0030347165317761255,-0.004716733380604821,-0.001982141113991698,-0.004884937835353413,-0.006740514,0.0013250353303511167,0.0013745180971465117,-0.004141877508229653,-0.0016870471654562367,-0.0012569333153091766,-0.0029654924,-0.0003787844348911364,-0.00037476121111592914,0.0005561057008764658,0.000696783298813142,0.002272220762032035,0.00018285848,0.003324289963068533,0.0032996225827778007,0.00024171448006353143,0.0006727710523507255,-0.0014297713306884708,-0.00016277135,0.0006344329035585443,0.0008596796700459626,-0.004367826212347245,-0.001456913249708394,-0.004517383927510791,-0.004727941
2023-10-05,-0.005630745929328107,0.003398647968265214,0.0033742869410824552,0.0034464233828135704,0.001011716492514395,0.002816090696232668,0.0020042332,0.003938215219086268,0.0039085752858678945,0.0031304762069489385,0.0014136176757416322,0.0028248190667827357,0.0037542682,-0.00019400636791052717,-0.0002061107867863865,0.003182434046117417,0.0014000291048145638,0.0011910041094349315,0.0016004883,0.0006153351883078945,0.0006154736148060439,0.00037535568483626665,0.0005574295031950506,-0.0003801375410510961,-0.00045600306,-0.002991955239010862,-0.002943698253362372,0.0003633176819473942,0.00065311028360887,0.000386047163344703,-0.0003344841,0.0017398908157889971,0.0016051916332712312,0.0032656555633038937,0.0010667432758937668,0.0032548752527054177,0.002658762
2023-10-08,-0.018400997769679073,-0.0006836370916889723,-0.0006477049548104365,-0.002226715918717329,-0.0014604254539825362,-0.00354925912873927,-0.005256945,-0.00036225770789601,-0.0003246629386436989,-0.0022109395021365367,-0.0014894311638382878,-0.004040781366635469,-0.0056827236,-0.0004944089224659361,-0.0004598939357146885,-0.0022818793311656046,-0.0014634798460146984,-0.002445360301649394,-0.0034109037,0.0009571197607364404,0.000955922569522872,0.00017927542001784253,0.0007096223700477107,-0.0005667785790592164,-0.004813306,0.0006654769537264483,0.0006825603608577998,0.0003333042570929319,0.0006622226531129064,6.127839831009325e-05,-0.00072100095,0.0007311713433714172,0.0007256904630037825,-0.0037685471364059544,-0.0025841770880415133,-0.0056061790236018256,-0.006016775
2023-10-09,-0.006569385750390566,-0.001091876666155556,-0.0012222546562087678,-0.002413815467070216,-0.002026341659548128,-0.0030185882896895133,-0.0031476056,-0.0015061328050184615,-0.0016448366890335644,-0.0024279662843154663,-0.00217743064965429,-0.003022478989902134,-0.0039047403,-0.005791138725153052,-0.005909379189545263,-0.002423495733601398,-0.0021306021616192394,-0.004249214533837314,-0.003291777,-9.077809766109765e-06,-6.499316843286288e-06,0.0003890153660730927,0.0006624832514444041,0.0006234694437138779,0.0011510546,-0.0039238540297117375,-0.003874560867037422,-0.000852578949288677,0.00048732324488365823,-0.0038304359233780907,-0.004669933,-0.006357535646364321,-0.00642915239651301,-0.002224373747859396,-0.0016148176581408014,-0.004269890724079102,-0.0058868467
2023-10-10,-0.01004155084039482,0.0016283271301229408,0.0015824119956300252,-0.0006025537632112735,-0.0008035893206450473,-0.0014983332968316586,-0.0017255298,0.0021215858956653367,0.0020732889144796725,-0.0005071682166650016,-0.0010657835875435078,-0.0012889918252331869,0.0006553254,0.00033774374217127094,0.00030019172181811494,-0.0006123473518807649,-0.0010336777161166007,-0.001172094879994647,-0.0013205125,0.0007758335352727157,0.00077534477010629,0.0008249026014174334,0.0007568915619441202,0.0018082527227649082,0.0021246397,-0.0010262703669592361,-0.0009632877832377,0.00047486030153359574,0.0006077133575536243,0.0005368412261223574,-0.001715207,0.0008578470766849359,0.0009423249558825311,-0.0008541511369475301,-0.0009758211079301333,-0.00011750876562812397,0.00025159193
2023-10-11,0.002732307115560495,-0.0010634682152851143,-0.0011016459703228631,-0.0045005239992619885,-0.0018432370533493286,-0.003835256849385994,-0.0040601837,-0.0009099623717140476,-0.0009552555695366729,-0.00455450781381335,-0.0021737354669102995,-0.003835635592371181,-0.004953454,0.0018350053607536613,0.001782868047909282,-0.004271837507503144,-0.0018523458098925513,-0.0032330489092984196,-0.0032918279,0.0008074201525925442,0.0008068079539860274,0.0012743300853955124,0.0005956988172902115,0.003735089776560541,0.0035785923,0.0029758284209250607,0.002946788786010118,0.0010629476570982656,0.0006739428885161058,0.0006301513537654352,-0.0007558526,0.001707830629292118,0.0016331881551309513,-0.0034104296848149478,-0.0016238664367401376,-0.0005420657329455685,-0.003117073
2023-10-12,-0.010696878106952745,0.0016218387071854643,0.0015833361193048005,0.0034699321145003252,0.0005236189391706524,0.0032838118871071817,0.0016995221,0.002043671935463785,0.0020042260398513106,0.003588227745656265,0.0006637309096185506,0.0021060458643103676,0.0020170347,0.004652458021819429,0.004614793051532346,0.0036215470064724638,0.0005625306452612398,0.0008648284359344642,0.0017219865,0.0009358703055739495,0.0009347561524813743,0.0009539998910423926,0.00085704199377639,0.0020817675606869058,-0.00017314535,0.003801769008614891,0.0038064716017769808,0.0005875498678834397,0.0006591828277444162,-0.0019305841719377242,-0.0023386425,0.002816905993006632,0.003141085526998645,0.0042698824851323015,0.00037134497606410347,0.0026744350479621423,0.0024385343
2023-10-16,-0.012436989856792202,-0.001889993162245388,-0.0019541832741174414,-0.0030094003060881737,-0.002306134452852802,-0.00748357531450611,-0.009174257,-0.0017596502376237824,-0.0018186288307211456,-0.0029739250001197164,-0.0022279574834267093,-0.005647886034201328,-0.006884547,0.0006719618459655051,0.0006068320285386518,-0.0027924594546162767,-0.0021554691261439236,-0.007411591023414058,-0.006524855,0.000786729976804094,0.0007861986307797851,0.0016009624609589887,0.0009471688594510791,0.0025771027018510677,0.0037094743,0.0034851046493893645,0.003413156841381188,0.0006981334809228139,0.0006501087083587266,-0.000957021523596585,-0.002683286,0.002572780707299026,0.0024472903184797465,-0.0024348500720677976,-0.0017054176823778125,-0.003953418444038598,-0.005065454
2023-10-17,0.007098965510582644,-0.00026472058801872396,-0.0002923648533062448,-0.0014899725285276446,-0.0016686375170360684,0.0002183587016990527,-0.00039465338,0.0006328348739971413,0.0005997176553951357,-0.0014951659632240408,-0.001658458508249347,-0.0007593022229416773,0.00010544687,0.0027186364479877493,0.002695253563077639,-0.0015633823938791436,-0.001603059885919588,-0.001103331618011988,-0.0005953132,0.0012323687873053496,0.0012300959844209383,0.001291355885868115,0.0006540923248853552,0.0050086936398254,0.0032715378,0.004739965378321017,0.004548650205120719,9.50761213267045e-05,0.0005973054921543738,0.0008694629155956582,0.0020514554,0.003601184625733525,0.003215231141935057,-0.00141536363997743,-0.0013110808453820177,-0.001162695994882824,-0.00043280402
2023-10-18,0.02294064038850241,0.0014408434910673311,0.0014803637943632127,0.003027297728807576,0.001459615119512138,0.0025969513528004196,0.0020651123,0.0010154204608023192,0.0010525826963868768,0.0030000098204023672,0.001633322356939877,0.0020122432750354475,0.00040313383,4.564903038165383e-05,9.452700562621885e-05,0.0029975210802926267,0.0013674632591139488,0.0005151552721621805,0.000117908494,0.00013232413486023655,0.00013435006059030695,-0.0008877039836637065,0.0003820689580283277,-0.0025480502763786353,-0.0069154743,1.0197289605446812e-05,-0.00014375288623854504,0.0003069758918806289,0.0005961938326406307,-0.0015069415958118258,-0.00036335376,0.0009166967785717311,0.00062189778812172,0.0034468777437856378,0.0015778408383972993,0.0021115428350449595,0.002998053
2023-10-19,-0.0021250201478348885,0.0010605056746468148,0.0011441067503229715,0.0034123545967565875,0.0028351280698042584,0.0026146549158614953,0.0025837782,-0.00013651058220582224,-4.565699082732962e-05,0.003322120843151274,0.00219615034790112,0.002424418581694965,0.0015255428,-0.003326213459799581,-0.0032037342434261163,0.00316957423738013,0.00263296626244684,0.001085461386558697,0.00021168291,-0.0006134233603789702,-0.0006084832201305765,-0.0005489297527250599,0.00029456868708641857,-0.0002820267269376727,-0.0036795668,-0.0028183149074739702,-0.002880581198714316,0.00033163075329690545,0.0005926294275138296,-0.0023287276864245175,-0.0053991936,-0.0010617464759640227,-0.0014442199933321835,0.003192037693631108,0.0024065241718681887,0.0028083257891847483,0.00049504254
2023-10-29,-0.01491763321067019,-0.00383257176027644,-0.0037334144338993,-0.0020983650867365863,-0.0008839982300625457,-0.0019135272800391682,-0.003872009,-0.0038075379462564982,-0.0037043333398324224,-0.002119947334640984,-0.0009444039316409215,-0.0021954173581395483,-0.0034873544,-0.004877352879061172,-0.00476514666627246,-0.0022426804468458207,-0.0008782070182556681,-0.0028831604757644986,-0.004520548,0.0007504428947803516,0.0007500533505615316,0.0004186647211390018,0.000704161247188056,-0.0005932199002767144,-0.0011073473,-0.000738798444979257,-0.0007079195296678052,0.00028700661843800385,0.0006556238066106137,-0.00033737404842885857,-0.0007220652,-0.002810153173466001,-0.00277652283335128,-0.003350143900112827,-0.001621102871982999,-0.0040880855066258315,-0.004083842
2023-10-30,0.0016247822770800724,-0.0024127791382552357,-0.0023370496800378723,-0.002633666821746699,-0.0022079648606588443,-0.0033865157811087446,-0.0037708795,-0.002985565073848629,-0.0028950657018282583,-0.002642660139841843,-0.0021114711790305146,-0.004154593271157451,-0.0040629697,-0.001643077049862763,-0.0015534833661005258,-0.0027857937771152644,-0.0019671600695653226,-0.002741611002214597,-0.0013551895,0.00013836429446348135,0.00014036661659994466,0.0005253246182510666,0.000725146117002252,0.00011434009329420075,0.00031903246,-0.00015891207686959835,0.00012649358219182793,0.0003887916619448931,0.0006886569136401112,0.0021177665276152753,0.0035352474,-0.0015310346478952562,-0.0007166192339683419,-0.0023833943265708767,-0.001606940997633621,-0.004114546820453111,-0.004856151
2023-10-31,-0.007640762774666854,0.00030749556780166785,0.00039899107983292924,0.0016195827597528822,0.0004811463915943866,7.257783855908395e-05,-0.00032234634,-0.001937486647918196,-0.0018402681983239032,0.0016278234747766102,0.0005840094049657559,0.00021051539420184075,0.0008685161,0.00019663138677886524,0.00028616544825236216,0.0015701562037214111,0.0006943447120739181,0.00035529568831072725,-0.0009068457,-0.0018091520455523755,-0.00179953926487736,-0.00039425578486426645,0.00019947343285332014,0.0005214637228455312,-0.0009655037,-0.0010781524899423616,-0.0009013333382447214,0.0001280689603580074,0.0006533620790746954,-0.0013953821901856436,-0.0009214082,-0.0010594869627116622,-0.0008626490369375255,0.0019695689658478645,0.0007707100064918096,-0.00026218490500375016,0.00022464588
2023-11-01,-0.0031372911823188687,-0.0034646683425559807,-0.003378490978896073,-0.003716827839775539,-0.0022019476455101715,-0.005830667796505651,-0.0073719886,-0.0038200635353901344,-0.0037244154683271488,-0.00356338004743402,-0.0019357459609920795,-0.006433215694320512,-0.0064252834,-0.0017133244328590021,-0.0016287336900013822,-0.0033151183793415657,-0.0016789449432331957,-0.003772535031247887,-0.0056139054,0.0003413389046319947,0.00034254804736177826,0.0004470038038274931,0.0007583504672435296,0.0007826728767339064,0.00042097238,0.002464277921289072,0.002468826221568349,-0.0003313025950206714,0.0005216081628683457,-0.002513562184314462,-0.0015984261,0.0006203542142223518,0.0006133255893905874,-0.0030757419043581243,-0.0013827582767472987,-0.0032819462975522307,-0.00652395
2023-11-02,-0.005860371955160204,0.0008762438454582711,0.0008614057414749273,-0.002233302378801381,-0.0011494359394066552,-0.001993052992358267,-0.0033654328,0.001443180563614439,0.001424086150249095,-0.0022702193208142514,-0.0012437124913683964,-0.002722391683915749,-0.0021496948,0.002055836007523472,0.002034472915253939,-0.00236475701804405,-0.0011122879512241157,-0.002307805922338412,-0.0028630593,0.0007570728634272066,0.0007566574107728778,0.0007877842712504088,0.0005473137930893637,9.843284651715213e-05,-0.0002028042,0.002363375074736737,0.002175063719779786,5.5406882752315437e-05,0.0005319292283320336,-0.0011486885007652222,0.00075892615,0.0039051436408730914,0.003873031458465234,-0.002122632178482756,-0.0009369178536634325,-0.003821486170749766,-0.0034416988
2023-11-05,-0.011687889759313563,-0.0005643394612147243,-0.0005707623986882478,-0.002601801987705118,-0.0017577575430490178,-0.003038993948650804,-0.0046514366,-0.0006873806057800329,-0.0006967114873206205,-0.0026402595092393766,-0.0016623434143839032,-0.0035189121919611626,-0.004500177,0.0006467652277816405,0.0006222763927689729,-0.0027310348917415493,-0.0017205798351794767,-0.004980071225440482,-0.0058322647,0.0005364879032597732,0.0005369344473235664,0.0008954731402539612,0.000724562575331873,0.00239626582022335,0.0033123347,0.0012505766486427738,0.0012580099745443324,0.0003974493825614371,0.0006622226531129064,0.000689498172635087,0.001488131,0.0016113338741139242,0.0015620488782951648,-0.003935050231499729,-0.0027577088412685676,-0.00613664273003361,-0.007143754
2023-11-06,0.011601291865753538,-0.0010407337449261568,-0.0010582034920447857,-0.002554889104386964,-0.002065426149254619,-0.0034015410850586417,-0.004917203,-0.002204441888172148,-0.0022182162902914058,-0.002575767944341471,-0.0020104671639878907,-0.004160231783893527,-0.004186178,-0.001703837164092518,-0.0017121098656658704,-0.0025483451178827275,-0.0020129248982503328,-0.002299217560043535,-0.003934735,-0.0005591762602172512,-0.0005544481055107192,-0.001161754541916494,0.00011923126277333617,-0.004404162155844848,-0.0042613135,-0.0010876259167474115,-0.0009114779848835103,0.0007964082235036367,0.0004907817419730356,0.003255665211935823,0.010168689,-0.0005703554915028115,-0.0002679022276166075,-0.002453350855540759,-0.001560641403671358,-0.0025431081003729383,-0.0017290578
2023-11-07,0.006054574251995959,0.00346976663315732,0.0034512595304724823,0.0036029728409217444,0.0023792177439460223,0.003964076643058843,0.0037175834,0.0027384674923720646,0.00273140048492014,0.0034553972897820224,0.001924669839213087,0.005563694690313386,0.0039284476,0.0011950890953650812,0.0012060405313775076,0.003238379507346771,0.0018351706034714164,0.0038227975394344938,0.0038935626,-0.0002204913694122592,-0.00021708671955451733,-0.0006754261529469386,0.00044940811234493776,0.0022729101834898006,0.0010187012,-0.0014302383843388953,-0.0013488441829276913,0.0015691058059013657,0.0006592336461231705,0.002762837086462843,-0.00072067935,0.004034258690994293,0.004200221397583314,0.0034701179214745668,0.002098043945740956,0.007843205894157648,0.005372891
2023-11-08,0.002782928166720211,-0.0006107395816170075,-0.0005758959682892785,0.0035441367449118677,0.0014975973651202034,0.0013781855377442036,0.0011675239,-0.0019185259342658209,-0.0018731595088758483,0.00331045362900745,0.001752433228122386,0.0006771295216183924,0.00060697424,-0.00445695487187321,-0.004404310598382271,0.003600001980713029,0.002088854593551279,0.000425771471414878,0.00031614534,-0.0008392977751370105,-0.0008334749681642869,-0.0005015200117270768,0.00031957719349460476,-0.0012879006288278958,0.0009990751,-0.002790544531959554,-0.0027798383521694995,0.00043796834463765116,0.0005243198414957356,0.0010548139959060715,0.004482557,-0.003114258700713996,-0.0030163679917184225,0.003216265840909082,0.001483530200330892,0.0034439447173300916,0.005175001
2023-11-09,-0.006383195068806025,0.00018838689979622507,0.00020438389345299614,0.0033436238212658526,0.0007231399507356248,0.0023575067457281716,0.0015337901,0.0005270928809962655,0.000547235466211227,0.0031584845370665232,0.0007826918534737203,0.001547502367653928,0.0029576176,0.0070081160613099155,0.006986557360630396,0.0032734733725460923,0.0006471598106999921,0.0024212615025684756,0.0015184849,0.0007859649165768695,0.0007854365602369195,0.0001956777183178361,0.0005889738330416866,-5.802503152930695e-05,-6.697268e-06,0.007715009065989107,0.007405566868725524,0.00012997363117192004,0.0006035364384549463,-0.0007918820297629667,0.0005639672,0.008579397614446385,0.008356487294396645,0.0027163092764063246,0.0008577200841048324,0.0027139405948875452,0.00048416923
2023-11-20,0.0007556213185662131,-0.0013237993204531116,-0.0012891788406041611,-0.002323885131420536,-0.0015547583940027168,-0.003201852642428906,-0.003366315,-0.00020111555048293699,-0.00017062821692792032,-0.002358060685658075,-0.0015056634618364163,-0.0031285002042523735,-0.0017420412,0.0024283344638231464,0.0024300045772806416,-0.0022969568830288668,-0.0014374882075394954,-0.002730156224760058,-0.0016382728,0.001677214887661255,0.0016732037256507934,0.0019500507180086296,0.000884069519213382,0.004210106010269968,0.0046755876,0.00546402326074825,0.005205802883045211,-0.00014546776115019553,0.0006368579517957776,0.0013983894843616787,-0.0029121817,0.0027164220807597435,0.00271122361983058,-0.0021451664997274773,-0.0011613018626893924,-0.0019386694969495196,-0.0008641728
2023-11-21,-0.01294026142307736,0.0011572875623828667,0.0011332268935753992,4.732560481804805e-05,0.0003905953808873601,0.0004811196810381348,0.0007174216,0.0014457526685413952,0.001411059872446234,-2.1491405655343034e-05,0.00024240865331987465,0.0005809679129933878,0.000866169,0.003681005723162542,0.0036390930392620367,-0.0002562643249949464,0.0002294392064737427,-0.0013330090334891787,-0.001872439,0.0006813692831807652,0.0006812496631964109,-4.0992790087302945e-05,0.000441871359060478,-0.0006095429543173696,-0.0018273029,0.004538896373618269,0.004290361525629983,0.0004838936674157723,0.0006502198966714688,-0.0015681763789526658,-0.0012395866,0.004777977776706748,0.0044961648222460165,-1.1342043197518324e-05,0.0003652246347053943,0.000392350557690255,-0.0005698862
2023-11-22,0.011239309830271438,-0.0022688438316615257,-0.0022713291281433617,-0.0023881149375089513,-0.0021359373572996296,-0.003532871553660221,-0.003679213,-0.0036276139781246195,-0.003621957227081153,-0.0024050297595269374,-0.0020732916539737524,-0.0038007922370346505,-0.0037027874,-0.00024397381107920594,-0.0002559576471691991,-0.002100815700751211,-0.001917791278165709,-0.002817570982571344,-0.0023788596,-0.0004184580105495127,-0.0004142797513086603,0.00037343120242714414,0.0004081536287002961,7.0084491034431e-05,0.00085739803,0.003594272527946393,0.0033367721215720307,0.0003697422913007314,0.0006771253345074533,0.0016979997129664465,0.0033234218,0.0009152840611300186,0.0006610131173638599,-0.0022050681720719827,-0.001664317074682954,-0.003347473806130996,-0.0031464107
2023-11-23,0.0053200072651495844,0.0039054644237863307,0.0038342984735660725,0.0035263207046998825,0.0023122880618867622,0.004496592744171897,0.0043962747,0.004892049256815258,0.004807259339258207,0.003579526275775549,0.0022002053874945,0.004502272451141676,0.00658133,0.003884946900082612,0.0038034186918817826,0.003974288283449299,0.00234790933619442,0.00633450007434506,0.0059342384,0.0012554792481507307,0.0012531161347510973,0.0007010830053559906,0.0007580751622940022,0.0007328486397259798,0.00091874145,0.00015068236702152707,0.00012358491178399752,0.00042425208290382634,0.0006445733511715564,0.0003012065012273794,-0.0021259282,0.004850458142789596,0.00464931885135351,0.003375541564448706,0.002157841565740118,0.004092524831071009,0.004013258
2023-11-26,0.025345358405762575,-0.00030319004159993883,-0.0003328544558701715,0.003213789700751193,0.0013357380511047061,0.000693549732296652,-0.00063845416,-0.0002225349791702356,-0.00025161189544213624,0.0033341442048509724,0.001697911471654239,0.00040276048897009504,-0.0010584575,0.00018234349219577476,0.00015277043480625392,0.003897368681428071,0.001755470501111097,0.0007468476295681699,-0.00069281773,0.0008054162703191939,0.0008048119024366818,0.00040370592728307934,0.0006972825077155547,-0.0003211269885893845,-0.004461202,0.0010307187728751316,0.001043095498845182,0.0003492491200077047,0.0006622226531129064,6.127839831009325e-05,-0.0010272767,0.001332735821674729,0.001282978057833104,0.004155821822736404,0.0012865315796319568,0.00035281190445769756,-0.0014768227
2023-11-27,-0.005929650294162592,0.004745843134779702,0.004620410228654428,0.0036072568790239622,0.0033301727291608664,0.0032164531150371822,0.0021900262,0.004680965285459152,0.004548048349494951,0.003654850316110933,0.003309506100045136,0.003807690249404376,0.002956003,0.005374413702925359,0.005248064901710033,0.0039121958692707815,0.0036484658954640077,0.005754965334684822,0.0042128614,0.0004106674056287599,0.0004116056280732923,0.0007486322462586813,0.0006997616777330909,0.00023845025130804585,0.0002755354,0.0010881796974781198,0.001163940818691948,0.00042506806348306425,0.000672743422751428,0.0011891418379777405,0.0016324945,0.004595135189726992,0.004690477465302624,0.003487730873066661,0.0029691416949363136,0.0025502290393574593,0.0025353602
2023-11-28,-0.001128930273941009,-0.0029590406617892783,-0.0029323321600038194,-0.0021479142896044263,-0.0006594351231342674,-0.0013372786016655907,-0.0033685977,-0.002258003890058817,-0.002232649293835544,-0.002145047408629158,-0.0006416994851824802,-0.0015661828471945347,-0.00209298,-0.004520618408703425,-0.004480398608369655,-0.0022291970522268644,-0.0005956008812429704,-0.0031895344330173324,-0.003823788,0.0014382304192879438,0.0014351531551609286,0.0004170790553376754,0.0007491169971936456,-0.0006607993454187148,-0.0012583858,-0.0013319661901323148,-0.0012230591432129284,0.0005606882728002951,0.000748474230720204,0.0013172328922023725,0.0015762333,-0.0040301901172468575,-0.0040030034231505465,-0.0020033627380128217,-0.00028533291964882206,-0.0018338682225531007,-0.0024377115
2023-11-29,-0.00950915779007655,0.001326254779480598,0.0013722791811304014,-0.0013919842923399172,0.0005253418357012677,0.0004004547065761926,-0.00027538757,0.0017766005404564965,0.001815805134492671,-0.0014080201083101216,0.0003741788998878006,0.00014142016402745095,-0.0008252639,0.003557303918645718,0.003606262391274562,-0.0013719443408079749,0.0006723682964354064,0.0015883383799657545,0.0013810132,0.0009708836869421957,0.0009696327093815982,0.0004628389868743086,0.00048112612007500545,-0.0014482604470762396,0.001438539,0.003467855944126854,0.0034388509935116473,0.0008309966861908476,0.0007244448689512606,0.005358532265064993,0.004250708,0.00442618220211565,0.00451689783441945,-0.001318948476060964,0.00036744239765156114,0.0016489814264930422,0.0021701253
2023-11-30,-0.00967577619888349,-0.00208676797765345,-0.0019932222269670114,-0.0023119756692021,-0.0012874038373402075,-0.002994452184959753,-0.003191208,-0.002541897040443279,-0.0024524291473533967,-0.0022918480560072787,-0.0012536320336162038,-0.0037359500915754066,-0.0025641376,-0.002499768244291143,-0.0024118221222564594,-0.002298586323691952,-0.001383038001681992,-0.0030265085514196693,-0.003012215,0.0002690977723881667,0.00027058921731507913,0.0010927939880664129,0.0005994956556906562,-8.593520840497314e-05,-0.0019863537,0.0005311106390501236,0.00042855005913139486,0.00027684346464743504,0.0007130159710770653,-0.001993593371734749,-0.00232002,-0.001757529456628376,-0.0016940640290410529,-0.00215526288694148,-0.0009779532856371163,-0.003355229188688604,-0.004749425
2023-12-03,-0.003935569644556658,-0.0008642991214699292,-0.0008661666394310669,-0.0013308885304777562,-0.0015211127546546329,-0.0009129537841868384,-0.0018502645,-0.000889210044896706,-0.0008918506824244032,-0.0013962838774210585,-0.0015258410513324693,-0.0008063699741247963,-0.0010185058,5.879243043082597e-06,-8.702158991732295e-06,-0.0014844079262710513,-0.0016184214584971902,-0.0012459101659984882,-0.0024140754,0.0007565022623008496,0.0007560890394281789,0.0001953302399682038,0.0006972825077155547,-0.0011923670505685669,-0.0050320704,0.0013873347762330698,0.0014003774289072257,0.0003700817154258394,0.0006622226531129064,6.127839831009325e-05,-0.0010272767,0.0023765398845753253,0.0022205223586452046,-0.003117732937100722,-0.0027252745888095803,-0.002835396430255994,-0.003716749
2023-12-04,-0.0018491289494004803,0.0009561858526276191,0.0009872421532470936,-0.0012340678643006115,-0.0009467613088088672,-0.001518604149507743,-0.0033528388,0.0010135001050581248,0.0010361881332476976,-0.0011255490409030164,-0.0010087537983187477,-0.0011974565037558811,-0.0020273603,0.0005291332716080066,0.0005392546336894115,-0.0010682108609036075,-0.0009784278721381658,-0.0011758164249857596,-0.001336796,0.0006481054634565153,0.0006481158310443562,9.82187752826584e-05,0.0005941443738898728,-0.00040471605504314084,-0.0005800049,-0.0004262498930729925,-0.00038930399256924665,-1.5642905268906766e-05,0.0006205971571971166,-0.0024199648795546354,-0.0048880107,0.0001370262337945995,0.00034788576385002363,-0.001435891716954581,-0.0009022053020924874,-0.0033080232977111437,-0.0035087208
2023-12-05,-0.005480922791946341,0.0004117444214935741,0.0003980456397025733,-0.002191520292364818,-0.0007378161646757595,-0.0026890564728350385,-0.0038324667,0.0015138235075401406,0.001492749538972553,-0.0021772383561267927,-0.000892183955668447,-0.003002291639895898,-0.002943163,-0.0011811228461672942,-0.0011998957456996126,-0.002375991353223363,-0.0007817369263101195,-0.004331346618763042,-0.004838332,0.0017829925829395668,0.0017785680653398994,0.0007506912012072565,0.0007511902357185893,-0.00019688475662516303,-0.00049931166,-0.0009896455846389843,-0.0010624116540349764,0.0008382051917697627,0.0007873909553330391,0.0017650100747340582,0.00025426687,-0.0007475551968616469,-0.0007489246171989622,-0.002103438584264239,-0.000621899950094142,-0.0015522079455719542,-0.0019375265
2023-12-06,0.0018103980479882154,0.0007138296235936357,0.0006531706954856463,-0.002147737498310558,-0.0012815791986733507,-0.002178725311727932,-0.002424547,0.0014222740299128125,0.0013433602391554784,-0.0021094169109208936,-0.001345351817868342,-0.0017896193806264742,0.00015299114,0.0016893878197268468,0.001608961348042521,-0.0020460739753532507,-0.0013393680236243,-0.0028687281405585957,-0.0022498309,0.0011471974791664105,0.0011452575067163093,1.158809444076189e-05,0.0004350232259232245,-0.0005926818645016985,5.33821e-06,0.0024399193750937,0.0022742828946999485,0.0004474204611985847,0.0007581093012980168,-0.0029548778977349574,-0.0017053931,0.003369842587178837,0.0030107457368885805,-0.0019825217692712276,-0.0010545078062544214,-0.0026803251108295048,-0.0010774656
2023-12-07,0.006351187218593957,0.0015889877990318633,0.0015915695278393375,0.0016776838130032445,0.00040879411865063703,0.0007838822303017515,0.0009155927,0.0024603702779965033,0.0024549238609873816,0.0016712354604203673,0.0004360109504789639,0.0007666554046486507,0.0012819361,0.0034512046930011515,0.0034380811020858918,0.0015319251750389063,0.00020934487867432225,-0.0005117826949705776,0.00054812606,0.0015186528911012719,0.0015152613539308308,0.00029673230333037445,0.000617410561621325,0.0008497097975855855,0.0037761766,0.0020779038228879174,0.0020696517679732545,0.000997206543897574,0.0007076944605461577,0.003957362889172347,0.005213702,0.003497561541723947,0.0037109596121300634,0.0015890451997776778,0.0003900667965185485,5.6476453859962165e-05,0.003287186
2023-12-10,0.05829121002542781,0.002251763476866447,0.002056833467657413,0.0037853806321840842,0.0016383030099049564,0.004578745668671976,0.0037591544,0.0025128901290022566,0.0023036751577455838,0.003900281647904501,0.0018457028776732451,0.004599051890364574,0.0038620622,0.003057523962382699,0.0028478719777508556,0.004415491825696859,0.001959671640071768,0.00543740214819135,0.0048911544,0.0007704377101984782,0.0007699700307103419,-7.949586301314768e-05,0.0006972825077155547,-0.000752442121187889,0.00020008281,0.0012673400058452189,0.0012802613768064597,0.0003700817154258394,0.0006622226531129064,6.127839831009325e-05,0.00015983514,0.0035360663756051885,0.0032342225809928815,0.00490398570110255,0.0017155273634178003,0.007046076151231267,0.006775398
2023-12-11,-0.007877256359130946,0.00681896499458154,0.00698758282772069,0.00038033614228429643,0.000990957776680167,-0.009048145267597901,-0.0042829085,0.007478680546219516,0.0076463791969919774,0.0019506446269192848,0.002754632502674263,-0.0014179630630269155,0.0023773,0.007528901462385244,0.007684487370858162,0.0038265024434264838,0.002963051104264638,-0.00037799724191072163,0.0010110983,0.0010496840947433962,0.0010481251828029568,0.0006523564228315703,0.0007603020015885338,0.001204611558110456,0.0015637655,0.0016129525836832159,0.0015722026343811296,0.0008200270419639443,0.0006641633336483252,0.0009392947083424499,0.0018228438,0.007807809957888614,0.00802723075873964,0.004381884627859199,0.0022965459181594023,0.00047119645376540996,0.0039542275
2023-12-12,0.01874478182226813,-0.006175520603623894,-0.006489605977277005,-0.0038725576154315638,-0.003752738915443419,-0.011245201556010198,-0.01633337,-0.006471844869928663,-0.006805425760103447,-0.003681278978692,-0.004820819186112704,-0.008259044249795284,-0.010715102,-0.006226508810739333,-0.006555968605032076,-0.003387435362012642,-0.0031155638384987045,-0.008769711753546603,-0.0065175937,0.0004067032379485671,0.0004076569514743039,0.00046111560392392276,0.0005931016710925865,0.00023971108143181201,0.00373522,0.0006696436689412968,0.0006073342387627309,8.364487188308095e-05,0.0005850905866925604,-0.0027699557396565363,-0.0042560142,-0.00620760737105114,-0.0067385251535784065,-0.0031567668527058817,-0.003541978443254197,-0.00994908242683475,-0.014989332
2023-12-13,0.001308676712136858,0.0072970574736396275,0.0070143114667159615,0.011138895630159781,0.005073863490663994,0.002464961582704976,0.003122221,0.00809887858101761,0.007802863177911371,0.010743617309448833,0.004804854201683193,0.0039878106203341665,0.0042901374,0.007329133592913827,0.00704320265938462,0.010996692089474801,0.005376732243032773,0.0037886290840731234,0.0052455557,0.0012639721760976741,0.0012615758742340018,0.0007161022563018837,0.0007608014600735768,-0.000989734141016373,-0.0015496624,0.0003084022546120621,0.00029705946600501264,0.0005876804112044539,0.0006729844118236971,-0.001324203623203335,-0.0027402139,0.009521578445786985,0.008965397182220952,0.010094806116063242,0.004989618825788424,0.004267352449402169,0.0035234815
2023-12-14,0.003294300229320868,-0.0027902992857604877,-0.0027522464228438214,0.0008229245133429032,0.0015148698365282055,-0.002980002572913361,-0.0037559245,-0.001988712752035119,-0.0019613825809433045,0.0008125580360094254,0.001587085608427386,-0.0025080701459683544,-0.0019725484,-9.199486398343902e-05,-7.55534519896663e-05,0.0010456731729189552,0.0014887500991154926,-0.000907273645628292,-0.0009041025,0.0010487753672473856,0.0010472200064108755,0.00055407900481004,0.0006112097491100793,5.775462034626052e-05,-0.00066613324,0.0016654696384408164,0.0018401793109470038,3.820329303876328e-05,0.000576684151045193,-0.002122819096781354,0.004226487,0.0003934405814287824,0.0005883592624804632,0.0008671723505242172,0.0015112003829590476,-0.001018488894928152,0.0031335577
2023-12-17,0.013816672577884326,0.00040884026950040045,0.00043302770419272377,0.005046926814776076,0.002487807375819079,0.002219156898569227,0.0018753671,0.00028189985891362713,0.0003084770317650934,0.005196044188202692,0.0025438658041110718,0.004474689862480094,0.0040890295,0.0010280645090524048,0.0010590162674704385,0.005525598006520537,0.0028401124579407163,0.005309202037212885,0.0067294673,0.0007067732164856618,0.0007065543236083612,0.00030444274580443165,0.0006946103612168378,0.00012717725909145095,0.00096257054,0.0015554228571086671,0.0015672067677541808,0.0003694483082724414,0.0006622226531129064,6.127839831009325e-05,-6.7728695e-05,0.004842369875703302,0.004661245174426329,0.0056923504528007185,0.0027910303712135446,0.005752067693915577,0.0062955157
2023-12-18,0.0186836170304705,0.004074128560620925,0.003970219069847044,0.0045948770419693375,0.004474890460585202,0.00805136757816553,0.0071759806,0.0031407752328515203,0.0030286347710474686,0.00447354329759696,0.004077352299301043,0.006285211831362529,0.007191119,0.0039057497761337823,0.003788397284905591,0.004147326622176486,0.0040436952080018275,0.005061354723593695,0.005645819,-0.000376153044532098,-0.00037214010364223084,2.719922899782589e-05,0.0003996952310976811,0.0006166095233700974,-0.0012180799,0.0009027556408870967,0.0008905920847596474,0.0007715629044220386,0.0004747517406769463,0.0023514177178358205,0.004671572,0.005290978309874182,0.00496629998471148,0.004656226984290824,0.003301738512545913,0.0024444705332849247,0.004066734
2023-12-19,0.022074489375849993,0.004797542104586335,0.0044838782082287,0.004995833911865961,0.004808208674017982,0.006720852858672965,0.009528579,0.006243477583417331,0.005905646527548252,0.00494204430935372,0.004223943521115957,0.007348571568600834,0.010844306,0.005368623077644789,0.0050481891353624415,0.004435107763517223,0.004490941160337428,0.00619623975313251,0.007943642,0.0015279907249058757,0.0015245626975681588,0.0006775130393804534,0.0007303819692620249,0.0014727378177704148,0.0011673464,0.0014931389774616834,0.0014252049668351985,0.0009826132592924569,0.0004531632613232986,-6.400044065659705e-05,0.0042721382,0.007682440824915752,0.007104004142184883,0.004331049056043148,0.00360565538403288,0.0035563573933009357,0.0047075707
2023-12-20,0.016660971270908043,0.004465005841864358,0.00437192562896113,0.00715034101798161,0.004625373984337281,0.006274745100375141,0.0076407418,0.005033230133430924,0.004934341224950611,0.00630469378868215,0.004644223998801026,0.0073042788638744615,0.0060321274,0.005133226940950801,0.005045944310411529,0.005601808912087152,0.004695221027649004,0.005958157115516212,0.0032050377,0.0010551200742507903,0.0010535399197175112,3.483378406242039e-05,0.0005091564890621938,-0.000588261732087924,-0.00088407844,0.00027753022969180627,0.00036472018200204903,0.0006767895954138838,0.00043461044636708255,-0.0022029220994422565,-0.00041424116,0.005830118338126568,0.0058382855400172075,0.0064955182989037885,0.0036071232089728757,0.0009710054731905849,0.0028690163
2023-12-21,-0.015417963031311821,0.0038467150269111267,0.0037184650929255863,0.006927337464273256,0.0049403796112608474,0.010298360043948091,0.009722595,0.002508663961836638,0.002384422571839801,0.0069194722208694385,0.004728093359656451,0.010689862936337734,0.010826855,0.001901139253107476,0.0017916112741753892,0.004258592035370267,0.004191024262459546,0.004022604029116504,0.0066804015,-0.00020711544520727362,-0.00020376306547147105,0.0004131892928020124,0.0007145827570062948,-0.0004200929710016553,-0.0010284001,0.00012563546765379256,9.692870600831478e-05,0.0006206643973043512,0.0006793420817670344,0.001473245043098595,0.00062301155,0.002982549982551637,0.002904024936436563,0.006112705699751807,0.0033362499583213722,0.0038029667889248804,0.004484447
2023-12-24,-0.010021121846771841,-0.0015590370553998012,-0.0014873520205481178,-0.0024455946999754306,-0.002582179369621109,-0.0019685843295189636,-0.001059599,-0.0016165644891545372,-0.001541287702760243,-0.002741505774974844,-0.0018888121552163581,-0.0007403573972628425,0.0025858106,-0.0013662197345752402,-0.001292724297970672,-0.0027165160301400415,-0.0029676367669254798,-0.0016250751646941627,-0.00022459526,0.0007672354373089575,0.0007667802715874858,0.0008691725181027108,0.0007052235096724753,0.0013383710308196468,0.0018072686,0.0006760306222772666,0.0006876110043596957,0.0003554624939750631,0.0006622226531129064,6.127839831009325e-05,-0.00011863128,-0.0035303749060263596,-0.0034978088894861456,-0.004904427321165814,-0.0033271291927116802,-0.0034837514118740594,-0.0027761485
2023-12-27,-0.008285872297308927,0.002266734738162513,0.002144654123142988,-0.0005158940136979071,-0.00017474366985179138,0.0026373350100782097,0.0019923204,0.0023985408038740214,0.002267162488913239,-0.0005225643610317012,0.0003863551599612647,0.0026142322657355514,0.0016200093,-0.001395192218936513,-0.001533402226794575,-0.0010837992728337084,-0.0005779361159896311,-0.001981222388899138,-0.0016867574,0.0005352388943332253,0.0005356903192447189,0.00040879391945483417,0.0006441851106750981,-0.0013213987268840014,-0.0016221319,-0.00423185161252764,-0.004185223530451587,0.0007096057978987809,0.0007057888295641148,0.0009423672658383751,0.0020583298,-0.002154734218453394,-0.0021105608986042817,-0.0009053865024522829,5.023611628435505e-05,0.002115348686865732,0.00034003245
2023-12-28,-0.0009372569977896816,-0.000526453298031848,-0.00037327752411892663,-0.0020058169248896047,-0.0006690899670111299,-0.0014324716072476786,-0.0041864417,-0.0007538776906096873,-0.0005923728080622784,-0.001955622865735303,-0.0006000203936691578,-0.0007302934549337891,-0.0031420775,0.0017163032340150217,0.0018395032060954642,-0.002022981047207535,-0.0008254793744033693,0.00023255389509894167,-0.0011049369,0.0004454589350665478,0.0004462611999908068,0.00019966221853085972,0.0006426749868314855,0.0002580379531424387,0.00089944917,0.00198929062441845,0.0019147148497462648,0.0008503356194395969,0.0007128642554115088,-0.0015250132475066271,0.0034927616,0.003144354953864594,0.003086911770306989,-0.002408574627062914,-0.00047598663159151966,-0.0010382113615321326,-0.0012493952
2024-01-01,-0.004238269383012749,0.0005496241160136408,0.0007483327128644203,-0.0017072735829725884,0.00041481832064949704,-0.002121049757158706,-0.0023241397,0.0007047753195630493,0.0009125731163491,-0.0016779316115759083,0.0004572499398375446,-0.001850653660182779,-0.0018076659,0.0013324207213992862,0.001511256208202169,-0.0017176065432541105,0.00047851090075276846,-0.0012720063161126343,-0.0020061738,0.0008004351602437936,0.0007998502574260546,0.0006607619211517117,0.0007098343706838334,0.0016923020148353236,0.0020874732,0.0012827040149481852,0.0013069481920262903,0.00040262402608905797,0.0006622226531129064,6.127839831009325e-05,-0.00073754427,0.0006948815060457739,0.0009374420990971341,-0.0013789627533051904,0.00019590013922755683,-0.00316724687985358,-0.0009809146
2024-01-02,-0.0146937427603957,0.00038466466532297364,0.0005144879006331099,-0.0025506690784278074,-0.0003951554674147262,-0.003628015546976129,-0.005349017,-0.000414053209236376,-0.00026851334572419586,-0.00246640382448549,-0.000379066035927311,-0.0032909218693132018,-0.0029146401,0.001453193994884207,0.0015678870211925369,-0.0020414109420477406,-0.0005086056018073844,-0.001955280838567786,-0.0012756056,-0.00034340276769578436,-0.0003395178075672998,0.0007317954825651123,0.000555780203859384,0.0016742283726909966,0.0013345307,0.0008771991895734652,0.0009592463579998695,0.0005085331116955763,0.0005698440246250585,0.002937740666665975,0.0034055116,-0.001494784072425721,-0.0005818386724975299,-0.0017262154903510644,-0.0004078167582417546,-0.0018236710364927242,0.0010809413
2024-01-03,0.013649584487705368,-0.00072762718237546,-0.0005953293869355447,-0.0026158041390144183,-0.001329917088700602,-0.0002734022566531069,0.00049325294,-0.0011597027435449531,-0.001015436198541584,-0.0025626903362218826,-0.0013923120328465691,0.00047490037164893477,-1.0513901e-05,-0.005092241952305958,-0.00494743322245284,-0.0027369737903847734,-0.0018671578311915834,-0.0028328671959859343,-0.0022599343,0.0001353805984580348,0.00013739458021155512,0.0001830237838948333,0.0005210419363915513,0.0010654316897555994,-0.0016736885,-0.003635829184376431,-0.003651408042158244,5.6689830308884404e-05,0.00023820567592047474,-0.003529880308920068,-0.0033610933,-0.004283497431273276,-0.004854145704653438,-0.002215953928071141,-0.0010587588388112673,-0.0050998809862282096,-0.0016079304
2024-01-04,-0.0042461254657544245,0.0046941384475201065,0.004716947983184021,0.003698419936517078,0.003102325093589338,0.007439568961753473,0.007399497,0.00449320643987944,0.004519381546783423,0.0035262453622146943,0.002931309675827816,0.00739638184690565,0.005490009,0.006067411532588134,0.00608778038379279,0.0038028904876703717,0.0032863488662916536,0.008968726643004325,0.01000427,-3.5535351046140024e-05,-3.285346796591147e-05,0.00032099508930059884,0.00040565003757260737,0.00028752662876904765,-0.0006102067,0.002212369630451932,0.0020774430751927964,0.0005604425416224299,0.0004636313996444099,-0.0035779792217496462,0.0023637146,0.007072074702945768,0.006949716464613536,0.0036030202552610425,0.0029792314751445263,0.004723429451155683,0.0052489704
2024-01-07,-0.012946499772285236,-0.0012025282092551519,-0.00135320736032391,-0.0029868062373836946,-0.0007819625928923942,-0.0064626173523647515,-0.0064975666,-0.0008015759662156326,-0.0009657732422345031,-0.0030359978656032505,-0.0008338822993831292,-0.004926300900895757,-0.0066493466,-0.0008925007993009285,-0.001051964975251772,-0.0030639715186104644,-0.0009749692766892212,-0.007389808695245834,-0.009168875,0.0008624179525557953,0.0008615908348403932,0.00014386483475364907,0.0006937589549972421,-0.000752442121187889,-0.00023659114,0.000689694812561673,0.000717930584718517,0.00027883419585325066,0.0006556238066106137,-0.00033737404842885857,-0.0010060912,-0.00035830688533007723,-0.00057106566291048,-0.005133421174623169,-0.001909974164222986,-0.006282315608153394,-0.0061707348
2024-01-08,0.017916367160928814,-0.00011038828823786359,-0.00023445274129349535,-0.0023618819522448087,-0.0012727698456549436,-0.0015798302150912297,-0.0016151895,0.00021759021115245867,6.450861313724444e-05,-0.00236073452763315,-0.0016293330718984787,-0.0008241640974650539,-0.0019404313,0.002876778949431417,0.0027317376201561492,-0.001982520826836517,-0.001514495238108143,0.003405239281714409,0.0023591288,0.00034243893163805807,0.0003436437757081926,-7.720906766560404e-05,0.00040222412051039525,-0.0015989534198538795,-0.0023679258,0.004028176286014702,0.003988506950897503,0.0005308002934436219,0.0006799724262442898,0.0007492869181130977,0.0023307295,0.006538337954988987,0.006124506613960143,-0.002091898102874162,-0.0014662832752195703,-0.0021250225209177346,-0.0009827511
2024-01-09,0.00996720502203452,0.003502882740117328,0.0035108556648929634,0.003238858574687947,0.0022002594907391364,0.00546268316403512,0.003658878,0.004782710706707072,0.004766152181744391,0.0034283367226955576,0.0028523831666734667,0.006039723506983069,0.0059371563,0.0043586881778805795,0.004355762887052701,0.004024388796514269,0.0031251441598141787,0.007437997076890851,0.007870692,0.001185972355743238,0.0011838808597426224,7.338544662602168e-05,0.00046450144527158607,-0.0007790176731966124,-0.0019170501,0.001908124106606087,0.0017669234972444376,0.0004518185719367587,0.0006627681285633947,0.0009593770941654518,0.0025355555,0.005294057788027478,0.005389794212650706,0.0035385190439742326,0.002778877039947919,0.0035225116404205277,0.005786361
2024-01-10,0.004556646907190931,-0.0011008609208818443,-0.0011869001281892653,0.003295441110268473,0.0026946551057334665,0.00036128701552198887,-0.00044862044,-0.0002051293964609708,-0.00030342267416710866,0.0033043944688247767,0.002731396618831943,0.0009029466871323423,0.0009310798,-0.001678637467916402,-0.0017465423030836404,0.0029208021960808565,0.0029639856417862016,-0.0010823212602770705,-0.002707011,0.001451474352454448,0.0014483453339969674,0.0005488174596955619,0.0007020636820507586,-0.0009633032064759941,-0.0021570234,0.0006442834616795332,0.0005608900213945143,2.4977166074311917e-05,0.0006380144731744268,-0.0012751518901853208,-0.0027798286,-0.00026584725928487606,-0.0004285550670582559,0.0033776729369909514,0.0029708156494628567,-0.00040598437835393945,-0.0005488791
2024-01-11,-0.0003015356804176861,-0.0009697885327041179,-0.0008668822647325959,0.00354640109776878,0.0018178789425850903,0.002518023687579103,0.001248636,-0.0005969287546645167,-0.0005030888487372789,0.0036041188924872685,0.0020224859709740525,0.002738802400114964,0.00224845,-0.0022358232380508864,-0.0021311380768001373,0.0036665416682498454,0.0021266150512099656,0.0026120233372509205,0.0017170499,0.0007662176173559251,0.0007657664290473247,0.0008066962314886915,0.0006518880214833313,0.0008169142776600073,-0.0005757388,-0.00021911517316512003,-0.00030841765600817276,0.0005566193991631788,0.0007512335294271743,0.0003609255519293366,0.0015980797,-0.000643435424395017,-0.000624142695093386,0.0034117480369397846,0.0019916525747254404,0.002195097288809932,0.0031942534
2024-01-14,0.015027803174562315,-0.0019284663702450098,-0.0016858440097377255,-0.0005443305637750489,0.00039659515715080763,0.0010747060354390889,-0.0010435515,-0.001554411626352341,-0.0013063506670240419,-0.0005649333362677066,0.0006737371557762855,0.0008319149271173074,-0.0010275815,-0.0016494810804647676,-0.0013965595482871495,-0.0005871015691734678,0.0006279480005566441,0.00011471494491690007,-0.0010133308,0.0008532272146443408,0.0008524360122783385,-0.00021630065452127076,0.0006972825077155547,-0.000752442121187889,-0.003977857,0.0007084093173277476,0.0007243176291724135,0.0003333042570929319,0.0006622226531129064,6.127839831009325e-05,0.00015983514,0.0007459434037673399,0.0009454590668381108,-0.001339234315382821,4.3636791690918714e-05,-0.0007929356027267636,-0.0008313654
2024-01-16,0.025398323647665144,0.0016835283403825035,0.0017343926171211653,0.003633872901530973,0.00363271715933909,0.006696606063125202,0.0077859866,0.0030406454489201266,0.0030859374647614537,0.003631220373047909,0.0035390135968083663,0.0076179676449708725,0.008929185,0.0032484305093672295,0.0032995432251867332,0.0036536728775172383,0.0037638307234209856,0.007203590867075913,0.006935507,0.0018723361419793996,0.0018675624897215044,0.0009045163506511663,0.0008291636598598513,0.0006162884631725948,0.0015462623,0.002512699515867801,0.002542560836867071,0.0008658823572059624,0.0006790640346660319,0.001005846297859914,-0.00066281186,0.004807501930678339,0.0046873502971399375,0.0035840444664304912,0.003479330510750155,0.008547578512421786,0.005978649
2024-01-17,-0.005582936568545804,0.003247094251134679,0.003007446314085416,0.003843295158830775,0.003679792753866365,0.0034390369233407553,0.001405959,0.0030554439417371385,0.002805220158273447,0.003751548153056056,0.003795723602508827,0.006562359529719232,0.0032248776,0.0021888514811077677,0.0019583129558125223,0.003736663494968845,0.003605039774516545,0.004404725305624375,0.003311445,0.00046782977880360885,0.00046854462347098165,0.0013242370301115314,0.0008327730175180881,0.002407919229263478,0.0024740917,0.0002479821680171614,0.00020874292525070015,0.0008446723319754161,0.0007661366686423775,0.002327556011236636,0.002931644,0.002112829051876968,0.0018913373630399014,0.0035002095200033743,0.003574632174141913,0.004976494121179578,0.0051180823
2024-01-18,-0.0033527242164286264,-0.000482812030401107,-0.0008919791372547377,-0.0021573988356810175,-0.0003006970952729052,-0.0021055676591271197,-0.0022309576,0.0006376386463662048,0.00019707595552731673,-0.0021608089787116735,-0.00011292056577072097,0.001191832092775836,-0.0022531862,-0.0010112592482336845,-0.0014168851838177424,-0.002279424814541893,-0.00031344227393662885,-0.0024055900634712517,-0.002778172,0.0011868020475066998,0.0011847073092561256,0.0007584095704676534,0.0007803525246831417,0.0023756727910312953,0.0012375254,0.0004260090098991159,0.0004321811018976323,-0.00010217863455850096,0.0006275962508959361,-0.0028183405093363495,-0.0039708493,-6.67452895969302e-07,-0.0005386340353706506,-0.00200197873092515,-2.0369236322632034e-05,-0.0022441979173604245,-0.0031932755
2024-01-21,-0.011964678427739628,0.0015709115741385175,0.0014755599234148164,-0.002089252873111351,0.00018804624783878122,-0.0017877951639112776,-0.0022424867,0.002055264220118695,0.001949205645560407,-0.002134478773762211,0.00026100541260336524,-0.0018041224693792668,-0.0038140644,0.001881544262539938,0.0017862057448940346,-0.002174706564724422,0.00020174860506481826,-0.0015811185622496978,-0.0016273976,0.0008463484622552421,0.0008455841405160046,0.00011824564031296167,0.0006972825077155547,-0.0003211269885893845,-0.0006940068,0.0005650392671180227,0.0005794083774173185,0.0003554624939750631,0.0006622226531129064,6.127839831009325e-05,1.8319091e-05,0.002567941556634671,0.0023477099375119204,-0.00369223970640853,-0.0005543303872155025,-0.0031834999401043596,-0.004309576
2024-01-22,-0.01489314263761532,-0.002933797477633809,-0.0028063840545030283,-0.0024728598585048805,-0.0010218318903603267,-0.0032400388878416945,-0.0022488157,-0.004088808062496409,-0.003965278088096493,-0.002488186290827794,-0.0009972386793409792,-0.0038044199750302946,-0.0035829418,-0.006815492821752627,-0.006668522685589089,-0.002700140449094834,-0.0012081878184401877,-0.006024218119771596,-0.006494217,-0.0010550101846413375,-0.0010483444217893375,4.2293081605211666e-05,0.00034172603995549154,0.0007685808119875832,0.0035173728,-0.003902522527167796,-0.0038066225324378117,-0.0005414050629339115,0.0004045021391130029,-0.0021309152115871225,-0.0018007436,-0.007389246831985656,-0.00719235838137261,-0.001866353977794618,-0.0006778051443276817,-0.0036476548417406405,-0.0051640198
2024-01-23,-0.00019061325105695914,-0.0026848285479843447,-0.0023948605519470466,-0.0007649874216333612,-0.0008520624431127525,0.001782948376550178,0.0024632541,-0.004578614439918559,-0.004270091671138859,-0.000626569335274685,-0.0007891865520470408,0.00034234327248024686,0.0023257528,-0.00854458652868984,-0.008238911529761521,-0.0008682715775811796,-0.0016865298066959852,-0.0014352594146053376,-0.007863375,-0.0011982113965623789,-0.0011909860353832172,-0.0007206077527533981,-8.150597778743301e-05,-0.0021006044394175326,-0.0037188253,-0.0057592150679789764,-0.005771876881393298,-0.0016014734036871444,0.0002449472643345116,-0.00716886599434401,-0.007388563,-0.007259933375469785,-0.007157361012385553,-0.0010831061585245391,-0.0008269772499988583,-0.0041762695267153075,-0.004973805
2024-01-24,-0.004896900379375957,-0.0006881829344651744,-0.00019341065235723657,0.00043404574665242645,2.955396548053036e-05,-0.0032776159738868243,-0.006721275,0.000406414500272379,0.0009124586282903139,0.0005188252359879067,0.00033508640475561234,-0.0022553135879718536,-0.0033353097,-0.0017934355634222697,-0.0013091726271085543,-1.4739519762199497e-06,5.386117628604351e-05,-0.003754463032368942,-0.006033999,0.0009077802811418519,0.0009067758975859434,0.0004113863013496801,0.0005617481292263053,0.0013816883778731857,0.0019013621,-0.0006658544132665084,-0.0006215324391011301,0.0003219204604785451,0.0005285992740230134,-0.00047319312380382663,-0.0020480528,0.0018292924489518034,0.002126824277064108,-0.0002199038300535575,4.7288420232953984e-05,-0.0017282986956677735,-0.0031197274
2024-01-25,-0.0018935177859731311,-0.0027634641503074503,-0.002384119175130383,-0.00314782451117533,-0.0012347134399783085,-0.005167262139952946,-0.0063332426,-0.0052256238827130385,-0.004814548929263677,-0.0030659241426296492,-0.0011708890602039747,-0.00413540906558469,-0.006019325,-0.005348748787124024,-0.004964730920469804,-0.0027279267426622627,-0.0012882858731532052,-0.00547310435758938,-0.0069704615,-0.001437967905805987,-0.0014298056297802327,0.00022070020787135955,0.0006052525618794881,0.00041474604333850636,0.0005344239,-0.0031963355054790937,-0.0029998745745740156,0.0001591485436522366,0.00057214885962505,-0.0011273581477161863,-0.0018186884,-0.004111342648335765,-0.0037087093566091915,-0.002983273372651634,-0.0010243754623030738,-0.004794579278084791,-0.004554994
2024-01-28,0.004963454446875737,-0.0004354009435757183,-0.00019924605234787488,-0.0023407414465130326,-0.0007043642544973756,-0.0006873130205033172,-0.0019528626,-0.00028842895380979967,-4.405147251298081e-05,-0.0023186798785216046,-0.0007798290462319213,-0.000669736041338053,-0.0027871714,0.0004653571294617379,0.0006872021427704068,-0.0022935188162340157,-0.0006971579518295286,-0.0008956203598878221,-0.002251399,0.0006985142316451687,0.0006983276130345364,0.0003326989415394642,0.0006972825077155547,-0.0014644599622558965,-0.0008868231,0.001150960934913947,0.0011592143754819758,0.00038700207307848766,0.0006622226531129064,6.127839831009325e-05,6.9772716e-05,0.004863554783655856,0.004961894908437244,-0.003917995437415965,-0.0016024370398493135,-0.0028980151024801328,-0.002193993
2024-01-29,0.004886678073847683,0.0008150119820809175,0.0009422322589770606,0.003534415561077357,0.0013474857081706296,0.003853556859596215,0.0036821081,0.0002108570067559103,0.0003478285458217287,0.0031795083045192767,0.0016034764082344577,0.0038512718379267183,0.002874026,0.004239431140938029,0.004343910801716613,0.003626467715651073,0.0017259404904867578,0.005275549677899739,0.0054516215,-0.0003669427867341818,-0.0003629658374730729,0.0005106380307105149,0.0006277044857730595,0.0011116575139793385,0.0005676262,0.005060025577297913,0.0047989221291315515,-0.00034524502307065996,0.0004608915390773273,-0.0014851138891098438,0.0018727673,0.0047192048069082245,0.004690348364437558,0.003325563668186555,0.0012617044171755944,0.0019860038176609785,0.0027534133
2024-01-30,0.007049667836867002,0.0010377123826195564,0.0009864033097316868,0.003736760085547722,0.001594256855493776,0.001547585426886441,0.0032477377,0.001792103469075863,0.0017341402974576257,0.0037025625521210064,0.0019719423973735485,0.001637678157986093,0.0025439481,0.0008492701935032165,0.0007824377708064111,0.003119988824374031,0.0018225601367733645,0.000622592128444133,0.001739745,0.0011037690315364454,0.0011019987677523394,0.0004591155825806371,0.00074737222905004,0.0005875522804117669,0.00024822244,0.002998329030425157,0.002513274512934704,0.00046665151798291134,0.00044018490723008894,0.0003348209707302365,-0.000734721,0.0044335714999416955,0.003889992546937691,0.0031779845005257402,0.001504332771423646,0.0001786668377902656,0.0016813679
2024-01-31,-0.010280965188787405,0.0018499802269991276,0.0016616688555423148,0.00341145456042932,0.001985489930789558,0.003921404385125082,0.0037320692,0.001558365460316563,0.0013503778837364439,0.0033800180899788367,0.0022256657934816796,0.004318708861342074,0.004125714,-0.0012039041657196012,-0.0014136760474715475,0.0033999708768534527,0.0024136867191251812,0.003675154284961593,0.0028797062,-5.366048529312011e-05,-5.090777323966955e-05,0.0003698597479661632,0.00041275703142706086,0.0012516085527480853,0.0024251158,-0.0019275112193808687,-0.0021891470581640003,0.0004088351174720326,0.0005711554743168536,-0.0031867384493782297,-0.0011107584,-5.480234780697957e-05,-0.00042525823130709856,0.0032367028700922397,0.002292444964889469,0.0020608910286618225,0.00040336902
2024-02-01,-0.014848025690555211,-0.0021302459531230534,-0.002197155666379587,-0.0023692400547443058,-0.0017794752166735606,-0.00308844605073441,-0.003634663,-0.0006029264742978143,-0.0006892710266097454,-0.002362973807819066,-0.001600719236618738,-0.002905035643945912,-0.0025163386,-0.007773917256377091,-0.007835811916034954,-0.002569332413516074,-0.001996509937119672,-0.005484246194321823,-0.006631921,0.001881459203130739,0.0018766498999890995,0.00014771977999248262,0.00047534611602616196,0.0022277139692316833,0.002115472,-0.006483849328121142,-0.006026722878837091,-1.7993049022814757e-05,0.0005635037502317231,-0.00024407879934135,-0.0016923146,-0.007909200512597693,-0.00758675299279391,-0.0020583087490067733,-0.0013380002703879412,-0.004338969061527214,-0.00544395
2024-02-04,-0.0025722334229092425,-0.001995429447341068,-0.0019071880739987444,-0.001269885762366887,-0.0016507779281754104,0.000832972236938576,0.0015644989,-0.0014565686460993512,-0.0013695521512612592,-0.0012202776272422849,-0.0015170049969744426,0.0013714428069276788,0.0005514174,-0.0020873288159266572,-0.002006155581056864,-0.0014679594109231898,-0.0017616596724402483,0.00032677614464662777,0.0010449461,0.0010618010672275482,0.001060194804867082,0.00018449015519818643,0.0007156703682059729,-0.0007553573140340031,-0.0044070324,0.0003301305237713878,0.00036011499193542223,0.00021035975262310384,0.0006225683091281161,-0.0016340746747643758,-0.0024053683,-0.0006652753482705519,-0.0006603017257672908,-0.003478824579520314,-0.002622957282198862,-0.0031518337570060487,-0.004314465
2024-02-05,0.007042129455942181,-0.0006996377878830495,-0.00047940968277771184,-0.0005131710153934355,-0.0006454293386103306,-0.0036513327824548767,-0.0047226185,-0.0006387266794736022,-0.00041730521163810784,-0.0006848565695967058,-0.0008990315895580676,-0.003258138168297495,-0.005387919,-0.006301102670446326,-0.006052272411622988,-0.0010747240103391356,-0.0010585083185793845,-0.005624186780378413,-0.0064745396,0.0008197378561293313,0.0008190775226907079,-4.93450031198411e-06,0.0005281729950100397,-0.0018992624030417199,-0.0036588535,-0.004463819941574348,-0.004285512901758456,0.00033549989564165655,0.0006074302651981867,-0.001954555913190236,-9.321553e-05,-0.0069669540789379005,-0.006496625067940936,-0.0013123931524323276,-0.0007088336327953621,-0.005660297829142589,-0.0036622314
2024-02-06,0.004536310212018613,-0.0008059415610430153,-0.0005177287504958632,0.0031532265661993876,0.0014592164194681444,0.0022684413304711708,0.00027850948,-0.0014931033917839056,-0.0011918276950474455,0.0031408084922106734,0.0015696196392414035,0.0013954015353065405,0.00017421712,-0.006051211200015232,-0.005716978545797518,0.0028066984155479886,0.0016360333104507095,-0.00072717280392111,-0.0012254046,-0.00011764028924394977,-0.0001146375584177334,-0.00022410564716642396,0.00031775763672751696,3.076418886121742e-05,-0.0021958868,-0.0037775056033678275,-0.003687579539036828,6.441878227825817e-05,0.0005506819027573975,-0.0039018400317069163,-0.0025602842,-0.003528599481286803,-0.003246885561184159,0.0032649326047518553,0.0016787485180537235,0.0006555058716449602,-0.00033870252
2024-02-07,0.002360914334262887,-0.0007560689865349205,-0.000584956067176861,0.0032254524617924434,0.0009281959545575319,-0.0008949509765141751,0.00030382132,-0.0005810159542204388,-0.0004004966545753338,0.0029661314800906937,0.001109633194778079,-0.0004613195905900824,-0.00033987814,-0.0016642236399172236,-0.0014616847862628647,0.003180641681179087,0.0011829785594972332,0.0003538899275279617,0.0002109449,0.0002557874601240846,0.00025733091877613634,-0.0002966251395043288,0.0004024807199535468,-0.0012849212996322527,-0.0035927063,0.00014118961789870942,8.253338441005184e-05,0.00042011066522337667,0.00046941596802590134,-0.002243806711717297,0.0006548603,-0.00034746791244204343,-0.0002541708142984547,0.003252815846883952,0.0010258192640603956,0.0012634643642884457,0.0018268564
2024-02-08,0.002713187364765446,0.00035654403270047393,0.0004200806371418152,0.0030619557603487318,0.0006574011349372383,0.0006563151309133552,0.0015978898,-0.001721777273153298,-0.0016388317034891995,0.0028892295241757728,0.0008855127180039202,0.0013774875897652993,0.00022658451,-0.0042407031849249046,-0.00412983376847887,0.0036618225528295733,0.0007934688762627626,0.00011148728222443326,-0.0016765186,-0.0017089012477402774,-0.0016996802247745736,-0.0004869135001136795,0.0002587985875287697,-0.0010635932255129415,-0.0006842913,-0.003203279015937581,-0.0033178946608609294,0.0011734405720382778,0.0004050875914955727,0.00820083924250163,0.006458705,-0.005585099511200776,-0.0053519288567758765,0.0028501966507333675,0.0005110543932253719,0.001627157285744749,-0.0021242006
2024-02-11,-0.005021363255328204,0.0011061135737735438,0.0010978693068798197,0.003528435150184027,0.0012366059050911676,0.0029775159146014653,0.0033240546,0.0010875664970771575,0.001079091699590082,0.0036262763527307317,0.0013711062816932373,0.0028360477561458265,0.0032307922,0.0018348759576987696,0.00183643167411239,0.004092367339625259,0.001279330666867625,0.0029455148831019893,0.0033359597,0.000645372001539663,0.0006453930508856762,0.0007956275545775043,0.0007108785394522049,0.0053109034441473245,0.0027634532,0.001522594112110501,0.0015288479420479768,0.000421019706458962,0.0006622226531129064,6.127839831009325e-05,0.001106582,0.0035190360907376,0.0034276157990936365,0.00438011795357225,0.0007726618332369834,0.0030503561999099533,0.0031631226
2024-02-12,0.007327509869512028,0.00034988243243668383,0.00020889113715258974,-0.0020774900694836853,-0.0009614165003848747,-0.0014394040522918198,-0.00065180816,0.0004991177195312738,0.0003486817821145183,-0.0021049098094664946,-0.0009683474611451694,-0.0013561606459109362,-0.00039758603,-0.0026300637541607384,-0.0027510609812404657,-0.0022655088809641695,-0.0011302785739217029,-0.002780705994016104,-0.0028296742,0.0006748975323357792,0.00067480320250713,0.0004658057584694522,0.0006138428394333962,0.0001929678799363161,-0.00031766365,-0.0023968510458740105,-0.002315720544743284,0.000349992519322411,0.0006864112653232936,-0.00288789336602072,-0.0007586519,-0.002687808467826452,-0.0029398273059691904,-0.0019771857301009595,-0.0007411412623722257,-0.0017686710085295881,-0.002497196
2024-02-13,-0.014655982355359143,0.0025534562408873977,0.0025103448436314124,0.003785178773135829,0.002024848907648926,0.004068797216182538,0.0052828616,0.001640475001892237,0.0015959279325771444,0.003539222407953319,0.0021563295915969947,0.004904525792436363,0.0059977346,-0.0014168006435296594,-0.0014464873341403003,0.0031175625817448606,0.002184094955025061,0.0038733478083326114,0.0037324405,-0.0002489946160984738,-0.0002454785819238621,0.000577302296725266,0.0006379132338947234,0.0012386980877354531,0.0024647638,-0.0030994366488618624,-0.003018321943238375,0.0003938562967336136,0.0006622226531129064,-0.012924029202351089,0.0006378229,-0.00241303882630206,-0.002205870767713495,0.003584640401045812,0.002107181085168198,-0.0018132398467741524,0.004261965
2024-02-14,0.0028501932684719122,-0.0027799137046629623,-0.0029116214986161276,-0.002534130726025107,-0.0023134140177191974,-0.006874196567488073,-0.0050319424,-0.003498266022370157,-0.003627441349488037,-0.002506015070055726,-0.0021011465169733135,-0.00633231509090671,-0.0054456927,-0.0033330685338852023,-0.0034768607666150917,-0.002672968353774091,-0.0024048575726645094,-0.005940908866178208,-0.0056842463,0.00027898786526624403,0.000280440661920868,0.00022018056237444315,0.0005424371613026398,0.0023632465541708406,-0.0015098266,0.0016445953999498371,0.0014740485960317384,0.0003374739752081474,0.0006106685786358957,0.0022450231490329137,0.0016017739,-0.004301591093587718,-0.004172142234557119,-0.0021748685133322204,-0.001596262239957582,-0.0023408128919044967,-0.0042071026
2024-02-15,-0.006992849618167263,0.002733964892781466,0.0026523971644071584,0.003066336576001461,0.0006894735359426868,0.001891073699454441,0.0015303092,0.0017818346841175837,0.0016947496089044875,0.002874828027469868,0.0007895817518740537,0.001956385023009579,0.003391992,0.0030707209771306653,0.0029760863851138945,0.003765650695215272,0.0009451004956341472,0.004355972859766333,0.004196901,-0.0006332387717950495,-0.0006282211973480795,0.00039038215763624617,0.00047158481240353793,6.45386642033815e-05,-0.001050629,0.0028070381410835277,0.0024491719237386272,0.0025636529163200806,0.0008889521891239531,0.002312217971615753,0.0047920477,0.008099340259671942,0.007469393308585279,0.00403554744826792,0.000740305328915179,0.002263748046565125,0.002889542
2024-02-18,-0.013283571576514497,-0.0018989953006369976,-0.001839058839499853,-0.0033178966691351456,-0.0018012444601801494,-0.008868391906441472,-0.007111831,-0.001979507517970662,-0.0019144865661330016,-0.003335156894751296,-0.0017428817016295873,-0.008777606884738508,-0.008132568,-0.0010070614575819203,-0.000954492656037672,-0.003346497153630446,-0.00207836212342295,-0.0064477849819546094,-0.006512547,0.0006751370266355574,0.0006750417609167176,0.0007660016979927444,0.0007108785394522049,0.0019458974994116575,0.004659137,0.001283496058888708,0.0012937177665492648,0.0003681859641143537,0.0006622226531129064,6.127839831009325e-05,-0.0010403297,-0.00033356066742676923,-0.00031389690037378305,-0.005459835982880471,-0.002870538593321092,-0.008250135500992536,-0.0084392335
2024-02-20,-0.0008653156483573454,-0.0009605655470844437,-0.0009565505420889452,-0.0025010731356497184,-0.001885429521699658,-0.0029617371245293394,0.001287496,-0.0022058289963816616,-0.0021794000493908414,-0.0024405493703435225,-0.001974409062024721,-0.001944072610971991,-0.002043888,-0.008349019848377692,-0.008299299792695395,-0.0028051889414207293,-0.002188651941747387,-0.0037490749094403423,-0.0054408354,-0.00047934396032145725,-0.0004749277723984232,0.0005109483202678819,0.0005542064357741526,0.000524252144761226,0.0017092471,-0.008009216649049425,-0.0076220221317044945,0.001493227176077081,0.000354399691359888,0.0016868829509488475,0.003340718,-0.00819092398579442,-0.008151636939473328,-0.002162109898366765,-0.0014176312359550187,-0.003344849002971376,-0.0021668982
2024-02-21,-0.00318746959856675,0.0009869431383495017,0.0010892934565948252,-0.00032546531344480585,-0.00046581466540367725,-0.004320123750630483,-0.004631059,0.0003237512836595395,0.00044761703679341703,-0.00033619897118699954,-0.0006309798082501988,-0.0051811565261349335,-0.0034834628,-0.0023302947105433374,-0.002200899785482779,-0.0008682653946356224,-0.0005621153429144392,-0.003921908336789969,-0.0025022815,-0.00013600075292969456,-0.0001329262735154191,0.00037939979726884127,0.0005698024158452957,0.002893252563298193,0.0020831781,-0.00299590691309309,-0.002849178514998441,0.0014407176819588546,0.0005342109975250014,0.006155668088632494,-0.001839174,-0.0018566323358887387,-0.0015453929159541329,-0.0002625845239481307,-0.0003180452145978751,-0.003862997694201375,-0.0014896588
2024-02-22,-0.010296637461157943,-0.0019068641236507527,-0.001715629055402863,-0.002736781496781687,-0.0012292514635200704,-0.00710844846534129,-0.006295915,-0.0028011228364464603,-0.002586294779220961,-0.002803928623039181,-0.0013359306055092698,-0.006792035359576753,-0.006408805,-0.0024651011785144805,-0.00225586871118777,-0.0023250768641926624,-0.0010264984301721104,-0.0048124091995466805,-0.0038492589,-7.290613887698215e-05,-7.00782191112129e-05,0.000548499034189382,0.000710896011332953,-0.0025809395840676007,-0.0024137662,0.00019016245958976627,0.0001269211080835405,0.0023231805913119714,0.0005258995067813901,0.010605444178839737,0.00045299082,-0.00201568689751984,-0.0016947169586179534,-0.0026752032598190705,-0.0010011366994847157,-0.0040402894405353485,-0.004175306
2024-02-25,-0.013456167502345906,-0.0008624718553127578,-0.0008899269473803071,-0.0027506587240135657,-0.0019653142936317154,-0.004304729469282546,-0.0023387219,-0.0007967513271115488,-0.0008243990177127971,-0.002604309870684175,-0.0020202700877855993,-0.003474114834038011,-0.0034696022,-7.467871457117665e-05,-0.00010548942573230797,-0.0026938113312608173,-0.0021781638017226435,-0.0038799153873660093,-0.0039725723,0.0007124072669541548,0.0007121663574669733,0.0004943524530865524,0.0007052235096724753,0.0016207342429867219,-0.0030862687,0.0012688652830515359,0.0012793907318683108,0.00038528323984218,0.0006622226531129064,6.127839831009325e-05,-0.0010434571,0.0003669133244365852,0.00026777759186712114,-0.0038819309954428315,-0.003053409242913091,-0.00530340502297992,-0.005590532
2024-02-26,0.006687977549079349,-0.0009650051053509386,-0.000988463109594581,-0.00134400100420215,-0.0017340475409063738,-0.00024915361636593003,-0.0007832144,-0.0021431637396197144,-0.0021524244202407007,-0.0012273090712538362,-0.001595427897839864,0.00047338583185115,-0.0012056166,-0.004031686843275562,-0.00403879128773328,-0.0009877702879688673,-0.001677094878218589,-0.001383811758660371,-0.00076938455,-0.00041097179455937163,-0.0004068227897772584,5.512655116792005e-05,0.000731609529156322,-0.001559735026797659,5.914222e-05,-0.004212108096083969,-0.003951526147113661,0.00014017854445974546,0.0004884379774189842,-0.0025136290014125015,0.00092348544,-0.007229204554395427,-0.006820222044717818,-0.0016546300635925685,-0.0012594042093834507,-0.004390398983268039,-0.003921993
2024-02-27,0.004677094310981289,0.001447978057870888,0.001537361970821492,0.0030901776837611804,0.0012634115134696438,0.0002852373763580579,0.0002396487,0.00220328081142221,0.002300360521376848,0.0029699821253180185,0.0014346499207345278,0.0005562208831235948,0.001984451,-0.0024794580045969543,-0.0023681546791303964,0.0029220431950161057,0.001199344881216703,-0.0019470571142890809,-0.0015980469,0.0011384371663868743,0.0011365314272809618,0.0011640751181990051,0.0008357365596089818,0.0012958150961935447,0.0028675515,-0.0036187951998097427,-0.0034765206746268772,-0.0005261038200973404,0.0006486550887763899,-0.0028234687253280034,-0.0047635655,-0.0018532211782627738,-0.002003638912877883,0.0034461968516713236,0.0015195477826198411,0.0006926654753958678,0.00018635391
2024-02-28,-0.0004347380771596576,-0.0015387127621455453,-0.0014392119171529744,0.002851042945704485,0.0007266640019107873,-0.0021381370924843865,-0.0021135912,-0.0016255007601845982,-0.0015144429353156803,0.0028117632377556954,0.0010222384734493203,-0.0018409796892837678,-0.002729269,0.0007952455182165893,0.0008895045561807585,0.003605965306075172,0.001064754852431603,-0.0008354837023398271,0.00028374148,0.0005545195805297556,0.0005548956608293042,0.0006098808660015158,0.000709360057230117,-7.081267355879523e-05,-0.0009283774,0.0034350691369504412,0.0033152580238411666,0.00039509135453552976,0.0005991360199762228,-0.003057371707372858,-0.001408615,0.0009803947799063434,0.0011501700541493329,0.003287321145410891,0.0008938013687911797,-0.00025453643068192847,-0.00053254334
2024-02-29,-0.014438212382210658,-0.00042194109458609775,-0.0003776300446940227,-0.0010886566940521197,-0.000540420959246119,0.0001424990107751879,-5.7619516e-05,-0.001517445798342839,-0.0014620128916952046,-0.001037312387012472,-0.0006951953505214732,0.00024113392611170405,0.0006370139,-0.002498668317210128,-0.002445044053134055,-0.0011427923252571098,-0.0005912241162945218,-0.0022989902323322492,-0.0030914007,-0.00028909544550198725,-0.0002854227062495981,0.0005036376649121109,0.0007076777786750505,0.0007884254279976797,0.00092095503,-0.00040182814416003354,-0.000446896043713879,0.00041773173693190224,0.0005485015055003581,-0.006057957197763364,-0.003342683,-0.002149425784827351,-0.002290029117522781,-0.0006625804345787319,-0.0003308152867645704,-0.0004974179471552311,-0.001467236
2024-03-03,-0.005996371330009964,-0.0017453722122072086,-0.0018043516673758161,-0.002498617885599262,-0.002183180283411354,-0.0027353460140136752,-0.0031865404,-0.0016352210950871067,-0.0016960109171281204,-0.0024883068031353803,-0.002113515209335252,-0.003195921414352548,-0.004146847,-0.0011935232474641893,-0.0012565315096289453,-0.0026255444923686494,-0.0022752919147095534,-0.003152322368875367,-0.0040640268,0.0007671106334670721,0.0007666559554511178,0.0002405508790800706,0.0006972825077155547,-0.0003211269885893845,-0.0009916,0.0009296772514337057,0.000946050089160952,0.0003512656064617054,0.0006622226531129064,6.127839831009325e-05,-0.00032321562,-0.001511536214318951,-0.0016196651611785668,-0.0038311245124206922,-0.0031639661378822736,-0.0050205077532916725,-0.0056454516
2024-03-04,0.05830836992279398,0.00041428617668594933,0.0003828085920411294,-0.0006348505500896553,-0.001033050439333688,0.0004299859733216185,0.001359857,-0.001163003977010743,-0.0011867239649208025,-0.0006288494497644627,-0.0010971107551549315,-0.0013806887753038154,-0.0006308193,-0.0028744482784717747,-0.0028810948408643424,-0.0005223564293324566,-0.0010126786698085213,0.00016283772656258788,0.0006344509,-0.0009775030122940586,-0.0009711401301468201,-0.00016782706017475765,0.0005481000169485675,-0.001127544116191707,-0.0005266469,-0.0026807822217116925,-0.002667794430714511,0.00034516693939954946,0.0006127530211899248,-0.0057164733688666635,-0.002138516,-0.00422532533036684,-0.004337002709718775,-0.0009782781205025354,-0.0009592018513881613,0.0008703311237861801,-0.0016461195
2024-03-05,-0.03442108523587262,0.007914836460520505,0.0081096034291639,0.00032091958819209157,6.724763347513926e-05,-0.0036512125081717816,-0.0009153034,0.007458568610742779,0.007681019618166654,-0.00021906194408200893,0.0016019881861525753,0.002148234894085138,0.0024671303,0.0034411619238118338,0.0036802894925830974,0.0020529493723637684,0.00030335573008585717,0.015010069127103986,0.003561395,-0.00012901904690719673,-0.00012597185043947178,0.0009909390514984315,0.0006554802315861728,0.0007768357902864884,0.0023185175,-0.0035312436331765363,-0.003535238859361663,0.000128853110199864,0.0005210532956194385,-0.0019155851249708258,-0.0020788799,0.004155240582112956,0.004192518562590386,0.0036613867478493627,0.0027895773922782885,0.011861114597763966,0.0026142348
2024-03-06,0.004641324994916651,-0.010789678893695531,-0.011044435266295395,-0.003839577975942819,-0.005923700309385418,-0.01379746070083123,-0.018856138,-0.011765975747886986,-0.012015818256198026,-0.004747634981963006,-0.0061959979039665145,-0.015265393259168274,-0.020127224,-0.011323223646985724,-0.011568138302712175,-0.003634348971468313,-0.0051209146584287775,-0.018861343385189046,-0.017545348,-7.93262291752517e-06,-5.35860512893005e-06,0.0007519003969906652,0.000654191996160538,0.000998621236535077,-0.00031895784,0.00020518332065878956,0.00014043045784118845,-0.00038614849609382314,0.0004642569333506031,-0.0028575773977045135,-0.00096007425,-0.010626125182923144,-0.011050505855333062,-0.00262915556522885,-0.005019007239229355,-0.015190817131480171,-0.02163229
2024-03-07,0.00668055988168792,0.008725687726527867,0.008409829644520098,0.010332252881913475,0.0016257724593121126,0.0020781792454424896,0.001913701,0.009455442547098467,0.0091254650683357,0.010214864451681032,0.002418640080794507,0.002004397338763143,0.0043192217,0.008133946672017413,0.007827949129936417,0.009927792732070168,0.002213096358922327,0.002520024665164129,0.0033562037,0.000659234040465351,0.000659200920061751,0.0004793380447975241,0.0006949471759991893,0.0006762594732639441,-0.00054473226,-3.4736971790559536e-06,-0.00017177562858410609,-4.2500595314618354e-06,0.0006466245936261514,-0.0004651970287153694,-0.0026759715,0.00926427670778529,0.008627829098896147,0.009556438528402347,0.002275308833343301,0.002431436130298732,0.007840277
2024-03-10,0.01082494896414321,-0.0008004345951142522,-0.0008300105222239596,0.003578622191610871,0.0023056262366726392,0.0003477065709715717,0.0007364234,-0.0006284653206272525,-0.0006564118325524781,0.003935264272824544,0.00277042758158593,-9.150915483578873e-05,0.0014618493,-0.0003047606147682998,-0.000328524439414961,0.0047627423619677235,0.002520451410238277,0.000499706503907679,0.00047052276,0.0007401698758669114,0.0007398204763097308,0.0004715753184011348,0.0006972825077155547,-0.0003211269885893845,4.5289416e-05,0.0006436154845509415,0.000663085174966846,0.0003700817154258394,0.0006622226531129064,6.127839831009325e-05,0.00036236458,0.001309237991330333,0.0012289441131867079,0.005173369198198793,0.00284945292825511,0.00549569576647726,0.0048331046
2024-03-12,0.028129601556516448,0.0010773752495067967,0.0009995354719211766,0.004745988595048844,0.004039924752582707,0.007162288041019224,0.011207579,0.00016855716638754172,9.81774936798049e-05,0.004055522313881148,0.0034669708840230225,0.007024850321018965,0.008868008,0.0013580642661390279,0.0013031365835769419,0.004166508791944163,0.003868734207847827,0.008703969020648747,0.009293871,-0.00019102377599628483,-0.0001877342789068739,0.0007871457310534465,0.0006973465639404222,0.0028240120339610725,0.002065437,0.001524537802957444,0.0014200351197372466,0.00037170773873676337,0.0007059778079950396,0.0014820089729591173,-0.00085593626,0.0021855770835969997,0.001974607718700088,0.004358170809288061,0.003853664631816825,0.00511057154000525,0.0046421015
2024-03-13,-0.0011801144990464252,0.006198077831875629,0.006034084241198905,0.006562490935599536,0.004422000881447921,0.003997393345598538,0.0063267294,0.007221669790350574,0.007049430989608224,0.005678936676587041,0.0044069196931461945,0.00369050402899023,0.0067474833,0.008368604714475644,0.008185812501248491,0.00543560288935093,0.004113452355028479,0.00541377246077568,0.007257963,0.0011986124047980436,0.001196471514311079,0.0003700776556074655,0.0007398623603541607,-0.0034445248153874937,-0.0044785393,0.001718910197416585,0.001679496002492915,0.0011784052748955772,0.0006279776708274934,0.0004904416866802991,0.0030208714,0.009471433100031299,0.009352498132634049,0.004798510453321417,0.0033818158191489616,0.0055634791696678385,0.0052422388
2024-03-14,-0.013295052845575306,-0.0012694931795808224,-0.001290850360953358,-0.001776697970902345,0.0007542023821106085,-0.0019031479523006214,-0.001156902,-0.002240160934809887,-0.0022582274822054416,-0.0016970569572189512,0.0007503479521672431,-0.0016045640999426372,0.000737368,-0.002588917534455498,-0.002619307830588531,-0.0016446049468290325,0.0003540648224903836,-0.0007591151188322474,-0.00022668224,-0.0002273126256548809,-0.0002238813198524634,0.0005777943254795557,0.0007566321194247754,0.001610712895542964,0.0019860598,-0.00135525372379116,-0.0013086285005534629,-0.00020709389186587417,0.00048736680555246375,-0.0004700260655175305,0.0012363109,-0.0015301039502059973,-0.0015595434435960744,-0.001644723547961372,0.0005616062582959124,-0.001260454207315621,-0.0030689908
2024-03-17,-0.005116702562133035,0.00047749947396020283,0.00044764233318371005,-0.002988181257981679,-0.001156583424686917,-0.004330084164242638,-0.0028983138,0.00046419648439194414,0.00043411268948399286,-0.003078462761055562,-0.0010024293653095138,-0.0037868607569629107,-0.003100798,0.0012362783098025226,0.0011991281378815803,-0.002930343981728906,-0.0014503312919284823,-0.0025719036071570143,-0.0021859636,0.0006755137342953357,0.0006754169964871648,0.001002774578709564,0.0006972825077155547,0.002172772941028802,0.0025072312,0.0009565998881015975,0.0009693395813940023,0.0003805290249087889,0.0006622226531129064,0.000689498172635087,0.0015328599,-0.0007337097154414318,-0.0008176125275820436,-0.004192798827056359,-0.0020395773400487174,-0.0038331079348168018,-0.0033756397
2024-03-18,0.0015830959582920912,0.001610779809721382,0.0016806268385289214,-0.0005339920551402587,-0.0001203011533609001,-0.00026704867106697313,0.000689518,0.0009512881319788509,0.001028599426883965,-0.0005291401384415244,-0.00012600201390378855,1.7118772946706705e-05,0.0005345376,0.00835570715903515,0.00839763722772235,-0.000279022246761093,0.0001273936498488544,0.005442719219272331,0.0051334514,-0.00015998531685491087,-0.00015681711112595692,0.0003226900806419604,0.00048065289482027607,-1.350544051460224e-05,0.0009608982,0.007211775965868326,0.007112237255439199,0.00097341885655294,0.0006338114571417832,0.005930012842812201,0.011822713,0.009215520083949946,0.00934818087965563,-0.0010840807551368856,-3.2673755948952175e-05,0.0036061920405630675,0.008521143
2024-03-19,-0.003013898079830213,0.001476841546961208,0.001602401026043713,0.001134561442281455,0.0015869915042979574,-0.0002546943212105529,-0.00017926087,0.0020826703414877365,0.002214961331173562,0.0011576825518884698,0.0016443034798260567,-0.0019577291268172477,8.623928e-05,0.006007113343006592,0.0061136098670052435,0.001200998107040191,0.0013445700984989943,-0.0008245013249812417,-2.560001e-06,0.0011749975515878588,0.0011729489426687359,0.00022606922047724016,0.0006301664413621238,-0.0019068147822380414,-0.00061571924,0.004237363456907722,0.0042919696016538375,0.00023363045951285357,0.0006038267245728228,-0.001107214449010702,-6.053988e-05,0.006275353789250993,0.006278562603022591,0.0008318216329987623,0.0012115244317378942,0.00045320067388380386,0.00071061915
2024-03-20,-0.0016169482904446753,0.0009725106035927984,0.0009017580727117376,-0.003035700971545868,-0.0010268490750096678,-0.004011749418133012,-0.0046148873,-0.00031349551382896007,-0.000384772756632094,-0.003052458916896158,-0.0009307652573732939,-0.003874041918893372,-0.0033995037,-0.00014440475992402247,-0.00023613703537680053,-0.0027020866005629416,-0.00055740079202771,-0.0019566992126332683,-0.0025320388,-0.0006989124093195306,-0.000693638196976802,0.0003635097656544177,0.00026211369830479985,0.0005204654021254247,0.00010242076,-0.0020862740999399287,-0.0018689835834332091,0.0005809954573445319,0.0006835486239918809,0.0005799237083116819,0.0007525369,-0.001971274713092217,-0.0017452295028690607,-0.0022523861217651894,-0.0005744482595512228,-0.0011676917442065054,-0.0014726282
2024-03-21,-0.007479633753841419,0.00299872513460754,0.002935548920748018,-0.001992482524799076,7.511889157028328e-07,-0.001817943512849277,-0.0010349575,0.0038623237463340627,0.0037928354367378213,-0.002015735545954206,-0.00021760717069088057,-0.001674753806644463,0.0011104563,0.0027903124424032925,0.0027241366605788263,-0.0021125892829354552,-0.00024892039804607025,-0.0018161456406668357,-0.001487539,0.0009937808815592294,0.0009924404268801563,0.0003756193175660512,0.00045603928807103815,-0.0007697681396678803,-0.0005902035,-0.0010283626362015876,-0.0007669940004778204,-0.00042956566480559504,0.0004775822171195306,-0.0025068839645035496,-0.0023650338,0.003059510994438759,0.0034085068753464238,-0.0018456317679167206,-0.00018137561960249426,-0.0024461243816616975,-0.0010649835
2024-03-25,-0.008342940267680454,0.0018718820142659513,0.001720890020251188,-0.002456593419178861,-0.0014858788053088478,-0.00375158272576842,-0.002318054,0.0012210056245135095,0.0010646309448250693,-0.0024529396629186114,-0.0013790736404258677,-0.00373484210817928,-0.002025716,0.0019028663451600746,0.001739729661274627,-0.002130097868005633,-0.00134050237156744,-0.0011359790392450261,0.0003314834,-0.00014481932950675199,-0.0001417103890663815,0.0003680053653074912,0.0005708860247462763,0.0015014872551525162,-0.0014354094,0.0003542468969301805,0.00030641773862663145,0.00019054605891529846,0.0006296133712619851,0.0008152981746519421,0.0006821388,0.0018005710142904863,0.0017457086237171139,-0.002163929101204056,-0.0009880186071871725,-0.0013816319197011723,0.0002227768
2024-03-26,0.004983745661848893,0.0008215488315461254,0.0009199508856173504,-0.0024549816307263784,-0.0015083368295316713,-0.003233611883912025,-0.0016367366,0.0020137364002594613,0.0021170622479847827,-0.0024487153838011386,-0.0015687062270980223,-0.0031134164773629672,-0.000590309,-0.0013159722321987887,-0.0012004841175953062,-0.0026190032548483746,-0.0016332369960314855,-0.0036966098263003077,-0.002906222,0.001748669465044673,0.0017443790745176697,0.0016318762955567381,0.0008247098329247108,0.0038477926346339995,0.004883468,-0.00032176250036378454,-0.000464719550727594,0.0005872246523322263,0.0006514078483088094,0.000743580311358356,-0.00075222994,-0.0006092919438414481,-0.000584277535762737,-0.0021256139646689994,-0.0012047942535753204,0.00013582722264605398,-0.00021602504
2024-03-27,-0.005323445498466306,0.0027139145206643324,0.002811369520150821,0.003425855223685201,0.0014724478156868026,-0.0008215507546351958,-0.000119509714,0.002508721935062484,0.002610928231657919,0.0035507828849093703,0.0016765458573485912,-0.00015854019645236464,0.0006430116,0.0031968642288898617,0.003296133191500653,0.0036513508491785585,0.0015638868333608497,0.001643471970458828,0.0009496155,0.0003446178782076046,0.0003458142074415913,0.00045335741928173546,0.0005896315105238348,0.0004698718005336559,0.00040875038,0.001356356313350735,0.0011537868259131694,0.0006268815287108146,0.0006696304310814814,0.0005191248832595391,4.7602785e-05,0.004235520081217407,0.0040427144488005004,0.0035403998656183115,0.0011968386018835551,0.0018217128591134692,0.0026763198
2024-03-28,0.0023509171039046706,-0.0006972922500783655,-0.0006362196841193956,-0.0022243160077859685,-0.001420225785122822,-0.007671421999222981,-0.0064903744,-0.0005605207787391599,-0.0005019101445638448,-0.0021920657342706035,-0.0013436782833767002,-0.0058381307213898215,-0.006469766,0.00016168075704238395,0.00021433712988140591,-0.0019284535523588738,-0.0012921830359907368,-0.004995506899186781,-0.0033650817,0.0005390913701003599,0.0005395277403976808,-6.302816291395532e-05,0.00036181945293051366,-0.0015501829427918296,-0.0026773163,0.0014347938980063119,0.0013075273146221891,0.0006491656425803934,0.000625360550996487,0.001743030822030219,0.00287979,-0.0022437164994612204,-0.0019402582248591047,-0.00204105844226947,-0.001124073940974096,-0.0034990610977455833,-0.0012156772
2024-03-31,-0.008539828957536244,0.0027925023315392306,0.0027325059647036695,0.002868513920157842,0.0005272175933755757,0.0024182522689266506,0.0018266097,0.003151710563259606,0.003089843010003853,0.0029802853261291155,0.0006485240799535954,0.002294831658889148,0.0023548277,0.0028573429690049302,0.0027962264251899173,0.0035126878205823985,0.0004982939663476971,0.00270331719858735,0.0019828165,0.0008531222124131103,0.0008523314203723569,0.0003156356404991232,0.0006972825077155547,-0.0003211269885893845,-0.0020626613,0.0007173344087172842,0.0007349969980548443,0.0002675385346273844,0.0006291671556304084,-0.0012354222280254248,-0.0018163067,0.004156527845936515,0.004054589123943197,0.004060507352965298,8.721842980074387e-05,0.002417670807176266,0.00265498
2024-04-01,-0.003106393923142825,0.0005307239517645236,0.00038731526463363385,-0.002311635823097464,-0.0018537526064366747,-0.0026065982765140004,-0.0040604128,0.0010778129650939176,0.0009306942860725666,-0.00234082362168996,-0.0019654168968843383,-0.0029425746644374685,-0.0037174881,0.00387136619153877,0.003721040025897168,-0.0021181117165520956,-0.0017937317951074838,-0.0013228089600630373,0.00040425328,0.001303569281003226,0.0013010182425045196,0.00013953447847098838,0.0007035930063350623,-0.0004867729078700449,-0.0017878097,0.004049078115270575,0.004049923011429132,0.0005332715297029702,0.000692404751720629,0.0016707840725974712,0.0038743357,0.0018277743023561925,0.001523793138486264,-0.002097464242753476,-0.0014334928301969949,-0.00201686173645163,-0.0011412594
2024-04-02,-0.000924848659257016,0.0026101773490947934,0.002499298760454435,-0.002080675661362803,-0.0010353274008691477,-0.0014489119188605892,-0.0017660822,0.0025487846159486906,0.0024403752595993236,-0.0020930600071609184,-0.001166537234978717,-0.00061284342445994,-0.00012136324,0.0028502471899899675,0.0027617196880694553,-0.0017737324482966258,-0.0008814811302494191,0.0006469571743851296,0.0007893662,0.0002736042949293762,0.0002750781293735134,0.00022324845000506083,0.0006469993411892137,0.00018908656031605198,-0.0005759009,0.0009490191332127157,0.0008161695220573477,0.00022889082211952495,0.0004879240799892957,0.0007840539460319519,0.0008542657,0.0010072948201247987,0.0009080075492984368,-0.0019456222854477843,-0.0009107188537701729,-0.0020064603950424487,5.0578692e-05
2024-04-03,-0.0017077467624284637,0.0011898013861833794,0.001211503611733331,-0.001459294000462655,-0.0006805043463760711,-0.004207976321916187,-0.0027401738,0.0011892100868736745,0.0012229982332633287,-0.0014132150081293154,-0.0007226468575970206,-0.0037854439843755757,-0.00306477,0.0015293579500793044,0.001585382130736257,-0.001322920752837836,-0.0005888261906120055,-0.0029868666748417753,-0.003117164,0.0005390709348922985,0.0005395073850458412,0.0006173044362208141,0.0007176450863990105,0.001351275403923913,0.0013075075,0.0019757990695315267,0.0018814314649104789,0.00033467832015803917,0.0005826870552309221,-0.0013869554629333597,-0.001643894,0.002990032104193553,0.0028678863758285263,-0.000911174068410423,-0.0004525660209750005,-0.005142000348448728,-0.002806114
2024-04-04,-0.00136131445192067,0.0002340057593497346,0.00023826259733890289,-0.0020751970048394743,-0.0008676916918669798,-0.0017921505253439918,-0.0014749102,-0.0002852017533997678,-0.00027964504660060285,-0.0020452920288184565,-0.0010194194095722604,-0.0015634206481177576,-0.0012637574,-0.0008531600878423256,-0.0008458889042555083,-0.0017570718577062173,-0.0006671421098281119,-0.00021376065114886845,-0.0005598418,2.1178754029229198e-05,2.3639011063832896e-05,0.0006220880550873446,0.0006912266028516263,0.00016749028446099527,0.00039681018,-0.00027979515631073616,-0.00024549571085255215,0.0005901690054557286,0.000730350915152571,0.0012059271794152846,2.1805565e-05,-0.0038130408476948394,-0.003320311736792611,-0.0019188555389056993,-0.0006911560714857783,-0.001672424021134188,-0.00011718867
2024-04-09,0.004528881774195526,0.002821604465706311,0.002630210891160751,0.0034572401322631903,0.0023633565732820313,0.003556060942950257,0.0032324505,0.0031531830511783814,0.0029481156427465043,0.003444008337648925,0.0022779247935355907,0.0036561064110738842,0.003813062,0.000802961776176912,0.0006314381323758126,0.0033298702043652053,0.002312962916368743,0.0030437898601714643,0.0036561994,0.0007699688735058792,0.0007695030261267427,0.0004848769944137774,0.0006038317605699332,0.001511979851163783,0.0003242162,-0.0007827589569331439,-0.0007795378244834901,0.0008874530436290179,0.000645955235718508,0.0028266080746307434,0.0004169371,0.0018852237773836111,0.0019067654975802313,0.006029796186464724,0.002429315235507345,0.005450181742980772,0.005787783
2024-04-10,-0.005274172533772159,-4.805573590747469e-06,-9.677114753435371e-05,0.0036131170258642087,0.0014213407714174045,0.0013058311494324978,0.0010780235,0.0005160422355202572,0.0004129070903065617,0.0035767277077769664,0.0016107246735253505,0.002244263120306766,0.0015791885,-0.003814627990686115,-0.003876770425504476,0.002733185340524944,0.0015597590099687036,-0.0006299567779158922,-0.0009994854,0.000887263260014759,0.0008863390523913507,0.0004995633901284978,0.0005019274403566542,-0.00038967278146586,-0.0002201235,-0.0029270480603664204,-0.002884615950935591,0.00032463633669205634,0.0006286796446031133,-0.0005791691025160277,-0.0030613393,0.0004958335622208181,0.0001344319335239081,0.003329944480833729,0.001438084744957358,0.0013592374123921412,-0.00081890833
2024-04-14,-0.0009632841321360885,-0.001268674341868794,-0.0012302340428628938,-0.0021899361723153317,-0.001206325554972306,-0.004213137897590846,-0.004411237,-0.001299547664947167,-0.0012582804197846438,-0.002236384703127381,-0.0011567187623699308,-0.004181891938761009,-0.004021611,-0.0010626901035157904,-0.0010142852225608183,-0.00234263202068254,-0.001238311864326355,-0.003602915538549735,-0.0029659963,0.0006649944626134073,0.0006649388317676512,0.00020235748778264459,0.0006937589549972421,-0.000742171820708143,-7.9992365e-05,0.000669994145484304,0.0006902536223539951,0.0003204419488529138,0.0006556238066106137,-0.00033737404842885857,-5.0363546e-05,-0.0012993315139180248,-0.0012941899026033313,-0.0034669422409525793,-0.00214949830421747,-0.004573842346047467,-0.004493965
2024-04-15,-0.008352675321220637,-0.0006427734635248469,-0.0005067905734891921,-0.0015069669699448022,-0.0002685641852900819,-0.0013823867224275366,-0.0013839809,-0.001392004580612784,-0.0012482990595661125,-0.001458867546489962,-0.00033870999412283047,-0.001682301080794704,-0.00050306245,-0.00250845017192601,-0.0023710622423741023,-0.001460353287913068,-8.859645499562241e-05,-0.0017307516816354577,-0.00090411934,0.0003145432272815445,0.00031585708152892,0.0008667120164230767,0.000805710549704495,0.0015161376420103584,0.0020779055,-0.0007491105054223773,-0.0007397172392080443,0.0007063307553117332,0.0006848694423461334,0.0010970713753587673,0.0019282016,-0.004835318751641845,-0.004706872979982021,-0.0012481157016425355,-8.38930186671341e-05,-0.0003759594041927145,0.00011823499
2024-04-16,-0.0074083120454870866,-0.003332224815703135,-0.003158372971063899,-0.0025178866725977496,-0.001898116778119092,-0.005017593368135314,-0.0053725224,-0.003978874835914783,-0.0037955022757038045,-0.002489771016628369,-0.0017769520193778707,-0.005430148030592012,-0.0046089035,-0.01046106170646743,-0.01026113080263,-0.0026390899260168073,-0.0019930891474380825,-0.0064938049250796055,-0.0067193983,2.953407413960798e-05,3.196168045084221e-05,-0.00013629785812742718,0.00046072216713148866,-0.0012511662997477992,-0.0008281578,-0.006328985524842301,-0.006259596260568579,2.428715495971627e-05,0.0005817657300297691,-0.003087054273257801,-0.0022720147,-0.014444561936838815,-0.013714274597204848,-0.002179289989704821,-0.0012764326698731768,-0.0038775165840360193,-0.0049338024
2024-04-18,-0.009874318659651493,-0.001980901553071527,-0.0017865017563091419,-0.0024483129411138286,-0.001787969932939387,-0.0025570690734490033,-0.0037258267,-0.002425758829404162,-0.0022188694371013395,-0.0024513663968622327,-0.001734159953781519,-0.001957991108313581,-1.3165723e-06,-0.0018683927114289183,-0.0016773896171658627,-0.002441816430449934,-0.0014764152912850438,-0.0026205673494765257,-0.0016530378,9.593210089584622e-05,9.810023856012581e-05,0.0011918518077466687,0.0006763579064730424,0.0017018922017159458,0.0033440362,-0.0010024202323053524,-0.0008732610366625899,-0.0005821511660841966,0.0004610343864125102,-0.004105372483462561,-0.0017585075,-0.002700541975287068,-0.0024690026464125334,-0.002293232440007973,-0.0012885696191214354,-0.004513147603255823,-0.0035769453
2024-04-21,0.006212471674953868,-0.0020749879309809698,-0.0019410250104206148,-0.002519365392140353,-0.0019366053156531587,-0.006670906050133995,-0.0078019705,-0.0018273276366329349,-0.0016895900306695077,-0.002489111394327414,-0.0019710923033099694,-0.006845582904229794,-0.008179363,-0.0016073135146887942,-0.0014800477339316147,-0.002487838636246286,-0.00196389506591231,-0.005855491431763934,-0.005758518,0.000915937015781604,0.0009149007575299539,0.00021186112422890834,0.0007060988173293982,-0.000752442121187889,-0.0005101998,0.0007699704302179316,0.0007895629666736306,0.00022630461553787667,0.0006225683091281161,-0.0016340746747643758,-0.0024053683,-0.00029117825176984934,-0.00023869015453619271,-0.0041310206115788214,-0.002959041360729275,-0.008619474912036672,-0.008752788
2024-04-22,-0.007795762204529488,0.0010333867987523272,0.0010775579791088945,0.0029571918958303306,0.0012498533670733626,0.0002965523734556933,-0.00095089263,-0.00013256823469929473,-8.735533953159501e-05,0.002762415112547723,0.0012855340488137853,0.00032101047432016387,0.0010612918,-0.005078228216876308,-0.005009037848247442,0.0034415631788803167,0.001466152344443625,0.0012174493393353825,0.001545073,-0.0012711501017907104,-0.00126363971245513,-0.0003699542480701904,6.91110170758324e-05,0.0006024434278725963,-0.0011000739,-0.004127434833891678,-0.004211254280411419,-0.0009526888683661694,0.0002547972899880549,-0.005657779347405541,-0.004365238,-0.0028793396445945993,-0.002952893674734365,0.002731102211413068,0.0014054037195585865,-0.0007495049470996339,-0.0014487831
2024-04-24,7.617712709340196e-05,-0.0030220165069052415,-0.002945450937175693,-0.0024502866088299286,-0.0020933049359342162,-0.007319031320124853,-0.00856076,-0.005320683627003265,-0.005245677257580066,-0.002411636298232151,-0.0019097355932036909,-0.007353711835720042,-0.008907175,-0.0053655598014855565,-0.005287366440580582,-0.0021788870124510337,-0.0017736007262225616,-0.005878892756909959,-0.005622035,-0.001754210501995985,-0.0017448124205923842,-0.0017335577571754202,-0.00018951819868510486,-0.00722748445752126,-0.004892224,-0.0032920119792866727,-0.00291297025932159,0.0005748086845828737,0.0004640888050551536,-0.00042466346219670196,0.00031444247,-0.006051242916384538,-0.00553499157155343,-0.001600039316549303,-0.0012442130566200234,-0.004973500495728561,-0.006832031
2024-04-25,-0.0016467183716573075,0.001296453417813685,0.0012391322890930947,-0.00010511662474822776,-0.00011812079768547175,0.0008527611509330555,-0.00030967023,0.0016307231168610442,0.0015704070899877076,-2.4522533740860994e-05,-0.00043673575986523687,0.0007060921463184299,-0.0002538692,0.0032486410563123567,0.003186107352934527,-2.220151883280546e-05,-0.00031958789873675475,0.0009635662386252716,0.0025790122,0.000848438341727734,0.0008476658532066584,-3.247646444452682e-05,0.00047501758328333363,0.0002898589336061534,0.0011992813,0.002632889305101649,0.0027384552485475344,0.000323160209822574,0.0005612697801091522,0.004392563734962885,0.003930827,0.0057584511545077455,0.00562267073956515,-8.517482652038179e-07,-0.00021757445620970066,0.0036085499855172914,0.002517133
2024-04-28,0.007267783244969017,-0.0011526393811228945,-0.0011317956135857361,-0.0021363762199999472,-0.0008671322231225787,-0.004864751474043162,-0.0047457893,-0.0007935564510776968,-0.0007759525362198354,-0.0020938136193141004,-0.0010480278571539145,-0.004860396738554117,-0.005620299,-0.0010351160838665584,-0.0010250401531477266,-0.002140856533777155,-0.0009756957143196986,-0.004340288407664475,-0.005465946,0.0009321155595159183,0.0009310160791316602,0.00024393007955148007,0.0007096223700477107,-0.0003211269885893845,-0.00025713243,0.0004807329501037356,0.0004980661556097613,0.0003333042570929319,0.0006622226531129064,6.127839831009325e-05,-0.00026014732,0.000869305812949012,0.0007998548613712588,-0.0036969913234027683,-0.0017054755586007738,-0.006352733517928022,-0.0053759194
2024-04-29,3.534809032323949e-05,0.0006392623196495118,0.000604634525648311,0.0034260167552944486,0.0016562188418881992,0.0042479873286466775,0.0042957244,0.0008794783291136898,0.0008434182947376152,0.003335645718149114,0.0018149176407447646,0.0038790227667849448,0.0033874947,0.0036036832258961988,0.0035572884979675518,0.004312885959845824,0.0021504088518651764,0.0031308649060126053,0.00521428,0.0007521064111048848,0.0007517103662361024,0.0004408495019553633,0.0007481361312636774,-0.0030156461499114056,-0.0038895088,0.004000573325863758,0.003942048681177978,0.0009332157945230929,0.0006758811950172789,0.0023229983653047254,0.0028273242,0.003388085032092934,0.003389404040043703,0.003260888702425796,0.001751434813291427,0.006489681762052422,0.0076217777
2024-04-30,0.013013713918962999,-0.0011865479349887132,-0.0012140330953792063,8.778310190772618e-05,-0.00019158265808913718,-0.00023604349550276741,-0.0012456669,-0.0015366410897221833,-0.001561716077193093,0.00023161292229189335,-0.00024016263760722685,-0.0008226713092042249,-0.0010364362,0.0014233048997938794,0.0013856117446549682,0.00021866041663194078,-1.164467365114089e-05,-0.00014967257284459888,-0.0006014421,0.00018112407203178663,0.00018295929851538083,0.0007899711656522909,0.0007736453450324841,0.0039012449099552382,0.004812272,0.0042021975997597535,0.004063745900386647,0.0007819737194123172,0.000654825155978398,-0.0009138037328241737,-0.0012241085,0.0021469897751411424,0.002011412104888251,0.00042963775440209366,-8.075067521618438e-05,0.0016924858654542398,0.00022005636
2024-05-02,-0.0036552157423601628,0.0029920525339784936,0.0027388231613071764,0.003597038706985064,0.002531536435575143,0.0038665238891656788,0.0035413306,0.0024743066779161086,0.0022121091277923274,0.003338425245546512,0.0024203244122126557,0.003397317235789554,0.0039706305,-0.001627023451007693,-0.0018608517963806478,0.003336175977205539,0.002609418434572291,0.0025012399759748523,0.0026117677,-0.0001286296516545257,-0.00012558397685640704,0.0008394040887429841,0.000496998713936358,0.0013987101116694218,0.00202391,-0.004133524340210095,-0.004041301689022066,0.0011117299071580708,0.0006868039200623965,-0.0004272864592776691,0.0014479827,-0.00359156863596014,-0.0022595264096237854,0.003531486169473756,0.002745870033921441,0.003873720553139543,0.0067514
2024-05-05,-0.01237768518902893,-0.00242512977538397,-0.002466442866510264,-0.0022224476655650824,-0.0007049483128925006,-0.003930660364110565,-0.0043674437,-0.0023223569431778915,-0.002368210357556287,-0.0022688475941310547,-0.0007416851293097752,-0.0040806960953449255,-0.003993677,-0.0019187600892548863,-0.001969745126048285,-0.0023431354645488556,-0.0006288798050528323,-0.0031118787083653063,-0.003994841,0.0007945355966099634,0.0007939737479682065,0.0002776508830353772,0.0006972825077155547,-0.0003211269885893845,-0.0010755311,0.0008757705524375603,0.0008903094810888372,0.00034792347854370806,0.0006622226531129064,6.127839831009325e-05,-0.00011863128,-0.001463820767569163,-0.001571628269622604,-0.003575928579423716,-0.0016808384319256736,-0.0037173873978235505,-0.005294853
2024-05-06,-0.007942845435935375,-0.001969211037312739,-0.0019571563103383764,-0.002385484108171663,-0.0018068108222927836,-0.004083120155880949,-0.0039149662,-0.0030040323271067885,-0.0029843902811739704,-0.0024146719067641583,-0.0017848633795587373,-0.004365255973794503,-0.0038307745,0.0004230125925054484,0.00043291579476339493,-0.0022908722238919824,-0.0015282665313597862,-0.004249470651236796,-0.0044731977,-0.00035170168974692456,-0.00034778429928607906,0.000371067443998572,0.000683078632719114,-0.0028282777761396262,-0.002738035,0.0036137608097511183,0.0035092305356019438,0.00023881923622952195,0.0006163694570347379,0.0007963679249159357,0.0012148009,0.0007843098724745836,0.0017804119766545697,-0.0021142924578876486,-0.0014031489121277773,-0.00314688287563507,-0.0027089028
2024-05-07,0.001051138489867931,-0.0013347582909570858,-0.0011707386225192293,-0.0007805662668153409,-0.0014308618683887616,-0.0018817696281247629,-0.0006365373,-0.001552562797217074,-0.001375001480968134,-0.000779801034441951,-0.001340012968197914,-0.0011968440362822472,-0.00043180597,-0.0002238326241955225,-5.506716585519135e-05,-0.000841832747137354,-0.0013887036983236322,-0.00047390862495839964,-0.00016005983,0.0003423071724349252,0.00034351253139056645,8.483094999613478e-05,0.0006885479068167068,-0.003140090324278427,-0.004039817,0.0007359710069596109,0.000794260766253544,0.0015716182252132217,0.0005755716594711151,0.0002907895407031091,0.0020413913,-0.0025635630088854493,-0.002008627698902746,-0.0007193610877095077,-0.001128509967432704,-0.00038837095212114557,0.0002785039
2024-05-08,-0.00010710433247318463,-0.0014644518516792803,-0.001226972342363518,-0.00019406038552546748,4.43387195700618e-05,-0.005052925645903301,-0.006099911,-0.0018123251995523257,-0.0015543952987207626,-0.0001417276151538914,-7.069949784543905e-05,-0.004053966990511815,-0.0046994984,-0.004764968209693266,-0.004500014602814599,-0.0002154275259940529,-0.0001454744919769154,-0.003839190661995967,-0.003375988,0.00046292373972119496,0.00046365775609267753,0.00038921900657682573,0.0007234706169939386,-0.002231330846837305,-0.0020269942,-0.0021160020548746873,-0.0022057280093187295,0.0005324143297979853,0.000699340979867719,0.0014751309038450347,0.003924754,-0.004306838566560981,-0.004647180607262622,2.8353631483235658e-05,9.910507450268573e-05,-0.0014305762039974815,-0.0022991984
2024-05-09,0.00286745484659523,-0.0008563377204823322,-0.0007580509242943586,-0.0005830457122042508,-0.000303270473220779,-0.0028630122290654947,-0.0035665648,-0.0005543781281689432,-0.000449791473846719,-0.0005304638566611845,-0.0004172642817512553,-0.0028623095094357765,-0.0012597414,-0.0005375987718953326,-0.0004308997349043982,-0.0005261870561582322,-0.00033489678424645857,-0.004799981595494514,-0.0052494225,0.0007419829676629426,0.0007416264829482919,0.0008930972956842277,0.0007555253201207496,0.0020019807768941345,0.002327007,0.002970009634812332,0.002581762628524814,-0.0006417775980848518,0.0004809986279985672,-0.0024115638697902544,-0.0036861438,0.0023927691590050156,0.0018417705649511995,-0.0003413736480829134,-0.000197896812173707,-0.003847082671629173,-0.004881143
2024-05-12,0.004197198052483309,0.0007656219370077856,0.0007407627133085343,0.0031785925083038613,0.0006373037186853575,0.0021759301028855234,0.001699037,0.0009367806863770608,0.0009112170151816942,0.003301836780876513,0.0006362202539805289,0.002071186481582958,0.0020767727,0.0005596408757760558,0.0005401588248237488,0.0036249001267548504,0.0006211089172344607,0.001969261772459031,0.0014593682,0.0007473884537348915,0.0007470108455889338,0.0009003974900445692,0.0007052235096724753,0.0010662781191323172,2.6827116e-05,0.00010796480813021823,0.00012194113838557847,0.00030582272740213763,0.0006556238066106137,-0.00033737404842885857,-0.00023437531,0.000613855123152764,0.0005571152306902569,0.004268857938385349,0.00041007824803140545,0.0020830824434574847,0.0013536196
2024-05-13,0.012276824745869774,0.0005037461714173181,0.00048680852550950205,0.003685882210242366,0.0011351612144661224,0.002884559800161037,0.0028177504,-3.5602558161274716e-05,-4.845321449552275e-05,0.0036017720140297405,0.0013393062831397267,0.0025624192072285297,0.002978276,-0.0011203899518080003,-0.0011283900160144302,0.00313330497302363,0.0014205756331533898,0.001701102664968642,0.0017425017,8.003034967758412e-05,8.226062783118593e-05,0.00026697124508883786,0.0006220851906294146,0.0007208411683772,0.00036736025,-0.0019169120190133631,-0.0018555392209480704,0.0006610430520616437,0.0007246172303006597,-0.001496865314420622,-0.0026717812,-0.001723109515664714,-0.0017776714326459431,0.0033603902611302715,0.0011259110134655371,0.0025302398489936936,0.0032667655
2024-05-14,0.014216412687321878,0.0015783497216794746,0.0015394234674881533,0.0036477307826562814,0.0027798741457241926,0.005488885110050258,0.004447852,0.0010902924531356818,0.0010530444260542801,0.003572647040128184,0.002815449372708895,0.004915680209325629,0.0051955394,0.002142221695552124,0.002092361787313473,0.0037403435818517032,0.0031376214734727486,0.005160344672278133,0.004849799,0.00011321131887186663,0.0001153119332146259,0.0004246806890320341,0.0007353336664319362,0.0005278574572090822,0.0007327456,-0.0010071163456982814,-0.0007593670887955322,-0.0003053827425511486,0.0005885510519041813,-0.0005873759294806432,-0.003967914,0.0009317326305540317,0.0010451779980357031,0.0033082882738905105,0.002871959451251085,0.0022747477055522674,0.0017783225
2024-05-15,-0.00471638356100712,0.0013284149609975025,0.0012635342235385932,0.0038367889366804765,0.0033887283698419827,0.0031909117853267527,0.0018647591,0.0014560319230620658,0.0013872628809162783,0.003741194028166243,0.003364466110152263,0.004366810010426007,0.0026983886,0.003442844267541433,0.0033572310624114345,0.004383528332107501,0.003690737856605605,0.006378480230546388,0.004721125,0.0008592998532671518,0.0008584849203867968,0.001011542512626583,0.0007346883135521131,0.0018400400451192476,0.0030774684,0.0027875820789955417,0.0028269655478351946,0.0005990512404017519,0.0006966680479846654,-0.0015879789160592765,0.0004510882,0.001651706244884873,0.0020248902592871656,0.0036848349784422635,0.003281243066792477,0.004195492002706672,0.0037246137
2024-05-16,0.0003914059201806097,-0.002404584009805822,-0.0023767125056394964,-0.0021551424499028555,-0.000514570181527661,-0.0032828962533377384,-0.0038689517,-0.0019403106475404733,-0.0019165683304140915,-0.0021825621898856652,-0.0006596319088935279,-0.0030796367261105117,-0.0019426866,0.0009318366923966888,0.0009263380767846964,-0.001863994004534942,-0.00033485157171242246,-0.000839926925168308,-0.0015130525,0.0011730708647817902,0.0011710297849240423,0.0009043331409613385,0.0007652272378461815,0.001033884591393636,0.0009769999,0.004502084543130711,0.00440977871563313,0.0008977124984458667,0.0007428433798459404,0.002334317985967474,0.0011254782,0.0018296620518591837,0.0019290645965779158,-0.001977109679632169,-0.0003294866979068282,-0.0021758875672817407,-0.00047096552
2024-05-19,0.022380385574582107,0.0008813808621116167,0.0008309794605301868,7.279233067450602e-05,0.0009138671205803999,-0.0007344684551783904,-0.0006320614,0.0012122274888302627,0.001154349740867278,5.038331385892001e-05,0.0009120103460527557,-0.0012733868075623987,0.00013047217,0.0015205659259749516,0.0014526875607448744,0.0001237636646808508,0.0009091411064196154,0.0001675810223710406,0.0009845691,0.0008645341378438229,0.0008636987505493348,6.205666606500425e-05,0.0006937589549972421,-0.000752442121187889,-0.0009969522,0.0009767777582441863,0.0009965453917181075,0.00026839919773958084,0.0006225683091281161,-0.0012354222280254248,-0.0018766146,0.0053504221707810695,0.005106542286611444,-0.00045279876434885095,0.00040076812301270595,-0.0008304198887435719,-0.00087082596
2024-05-20,0.013256699091162005,0.003715136364841842,0.0035781920433937157,0.003661227389823428,0.003519949957969501,0.007558714202732817,0.0055523166,0.0029620017799048375,0.0028211561978305605,0.003523726805022668,0.003551665803666879,0.0062808067871702716,0.0058651594,0.0030009305181654964,0.002863178292693491,0.003891122392069413,0.0038129389837859872,0.007917730252895328,0.006132507,-9.092211487131342e-06,-6.5136622856023195e-06,0.0008641831892782959,0.0007472322264669618,0.0005379716749165326,0.001212235,-2.5682767319234806e-05,4.253706725496954e-05,0.0006059828648748588,0.000711123818997011,0.0006078223594111207,0.001618982,0.0034227436324217775,0.0033529844047675123,0.0036798852764764454,0.003521179878477285,0.007754706890554548,0.008956833
2024-05-21,0.011378612003831279,0.00036095122311037174,0.00022694844024025683,0.003746518397555257,0.0038721701980006604,0.004155144344554136,0.0009964386,0.0012808108862353796,0.001140670740826045,0.003701535439562251,0.0036822363138472713,0.004402322107248815,0.0024937217,0.0026085552393706225,0.0024687815593228265,0.004299725845309787,0.00402791956511804,0.005559391849025073,0.006059939,0.0016191493556630715,0.00161536510077257,0.0010173231286217201,0.0008257920369316445,0.0011801029563595598,0.001501323,0.003768566454193736,0.003664107959915973,0.0015110799805531459,0.0007381729974514195,0.004772539244954103,0.00448923,0.004803780221630653,0.003928086232343007,0.0039465215067603695,0.0035069972377105418,0.008396338836930386,0.004218165
2024-05-22,0.007322107473830108,0.001841297502691961,0.0018254264855343144,0.004230174266310924,0.004178666568035009,0.005301513886812545,0.004828436,0.0017221956014291516,0.001708213255301899,0.004094451283060673,0.0038438428116003014,0.00484000169451024,0.006342205,0.0024523382137892637,0.002432889115536082,0.004133678144765044,0.003989982398387915,0.00633456344265065,0.008158887,0.00042021541937797304,0.0004211163303189891,0.0008374229739386153,0.0007721172053807201,0.0020694908603381833,0.002917482,0.0023905113888739475,0.002085019216633638,-0.00020737274748978965,0.0005439668875576705,-0.0012446969298380555,-0.0024275368,0.0025490975005396893,0.0023742318041673595,0.0036164060097761126,0.003439159374162269,0.0026357144739253932,0.0018078929
2024-05-26,-0.010446163331830682,0.000994572443095326,0.0010031884988259332,0.004241565297636383,0.003522093006153687,0.005616830572876284,0.006300559,0.0011363594078504236,0.001146550725170835,0.004468788074590608,0.0035676937545050308,0.00546038291450636,0.0052269143,0.0006733647271641683,0.0006880116665733913,0.0045645193960052255,0.0035751072683892853,0.005554777054829573,0.005530467,0.0008153754072642487,0.0008147321213006695,0.0009410599528723644,0.0007052235096724753,0.0013383710308196468,0.0008798567,0.0001852136527054069,0.00020126282016776558,0.0003554624939750631,0.0006622226531129064,6.127839831009325e-05,-0.00026014732,0.000689118542896993,0.0006694140730503328,0.0053034700823038515,0.004291237094805045,0.007034218789346198,0.008750741
2024-05-27,0.0018614085291961402,-0.0029151365675382985,-0.0027185944439247945,-0.0023587079959182656,-0.0006918111907182501,-0.0027747312870930073,-0.0028590357,-0.0026984018836744626,-0.0024952333870713436,-0.002375488096701789,-0.0007547163525039577,-0.0031823436095949277,-0.0032687343,-0.00437411620200148,-0.004164141495565762,-0.0023857324550182386,-0.0011475409966624792,-0.004079460646445933,-0.0038154155,0.0010923798869196615,0.0010906541293669656,0.0006265798244824701,0.000806084460518598,0.00035647114397075147,-0.001236584,-0.0005678771200443563,-0.000492067754463882,0.0006056592296039876,0.0006974827341436587,3.222507664505793e-05,0.0018485766,-0.006596209399483802,-0.006089381213803114,-0.0020398365191967357,-0.00042637217985552517,-0.0016461535469015434,-0.0013781906
2024-05-29,-0.011349995376275679,0.0013715929199442896,0.0015610300596420892,0.002262892075668638,0.001712764626224318,0.003305368662005316,0.0035101825,0.0004385761889588873,0.0006406439076364356,0.002347298981935619,0.0020469558863185156,0.003309864982219648,0.0031519232,-0.0021023829838458354,-0.0018925644986137208,0.0019205772356871043,0.0015302338011825428,-0.0007656631516756666,0.0016414085,-0.00016471013138491595,-0.00016152346213689083,0.0005460290814785499,0.0006408707608223984,-0.0010172090466876867,-0.0011734942,-0.0031344003250227963,-0.003059922537718063,2.8521831729607655e-05,0.0006398773863075662,-0.00037864962182043466,-0.0027360676,-0.003257842072742569,-0.00293355401048848,0.002004594777547278,0.0016214927075144626,0.0017093329038214318,0.00067958597
2024-05-30,-0.009564987144712767,-0.0018808931927872942,-0.001840323506043026,-0.002501123086252184,-0.0011667292273753968,-0.005925596190858677,-0.0056455843,-0.0019808410526267295,-0.001931147223930623,-0.0024491057488686754,-0.0010803182542869323,-0.004909183400276113,-0.0054503214,-0.003164032434839921,-0.0031230981619883636,-0.0024178247119114597,-0.0013885056236715887,-0.005240387975882908,-0.0041333484,0.0006657003769931326,0.000665641987591769,0.0008150628160101184,0.0007532946831367849,0.004200351119372401,0.0015400822,-0.001032187170024658,-0.0009318879296584518,-0.00018338516758878087,0.0005120202191569967,-0.002552832685869776,-0.0019425356,-0.0027777889038544303,-0.002655597358344889,-0.0022102250811027956,-0.0008032252843725767,-0.005187910408907628,-0.0032990598
2024-06-02,0.006506836810235228,0.0006120541624744951,0.0006047471721369229,-0.001264160379006929,-0.0008377010225049485,0.0018735565841573273,0.0014346549,0.0009065309049978904,0.0009002349278427334,-0.001214552243882327,-0.0008047782827401212,0.0022116673171624765,0.0015590183,9.70569671589755e-05,8.274258152623018e-05,-0.0014430793503493202,-0.0011316040078016385,0.0011330077113006897,0.00062254205,0.0009325024971647711,0.0009314015047146714,0.00011182926638345984,0.0007085164175789767,-0.0003134261418574757,-0.00046327632,-0.00017494358050181317,-0.00015444213491665963,0.00021789876805445896,0.0006225683091281161,-0.0017998124970467785,-0.0024053683,-0.00011056657575493763,-0.00019890078133824758,-0.0035291098140386606,-0.0019270721578059117,-0.0020888538518032376,-0.003797341
2024-06-03,-0.0019076868242269285,0.002897354629099024,0.002860543200316816,0.002971987103987429,0.002110972260373771,0.0022851158667788253,-0.001408548,0.0035573459980985963,0.003509959195027272,0.0029783168634557873,0.0023399644447689555,0.0019718987924486546,0.00027590487,0.005343214960785508,0.005278785462551269,0.0036406683153364073,0.0020811369041298902,0.0042033862858337065,0.0027953226,0.0009025354781261131,0.0009015515900880469,0.0003390287075306577,0.0005797975834585287,-0.0006305326898474727,-0.00051908614,0.003627675689910796,0.0035040386449821863,-0.00015112794120579113,0.0007023284517862024,0.0010808935873223692,0.0008004505,0.007168131588075434,0.00710328589828161,0.0030847592308679106,0.002099905007216889,0.002874837114747301,0.003552821
2024-06-04,0.0029920514496897255,-0.0006056210246505453,-0.000575127932389063,-0.0021994379284100796,1.3547733592734598e-05,-0.004531953549326801,-0.005210679,-0.0028968711116193068,-0.002850123673500435,-0.002207303681265919,-0.0001876351994190928,-0.004232305603726276,-0.005590795,-0.0025189863221445155,-0.0024862461210331797,-0.002230845591805592,-0.00028062969144523637,-0.004881364837674109,-0.006741578,-0.0010694691382737037,-0.001062746873062843,0.0005063574953350223,0.0008373489780820326,-0.000999065849729344,-0.001801202,-0.0003876753102221383,-0.000666278227390784,0.0005053975078601086,0.00041102068087993577,-9.527601430310879e-05,-0.002174412,0.000592070733693403,3.362267723933327e-05,-0.0020632109786253403,-0.0010690610829586934,-0.003349664470049458,-0.0030059314
2024-06-05,-0.00268426887640949,0.0015865405351783994,0.0015822353919233293,0.0036391094047727533,0.0012584867446928307,0.004858607880458064,0.0032460967,-0.00017307419307465246,-0.0001660106333472392,0.0033005616856210994,0.0013320117794411725,0.0034420109434860277,0.0035314192,0.0022102951832344434,0.00220715296664382,0.004059678240985624,0.0015066387202529673,0.005069710532450665,0.0047395597,-0.0015430134628411916,-0.0015344406922588349,-0.0002232171007614988,0.00031038781983028344,-0.0004016833520404883,-0.0018207073,0.000335737752196754,0.00036539425560624586,0.0006843778546149357,0.004593024353024001,0.003736041062343818,-0.0012731815,0.005116829105502047,0.0052420967362181966,0.003342550148126858,0.0014512622482115553,0.004551082989663741,0.001866593
2024-06-06,-0.0009284448735362716,-0.0006321960627268235,-0.0006015229552016467,-0.0021631359581569566,-0.0004513583392085825,0.0009894598400316615,-0.00027437872,-0.0009158716199361933,-0.0008813349143094288,-0.002204395802967397,-0.0006180492059869964,-0.0016733655737087687,-0.0008340723,0.00022062177907365276,0.0002414303182966622,-0.0021493388451315257,-0.0005215987713189306,0.0007378406996465177,9.410103e-05,2.6000716020215648e-05,2.8442129905187027e-05,-0.00035663457537759137,0.00047065318487825633,-0.0005287603328996836,-0.0034458588,-0.00032538608014779074,-0.000203582900299186,0.0005464123085945857,0.0019523157586341705,-0.0005585299895267076,-0.0008159605,0.0018172899589436052,0.001977267396723108,-0.001990714952157531,-0.0004591360633018153,-0.0013054258762959022,0.00019999764
2024-06-09,-0.002211532182000653,0.000607284330901943,0.0005533581518088727,-0.00138135568560889,-0.00014956325791538476,0.002893204583023479,0.002179661,0.0009497732001329954,0.0008904228905554091,-0.0013875737113711111,-0.00010171284167894675,0.0016502051049595194,0.0014928196,0.0003877160425834661,0.00032846608056519847,-0.0014108526005138509,-3.232606599448491e-05,0.0013752135010751951,0.0012066714,0.0008831937836302845,0.0008822854786109567,0.00019946284248785514,0.0007060988173293982,-0.000752442121187889,-0.00082956924,0.0004101188301664369,0.0004282547279348212,0.00021035975262310384,0.0006225683091281161,-0.0016340746747643758,-0.0022638524,0.0012540911532125058,0.0011383211256612686,-0.002458168219158729,-0.0007978486051988408,-0.0009611966861685944,-0.0011302007
2024-06-10,0.004283713063728989,0.00018043447696361199,5.5751122215493085e-05,-0.0021968710031267926,-0.0007390136799304735,-0.0009982773712501156,-0.00257052,-0.0015246889726386712,-0.0016414969212400292,-0.0022242694816676516,-0.0007608677115941986,-0.0009557997169333679,-0.0019267681,-0.0021159853903322686,-0.002231403413104683,-0.002223683817346388,-0.0006884889057461994,-0.001358682251475066,-0.0027009614,-0.0009540267770028628,-0.0009477556347356204,-0.0001210399792909204,0.00048483557317761017,-0.002243784618076636,-0.0036035613,-0.001226531272558378,-0.001270993797707265,0.0011802186085903901,0.0025304631372794362,-0.0009463862022973787,-0.0014072307,-0.0013387168722364695,-0.0013852490875945326,-0.002088139047077278,-0.0005295928111157102,-0.001864123833677444,-0.0014191093
2024-06-11,0.0157960843135303,0.0019702651913980113,0.001822504514944563,0.003507928142048233,0.0011917740610832214,0.0037120657728318372,0.0028241065,0.0017131343701919607,0.0015631042377265542,0.0032758381532230446,0.001438114277737495,0.0035585980053664435,0.0031349128,0.007551947719383157,0.007388530177658445,0.004134803701637501,0.0018529894453181955,0.005364436669006572,0.0052725035,0.00012359731626728756,0.0001256573444537541,0.0006007553496604975,0.0006316537325712257,0.0011816701931628639,0.0013138134,0.0061232645126782755,0.005981464326208933,0.0006888703679284603,0.0007065497662391023,0.0010344272785183064,-0.00082778424,0.013449127402067138,0.01298270179157707,0.003395327020063178,0.0013791082130077366,0.0026568147118060785,0.002650059
2024-06-12,0.0030116665749106986,0.002288474880172362,0.0022049586851173894,0.003628360271563008,0.0029052793801775906,0.0061992206952236,0.006125744,0.0020613483109189756,0.0019812697950523546,0.003679572246879913,0.00301229039673809,0.00580446258339118,0.005841269,0.0027617339824929964,0.0026937453827882104,0.0038622629077862793,0.0033235354779100096,0.004585499233556053,0.0040008766,0.0005516885839693868,0.0005520757271706958,0.0012362482016706905,0.0008118385625175363,0.0019730309160272573,0.0037388923,0.0018985645612097308,0.0018557373838944224,0.000575063795302632,0.0007334139878613644,0.00022961321950539003,0.003568832,0.004281499818396903,0.004440159316615467,0.003518474476960604,0.0029966273416125034,0.004411518223687889,0.00477106
2024-06-13,-0.0044072807887989285,-0.00080326195713148,-0.0008431329467114422,0.0034532619637975127,0.0017847507648912203,0.0034703856259226435,0.003023195,-0.0007524982012731708,-0.0007970443207103968,0.0035193224918962174,0.0018953117358445556,0.003621555809488182,0.0035638849,-0.001239384316780146,-0.0012716496866916802,0.0032328392077908275,0.001870008736148782,0.003373728555011117,0.003264482,0.0010159911122607237,0.0010145638649646082,0.0007267301730211148,0.0007441959982350131,-3.078485954977491e-05,0.0007069142,0.00065701214209437,0.0006539228219396929,0.0002442288676277782,0.0006362034667136818,0.006211423835709834,0.0035938313,-0.0005233569597345686,-0.0005914499204521193,0.0034086062488132562,0.001661987890870524,0.0028348604813991027,0.0023555704
2024-06-18,-0.008993909715613313,-0.0015161484613380478,-0.0014069078589992196,-0.0023692400547443058,-0.0013938118960128314,-0.0010616586436132582,-0.0014767245,-0.0010857496042209474,-0.0009773090056271825,-0.0023794476647536387,-0.001169477796780313,-0.0016491334489175296,-0.0015865085,-0.0012624223486476227,-0.0011448620555177856,-0.002308842705675523,-0.0012323713823553263,-0.002208391895438338,-0.0016694124,0.0012413108016133846,0.0012390030553358178,0.0012575101077047005,0.00079159175460914,0.0009919040392441414,0.0018053412,0.001756441179995882,0.0016081092869997156,0.0003254199540838927,0.0006685238713324917,0.0006085672300001578,0.00018446143,0.0005692474271677462,0.00020938727968246778,-0.0020995057549967142,-0.0008825609711650437,-0.0016666191835976916,-0.003297086
2024-06-19,0.0010925938154482395,-0.0025015051051455518,-0.0022327992487961683,-0.0024349334819540494,-0.0016011446759719148,-0.0010230501997627226,-0.0021619813,-0.0011065521646153257,-0.0008320944947638629,-0.002464121280546545,-0.001507589068122213,-0.0012503128930152667,-0.0011079452,0.001603896583719203,0.0018742427718366121,-0.0023769071531333907,-0.001374340512018358,-0.0005123257299731792,-0.00080457964,0.002060058679569145,0.002054551449594994,0.0016936235525537296,0.0008853781223326103,0.00040068279427020947,0.0052301898,0.005361815307098534,0.005197764492824761,0.0012025976951256874,0.0007513383777311501,0.0031456743500358248,0.0017475582,0.003947014156715881,0.0038373293563717047,-0.0021693443760019806,-0.0011271320374977487,0.0010548442206497958,-0.0011868381
2024-06-20,-0.005039713396704393,-0.0006615009269928065,-0.0003725344428537024,-1.0499437828933824e-05,0.00024360076946249878,-0.0016167939403955438,-0.0035283747,-0.0007312020960120111,-0.00042603403068344975,3.316806561708439e-05,0.0002313605813623847,-0.0017994486447524063,-0.0023333703,-0.0035560860126156602,-0.003239403938540368,-0.0001419745939785947,-8.53124838798191e-05,-0.004095596642871473,-0.0057512536,0.0006817302634339484,0.0006816092328194516,0.0004774514813154651,0.0007483108333774637,0.00029544670407222765,0.001119494,-0.0032319685005161515,-0.0032799319454390966,0.00029997967258199836,0.0006412224174569846,0.004302637287378198,0.0013894893,-0.005269282620324945,-0.0048977678724260905,-0.0001883168198621309,0.00021513969133227264,-0.000736719771877398,0.0014529991
2024-06-23,-0.002599698892296054,-0.0018068458585963143,-0.001646119120761329,-0.0023144317326825605,-0.0013198561022510359,-0.005503131146014761,-0.0072375857,-0.0015627884841179981,-0.0013950212076151553,-0.002312468080125273,-0.0013375211006686255,-0.004969249511029607,-0.00790776,-0.002636635222740832,-0.0024716725054500766,-0.002446990389953737,-0.001608431997767997,-0.006654697912917097,-0.008332694,0.0009238147978064702,0.0009227477549435464,0.00010387212355564854,0.0007047097242126545,-0.0009980937116577208,-0.0014666322,-0.00056188629497354,-0.0005399591244594643,0.00019574053117232769,0.0006225683091281161,-0.0016340746747643758,-0.0022638524,-0.0006119445013580751,-0.0004612358651352632,-0.004369139866543213,-0.002507740197941241,-0.007882783979248879,-0.008355295
2024-06-24,0.0015596622279590022,0.0005547970951222917,0.0005473257709207417,-0.002113321734037209,-0.000949051850171068,0.00038829479134179246,-0.0025979707,0.002262260244234675,0.0022442003472944254,-0.0021191275333299142,-0.001082189369294472,-0.0007054709667183524,-0.0011101909,0.0014497801554180332,0.0014326651853114678,-0.0022648737374179814,-0.001080549608477017,-0.0023768717791575254,-0.0028238834,0.0020543203203054593,0.002048835514556646,0.0008876091141478719,0.0008162523669754686,0.0021178671308306365,0.0012488978,0.0016745281722406013,0.001700514471195699,0.0003478271497733061,0.0006247036405585833,0.0011744705372301236,-0.00022850954,0.0062041465864352075,0.006052178078378193,-0.0019731609406352015,-0.0008353450806419323,-0.0012183883415604203,-0.0007594802
2024-06-25,0.002711502339176164,0.0012661708419863275,0.001153033449905549,0.0009759801908578573,0.0002574884899436476,0.0025837227280548084,0.00033595657,0.0016292833541334203,0.0014984910510378474,0.0010927758087312992,0.0003316411152614649,0.0018813094961805403,0.0015469055,-0.0010276662054945161,-0.0011496727814042972,0.0008500133710300936,7.932055053595192e-05,-0.00024925586940470896,5.567765e-06,0.000836150353722539,0.0008354258839119192,0.0007874567234732912,0.0007240276125101588,0.0007009075653323075,0.0010497676,-0.0017986674133337426,-0.0018304115527108989,-0.00026252708886139543,0.0005005640610178027,-0.0011652366035484131,-0.0016202728,0.001412756032274227,0.001149320969371704,0.0010656670970004929,0.0004501615380626148,0.00037963058571520897,0.00086654327
2024-06-26,-0.005619664686596693,2.1638909820312444e-05,6.696092553073584e-05,0.0035377172761698506,0.0008030507110030228,0.00502873010304639,0.003636102,0.0014128835460398494,0.0014458178567896716,0.003492122018541434,0.0009046482459025829,0.0036120407004447985,0.003273219,-0.004802564801386186,-0.004744946347989864,0.003062148960854678,0.0008281859008654157,0.0008826631915317895,-0.00037843978,0.00190910799848086,0.0019041906500271827,-4.4440529114045035e-06,0.0006093834381653006,-0.0013300659571095499,-0.001991541,-0.004295780798985983,-0.0042003311492955775,0.0001519429185907577,0.000613656277311703,0.0005234365080051081,-0.00059565593,-0.0009904126195762124,-0.0012715399644799294,0.0032669311964937907,0.0006679178624930952,0.0024363705859695673,0.0022952398
2024-06-27,-0.004007709494491252,-0.0015416332903611853,-0.0014712265537579878,-0.0022102182574253106,-0.0015755472099871926,-0.0016984357984422072,-0.0017756027,-0.0014354657786188204,-0.0013657664069418297,-0.0022073513764500423,-0.001508140522898206,-0.0010249648361408843,-0.0012504774,-0.0022426124148684445,-0.002185259709282302,-0.002255296573979961,-0.001618545577845818,-0.0027853872522564413,-0.003158846,0.0009729717382035833,0.0009717126010053859,0.0007998197512300478,0.0007731599782309798,0.00017349786927673875,0.0007652679,-0.0012286124945601125,-0.0010808952608663677,0.00043783311814361847,0.0006902301268751189,0.0010660252421071249,-0.0016749614,-0.0003617950541558898,-0.0003373210072602893,-0.0020143574650656605,-0.0011272184750082913,-0.0021060019449715794,-0.0016182271
2024-06-30,-0.007253621303612512,-0.000755325726694451,-0.0006478901379579555,-0.0021551424499028555,-0.0011822495663541556,-0.00017624901756730057,-0.0027666772,-0.0005631400787234452,-0.0004542792125588613,-0.002201542378468828,-0.0013113657274428322,-0.0012892530708389634,-0.0029585352,-0.00040773543094921815,-0.00031038866997170906,-0.002307788842704763,-0.0013348077840519461,-0.00216613171922394,-0.0033503508,0.0007860853594962357,0.0007855565324922815,4.715448383104516e-05,0.0006937589549972421,-0.000752442121187889,-0.0014133961,0.0006877833836729588,0.0007064871079469471,0.0003152040696234307,0.0006556238066106137,-0.00033737404842885857,-0.00037457293,-0.0011375166424418535,-0.000985600182258939,-0.0038907549087570403,-0.0022706652636395,-0.004040067497060443,-0.00468385
2024-07-01,0.007964897001637716,-0.002005591794448379,-0.0018930724792338288,-0.002436545270406532,-0.0018093187015281473,-0.0020177978422473383,-0.0038234827,-0.0017341821959230381,-0.001618599875541857,-0.0024467528804158643,-0.001847360158852464,-0.004356516829730623,-0.0034951477,-0.0028246700675615645,-0.0027108797215368683,-0.0026190032548483746,-0.001960423550241991,-0.005531125898549874,-0.00424492,0.0011758240764814466,0.0011737722376877892,0.0008529604544464266,0.0007494876296862042,0.0005587156354555658,0.00025335766,6.334806666005569e-06,9.488367471076201e-05,-0.000255316426427157,0.0005252985262890726,-0.0021717112283647882,0.00019343909,-0.0021961018531999545,-0.001984175344740931,-0.002181382409290682,-0.0013786988285068224,-0.002248787104773739,-0.0028390011
2024-07-02,0.022654869781496778,0.0008447610764254552,0.000966920429663164,0.003222083695395341,0.001669460012431076,0.0023960859201661313,0.0013916821,0.0014984090129404406,0.0016183202566662186,0.0034083742519149824,0.0017226335506536675,0.002290873336224652,0.003594373,-0.002260882591152439,-0.0021294216143230293,0.0026459916959349255,0.0015516410571398069,0.0006296300280895232,0.0012407482,0.0013043164587498467,0.00130176250044752,0.0008916158980188371,0.0007616813423685128,0.0008050097122375367,0.0023620778,-0.0016785328171058573,-0.001814495198425842,0.00014083809627930921,0.0006778324876339633,-0.0018721721170646577,-0.0026782658,-0.0022255709200410855,-0.002318625151577244,0.0034139672796689845,0.001834321682041572,0.0033011363290219677,0.0023329782
2024-07-03,0.001802766473521622,0.002734010384825627,0.0026435669892660996,0.003459917806170453,0.0027436860850333345,-0.0007148513318431503,-0.001927168,0.003732346749989965,0.003633739092377201,0.003568981954302354,0.0031058151273157027,-0.0012588635924690493,-0.00060323294,0.0024141674869301594,0.0023260744047146637,0.003538914897031675,0.0033093714800941447,3.739220448998061e-05,-0.0021025296,0.001423100674815948,0.0014200825343484529,0.001138681994054377,0.0008674863187789168,0.0012655734371268966,0.001624519,0.0016269236517300126,0.001289349483512117,0.00033406017496603093,0.0007038633031929662,0.00048692194960166756,-0.0014514992,0.005552191307203639,0.004915073418777422,0.003433456798314678,0.002935807988365711,0.0013962075015415897,0.00015563397
2024-07-04,0.007329717089750609,-0.0013700877072961395,-0.0014855906380087333,0.0015057838687644578,0.0011710559598896325,-0.00027547312389128366,-0.00019475174,-0.0008623585510776821,-0.0009902167621905513,0.0016141756819089514,0.001458742829159179,-0.0003468775487607788,0.0004237554,0.0012285460565881038,0.0010974401972190955,0.001682503278113934,0.0012130176225056714,0.0006310667762158853,0.0018681326,0.001225866605193587,0.0012236192113834704,0.00042347341254056833,0.0006956256202920014,0.00016466450375365903,9.588512e-06,0.003955822237323949,0.003618081134042051,0.0009043100603558973,0.0007319225936279455,0.0002383889831222446,-0.0007051779,0.003184629569327298,0.002601581852648751,0.0015455428082407896,0.0011671816370578245,0.0002506860981381785,0.0013406337
2024-07-07,0.009984428128962719,0.0035045568067359,0.0032243719802711192,0.003731348522272635,0.002850235093961692,0.005083898040836475,0.005458847,0.0039385346684158665,0.0036407652318058833,0.003781615724888828,0.0029474226023312794,0.005411920520835896,0.0054164175,0.0043244416381501925,0.004038867490248342,0.0044472007624324385,0.0028930611777054933,0.005341616489185667,0.006406746,0.0008293081286621317,0.0008286103967376386,-5.79577234474327e-05,0.0006937589549972421,-0.000752442121187889,-0.006211063,0.0011776475568235655,0.001194110825650646,0.0003700817154258394,0.0006622226531129064,6.127839831009325e-05,0.00015983514,0.005348918891282711,0.004933056834332336,0.004766140476312094,0.003308689827494174,0.006944380917393992,0.00780754
2024-07-08,-0.0021602320128684127,0.0012820062354478336,0.0012138335351443586,0.003752160797290797,0.0035543869862865504,0.005642835321375113,0.0064343032,0.002150610879989567,0.0020774748123944522,0.003778926554268296,0.0033467582693823537,0.005775586894816358,0.0070591606,-0.000614498957645217,-0.0006699058907044938,0.00315243554489646,0.0031498145336468024,0.0027648371340903565,0.0033757503,0.001560256292230707,0.0015567021782680397,0.0007186877381055862,0.0007830388883113904,0.0029046452797806864,0.0016038386,-0.0014011647443111612,-0.0012957474554363738,0.0008899048818457435,0.0007784715291126978,0.0070485288545300085,0.002497563,0.0005253378988400956,0.000540060711665192,0.003639007210054553,0.003213150694754787,0.007431650464729718,0.0062452415
2024-07-09,0.007363930592936718,-0.0022668681380605955,-0.002080261365332623,-0.0020420675100839866,0.0007365707472827847,0.0006027331209427324,0.0018863707,-0.001457763052501785,-0.0012683958124524509,-0.0020709196570854555,0.0003637575792689905,0.0009778776963599313,0.0014731911,-0.005822328738006307,-0.005609505937765837,-0.0022190326839372264,0.0002497532604974928,-0.0018898864519081642,-0.0017311668,0.0016408809355229338,0.001637011758475891,0.0006458952620338996,0.0007059720849076672,0.0001249915368526642,-0.0021049145,-0.0027750773082269777,-0.002671623668402077,0.0008438229742041201,0.0007079908988436966,0.0006924571895867374,0.0014013429,-0.003786972372438795,-0.0034819040766909414,-0.0019636309423131625,0.00037269179765184597,-0.0011442971722080719,-0.0006748721
2024-07-10,0.010749859732027467,0.0022299453668037025,0.0022590681433498675,0.00363023504752102,0.0029507453773951475,0.0055304172946486,0.0063076033,0.002736031275537528,0.0027630695228784427,0.0035130207106081474,0.0030722142433555043,0.005384252126625481,0.0053012567,0.0017372336728954116,0.0017704265406643482,0.0031732363962531022,0.00291718816864168,0.0028151559916444074,0.0040295734,0.0011701831061677716,0.0011681533110252038,0.0002071054533409425,0.0005729618111405024,-0.0011251528240584562,-0.001891874,-0.0015523951109284446,-0.0012055682484011583,0.0007221172908865661,0.0007847727473322833,0.0014495852499979657,0.0012951203,0.0013427002938750663,0.0018221167312612928,0.0034870032833983445,0.002723626577146334,0.005342596711351291,0.006459941
2024-07-11,0.013338066829422068,0.001088832632179339,0.0011405732466576628,0.003613433973098162,0.003549241329928732,0.005197987367206261,0.0048533194,0.000952480178099852,0.0009976885340666794,0.0036889758368905453,0.0034270748780578066,0.0055621919778142395,0.0072299866,-0.0025362180608755162,-0.0024816546258982354,0.0032102478192864914,0.0034293533687040118,0.003394397074534269,0.003940005,0.000517494341528591,0.000518015108186098,0.0005923558091429554,0.0007325564095619455,0.000979272333989333,0.0023712998,-0.0038707203147947296,-0.0036083992463170553,0.0003172401196381633,0.0006761567632646839,-0.0023516226318946874,-0.0019677905,-0.0019441991174725965,-0.0017457560492439052,0.003470954808829334,0.0032709357570184444,0.0041775067936610805,0.002763425
2024-07-14,0.023747250116930907,0.0029190413099253352,0.0027501944491166276,0.0040366355980099525,0.004059166763910328,0.0048450420002701475,0.0044995584,0.0030180625095133744,0.002840940217419032,0.004243155608955182,0.003976738769307283,0.005336565051919584,0.007130617,0.003711221467022896,0.003530716676807702,0.004599604791781172,0.004190741076423957,0.005194391170519788,0.0064806645,0.0007339474260980841,0.0007336223424837282,0.0006219213500973011,0.0007052235096724753,0.0004671309688404648,-0.0039351005,0.001287556609017777,0.0012973420833782816,0.00038528323984218,0.0006622226531129064,6.127839831009325e-05,-0.00065272383,0.005528448790845161,0.005245169750587135,0.005041654788320557,0.0050893656606963876,0.008126929796758761,0.007901345
2024-07-15,-0.007638987791724006,0.005146251820318468,0.004948723341499738,0.005727163870641681,0.004886746599947992,0.008709768811494649,0.008107101,0.005266164789523415,0.005055430297248545,0.005004449025912214,0.0043094015086195285,0.008171901847634106,0.00961315,0.003918131147691184,0.00371770936342056,0.004945293397029004,0.004462454477509749,0.007848776342041655,0.010524482,0.0003484801189602605,0.0003496613554206897,0.0004618177967615278,0.0007191490814770067,0.0012523611338503436,0.00077846966,-2.1777511960341367e-05,-0.00029282787306895487,0.00033114924387903983,0.000596200452408778,0.0014297555304477,0.0028520725,0.008032603675993759,0.007208099753384304,0.003862721614256352,0.0037105096555398414,0.004765132217586079,0.0037014051
2024-07-16,0.03084401834497008,-0.0010520795985698717,-0.0012657401861447138,-0.0021240796535044962,-0.0005767013523235789,-0.0038871036827557437,-0.0043142145,-0.00018813250675398842,-0.00040882138762575394,-0.002278177652237126,-0.0004445133161953179,-0.003434174620079119,-0.0031925717,0.004056495659958357,0.0038203125073231026,-0.002082533842158011,-0.0003417626479072987,0.00032837568383551637,0.0016220643,0.0013830998728217784,0.0013802380465473035,0.0010362187923894386,0.000807385356526769,0.0017100031169764807,0.0029762427,0.005478525667780376,0.005290105019238361,-0.00021803888014111032,0.0005696344593027075,0.0020528011134755505,0.002455417,0.005410357304375451,0.004960375765880338,-0.002128758154491184,-0.00015804687513502465,-0.002951763709255661,-0.0027182624
2024-07-17,0.023118658324428054,0.008506859057838342,0.008262777087904672,0.00501024632914469,0.004617203572724827,0.007640255395899876,0.006583467,0.008587006420898583,0.008331654707933246,0.00450405825837481,0.004200751971981945,0.007265033136097075,0.005560588,0.010345933876007971,0.010085100116182787,0.005706358228748935,0.004586894845925379,0.008485881900086166,0.007995027,0.00016508911888075083,0.00016698700637705248,0.00042889785269771655,0.0004701534190987194,0.0018618267214604734,0.0012449251,0.001000594253705069,0.0011183165672800476,0.00018478525589812146,0.0006330196877637627,-0.000319783347016079,-0.0032947604,0.010220064350741166,0.009985073164208115,0.004107425082560295,0.003285927387947628,0.004378441435676372,0.0022698026
2024-07-18,0.024929511193772846,0.0028780020524933198,0.0024667952070181343,0.005495772860034256,0.004740064833353502,0.001963834556991597,0.0039008777,0.0022633841595591404,0.0018356858058839955,0.004883015132037498,0.004631563191123161,0.0015884260187190794,0.0031985827,0.003068255773947941,0.0026421237967585833,0.00423763378914022,0.0045081943608325905,0.0005668109259054895,-0.00021363654,-7.469292400513847e-05,-7.185802188247549e-05,7.844718941767771e-05,0.0004604822316375437,-0.0004863789140357276,-0.00028106724,0.0014975623059912118,0.0014799360022493705,0.00026394609589094854,0.0005927329688828923,0.000488790137575742,0.0017411286,0.00431926999876972,0.0038777146314779433,0.004538137072168839,0.003786396628743775,0.004638427818467486,0.0056401617
2024-07-21,0.025099784944970338,0.007691969668217988,0.006903142156251188,0.007389881355811336,0.00474257179760044,0.007136092419593941,0.0067731193,0.008025628318058088,0.00719567127102829,0.0076095956511865355,0.00475901832495507,0.006448158738100264,0.006166894,0.008694286972367392,0.007877445067648524,0.008803784078080284,0.004788061301996086,0.007163291691967982,0.007532875,0.0006102143689093755,0.0006103728064251044,0.0007619299059095289,0.0007154894004635628,0.0022895581829475873,0.0055127796,0.0013479227896007104,0.0013549257455926075,0.0003681859641143537,0.0006622226531129064,6.127839831009325e-05,-0.0008512813,0.009060045175530251,0.008015202654937369,0.0094358966447583,0.006028972657491486,0.010925818728479057,0.006595502
2024-07-22,0.0008644902157408652,0.005376062980821786,0.004961399975619993,0.006975591521264048,0.004344535058012122,0.0036205657122202503,0.00881184,0.006299315446211289,0.005855925800663505,0.006486899757301828,0.0046945424468451385,0.004129805134506608,0.0048497403,0.007935605430675997,0.007495259962356167,0.008361744292656483,0.005678919591112818,0.011256950224182194,0.0115890615,0.0007344368218103301,0.0007341098257469226,0.0003022245592548019,0.0004891114666326132,-0.0009787178468093302,-0.0018525795,0.0035781637569785012,0.003370073897509656,6.15610516994148e-05,0.0006899920468709933,-0.0021769252818739475,-0.002066246,0.009255524528994226,0.008603688664827643,0.006591834219762692,0.004422841634668393,0.0071375392143536425,0.0028780163
2024-07-23,0.029830857595659843,-0.000743783747131457,-0.000759635714023512,-0.0012093358051451777,0.00296068596283552,0.004537498020592972,0.0021055988,-0.0004288935655385167,-0.0004542761801460094,-0.0021810368050706056,0.0009882096148556708,0.002427808822760816,6.460071e-05,-0.005503554335201561,-0.005505098447408412,-0.0009413989750978587,0.00037334613690272173,-0.0013271091478274516,-0.0020707457,0.0005541882669558894,0.0005545656419548307,0.0002439576074161916,0.00042352758636509075,-0.0016003701559591183,-9.412598e-05,-0.004548592944427365,-0.004392129453943965,-2.7670363378438933e-05,0.00048166656010640907,-0.0006180850569465059,0.0011065663,-0.004420315078506817,-0.004560957310259196,-0.0020366201086602933,0.0006330843650270532,0.0036029748314642816,-0.0018518115
2024-07-24,-0.010714794423167362,0.006492029980114965,0.006548081239152797,0.006180068844803106,0.005032791526826314,0.003022366184513174,0.0054022856,0.007113897824409728,0.007164383695429605,0.006859821009222964,0.004644756399395163,0.0007337381633184558,0.0043985434,0.004405871675844246,0.004456958952504284,0.003999142872148294,0.0032064910725670614,0.0013833535768101976,-0.0025440264,0.0007803187869681366,0.0007798124944406533,-0.0002442719009276825,0.00047501387123165625,-0.0020878393232231724,-0.0032220327,-0.003467851383718767,-0.003115712614427002,-0.00024258333505873568,0.0004350940921279148,-0.00039935527503715717,0.0020652367,0.003460992574732607,0.0039673772431392165,0.006247669437775748,0.003987251261764926,0.0017586868545803954,0.004389132
2024-07-25,0.012538808772676546,-0.0035436375691514903,-0.0036386094560982313,-0.00595514307003993,-0.008465642179784882,-0.0184279257751368,-0.016983345,-0.0032758375192430697,-0.003375828122032615,-0.006551024093315459,-0.008301754702920784,-0.017131187866742996,-0.016589759,-0.0035233668889631817,-0.003628872184384363,-0.00610100047645396,-0.008832699782992007,-0.00990898592772764,-0.020198736,0.0009024083810819697,0.0009014249897107446,-0.0006225334958412281,0.0003282687579070183,-0.0014148093593758441,-0.0037378254,-0.0008601314649667151,-0.0006485693897420923,0.0003797894520618817,0.0005530047988110515,0.0005017194090351119,-0.0015391578,-0.003558019369003394,-0.003506027224037142,-0.004805891423778805,-0.0024317286577703666,-0.009033248857060368,-0.009560659
2024-07-29,-0.007662901431512381,0.006082038139707679,0.005994215246743911,0.01493080327772477,0.005992343125430932,-0.004095253255089226,-0.011145246,0.0067940909852352615,0.006680585339708626,0.013732344110996492,0.005478598217503584,-0.0015393177576595281,-0.0016446648,0.009524561683290748,0.009408863747884673,0.011671085464885583,0.005434581337650386,-0.003134463810337521,-0.002624935,0.00019988053571561016,0.00020164246613167257,0.0002028506789480951,0.00043242788550427346,-0.0011444417299183087,-0.0012823063,0.006485951778607037,0.006049483804443371,2.0934561866337856e-05,0.0004008208514921143,0.0009220624869605362,0.0036912838,0.013886231740397636,0.013302698053280632,0.009875961209556939,0.004523565295136244,-0.005548466859118913,0.0011999166
2024-07-30,0.013274448618393997,-0.0018777222476042774,-0.002389872576778161,-0.03474790699355717,-0.0182900694633099,-0.03900318402725023,-0.04584139,-0.0022574756918835237,-0.0027986681296806545,-0.028490902262300458,-0.014063655528616522,-0.03353618695818253,-0.034672655,-0.008507780046549404,-0.008990441978273358,-0.032248753058792094,-0.015982072838798444,-0.0329969823547321,-0.04067495,-6.666187060494651e-05,-6.385835204382635e-05,-0.0004780635663620862,0.0004394496731129554,-0.0015960212211477338,-0.0053779283,-0.00365383792744735,-0.003794152719366916,0.0001828655297534601,0.0005802498714805632,0.0012237207680942338,0.001192969,-0.006360432183153524,-0.007168907456349493,-0.024948819786088653,-0.006777315694878678,-0.024949188978832897,-0.02128267
2024-07-31,0.023546451617307618,0.006442558812760542,0.006324629290089194,0.014540488808472031,0.002532217330506522,0.0076462896008940165,0.0062644836,0.00657234983332294,0.006438657188463296,0.0138431477714197,0.0024745748828662985,0.011331705391473235,0.0075549344,0.00279570005142091,0.002674073042274393,0.01050114948085195,0.0017306082824793264,0.00908969386955772,0.0021622546,-0.00022144961286522968,-0.00021804121840625996,-0.0002830219599721949,0.0001468651605016422,-0.0005087447705929465,-0.0012819493,-0.005059033060348055,-0.0049560062472767796,0.0005879473147949979,0.0005807255115635853,0.0036962729798133698,0.0031562936,0.0030815394534922714,0.0029674868282263626,0.010916988513092132,0.003402921504205869,0.004397598227894138,0.011707153
2024-08-01,-0.00191425087276631,0.0055749778375689,0.004997907952856253,0.011908794844118583,0.0052764120602861566,5.7305992058973423e-05,-0.0027225323,0.00713901663759342,0.0065189231687060485,0.010903892764307907,0.004634688202387544,-0.005311468059976019,-0.0021309317,0.007434631394663215,0.006830274371691141,0.009899982152461732,0.004886772291459609,0.005432781508234172,0.0056281043,0.0007972272644163593,0.0007966548973384706,0.0011794954418870972,0.0005672058889765719,0.002972706217230832,0.004849069,0.0006781571418350195,0.0008873888866073721,0.00034194339737161217,0.0005064528075160213,0.0009676145182147398,-0.00059011806,0.00835155254750747,0.0076292554619903875,0.008717598367441647,0.003737553944976211,-1.6340684831267462e-05,0.0051614908
2024-08-05,0.014683260919460928,-0.0006212796803908346,-0.000978421142946162,-0.03106937072889751,-0.009464544941951127,-0.029200355187010717,-0.03656059,-0.0003143344328975765,-0.0006879952442152264,-0.027700316584319044,-0.005924930608513778,-0.020809194585071158,-0.030709868,-0.003553344194792394,-0.0039071099907218255,-0.028627625254853614,-0.009416812106959273,-0.02921871870374427,-0.03511577,-7.520158237209456e-05,-7.236469252623276e-05,-0.0023259498428229606,-0.00041246974195195864,-0.010487136769837079,-0.008006802,-0.0017209216002545455,-0.001998929209694214,-0.0004860571274782859,0.00020757790160835364,-0.008466117076375162,-0.009420387,-0.003939092272777724,-0.0045033360455890474,-0.02374024153847842,-0.003637372036162802,-0.022297783598156855,-0.021344267
2024-08-06,-0.053268094389002485,0.0051435296449747255,0.004932909301792554,0.01173703859023863,0.004235879950859499,0.004474509284774454,0.008383012,0.00505365649616158,0.004815602460886616,0.011105229455425017,0.003224233832089292,-0.001956805191111925,0.01137571,-0.0026905891239801557,-0.0028864181845515277,0.007613108597427736,-8.844061979789092e-05,-0.022217720063535843,-0.01713251,-0.002331325013784317,-0.0023196716978680634,-0.0028712153744790297,-0.002853138666813009,-0.0072993032889406275,-0.00840069,-0.007150215746853435,-0.00722952200477607,-0.0008906223909312908,0.0019299197126520307,0.0023366806922969843,-0.0030179012,-0.0007051476400536403,-0.0006078371587545914,0.012920254853512224,0.0030829488456932323,0.0067743508120872535,0.0093111
2024-08-07,0.04005347817470106,-0.008472762053450574,-0.008804958367424136,0.016066095874612173,0.005013513135652694,0.01024203955004243,-0.009634691,-0.008737999552068517,-0.009111847309763915,0.014699834624060056,0.004675574496272591,0.019883332051577513,-0.003199235,-0.00011625414314412057,-0.0005062391181787878,0.01422427848092854,0.002451206027374687,0.020637664995440896,-0.0030184402,-0.001917977545780608,-0.0019079394993758829,0.0005576253611832005,0.0012132834448652997,0.005848966844869208,0.002418429,0.005278715056767133,0.005319014094393558,0.009229304613519387,0.006171182078997488,0.012976857486161767,0.0054729455,-0.004305417657524352,-0.003911148235329632,0.019528361883441175,0.0040447139014559595,0.026912305997689224,0.008575811
2024-08-08,0.0024284989450853445,0.008758948899676084,0.009216737765343588,0.009650082055770335,0.00526488305102841,0.01788475739004119,0.006598809,0.0007378462503355409,0.0012097168169560182,0.006535489391489556,0.0022946386198449886,0.011993882508891272,0.005397558,-0.004033506573823911,-0.0035240591005403265,-0.0061597917593593675,-0.0037748529197477844,-0.02229319707100389,-0.031014362,-0.009204630875071314,-0.009166118216203554,-0.0025970834481154094,9.25460926593126e-05,-0.004796647123417733,-0.004319506,-0.014295345123263605,-0.014047508332795213,0.0014946289399068201,0.0011505013602715651,-0.0004756945229209901,-0.0002614899,-0.00794975916803854,-0.0063853736878208495,0.005962620211197621,0.0029061668645138095,0.009378115967405383,0.00459301
2024-08-11,0.03360014973258085,-0.008347856055403243,-0.008040815058077347,0.00495336151590766,-0.0003415827677006137,-0.0009591283823658557,-0.0035752018,-0.007849311044312463,-0.007524718850581575,0.005247038388787408,0.00040238778606612705,-0.0057411478277579545,-0.0041937702,-0.008877847396862558,-0.008555223386345496,0.0028584892417516327,0.00036458453522071756,-0.007178900619510819,-0.007178953,0.0008194077968253627,0.0008187487531847177,0.00013788395376814792,0.0007083993480091054,-0.000752442121187889,-0.0009102347,-0.0011307526988319095,-0.0010903619776263364,0.00028700661843800385,0.0006556238066106137,-0.00033737404842885857,-0.0013180423,-0.011670029652443228,-0.011169617807066205,0.00593691376030729,0.0013195777584838744,-0.0035069343110383008,-0.005478414
2024-08-12,0.024425648416086077,0.009865734050900252,0.009161709752121073,0.015650114489592973,0.005723901531647816,0.008698696649811188,0.011860956,0.00920936563266495,0.008471835450605437,0.014566577096619406,0.005873515986221338,0.012137022090925622,0.012107785,0.0007188197218521157,6.636013397654493e-05,0.011385906384602964,0.0014473160758730764,0.007284705818708411,0.005877003,-0.0020085508337222176,-0.001998158847153606,0.00026777036357742106,6.601773159339692e-05,0.0007845360647047539,0.00043289276,-0.007823047888426153,-0.00781115803025029,0.0014796394133669546,0.001675982822391434,0.009216785404947922,-5.4921133e-05,0.009509467886506216,0.008630006392448113,0.013739010674408952,0.004316750027829141,0.009107716244265181,0.014713373
2024-08-13,-0.0027975581471473276,0.002243180815740259,0.0016978956818257864,0.012732674456771507,0.007824604212004137,0.005217380192381496,0.010454899,0.0023588247321041115,0.001773979581266427,0.009831929537428731,0.009112422514803683,0.008670986422828542,0.009205371,0.0005176916884306591,-4.63119842374377e-05,0.009258831661398017,0.00558877543954124,-0.0016861428885508302,-0.00046920255,-0.0008309175841722377,-0.0008251275251126178,0.0002990889069402606,0.000487794365231188,0.00034569145515989493,0.000526481,-0.00416026949065466,-0.0041427356202168066,2.3119879874734717e-05,0.0004183142652421708,-0.0011256963569764872,-0.004076225,-0.0049147219702492815,-0.005090874339517519,0.009562401573832003,0.005973258664781964,0.0023685901517561396,-0.0017985252
2024-08-14,0.011660997841853593,-0.004938980051133983,-0.004604810471206387,-0.027504913668525498,-0.009076071143690433,-0.024031280188075432,-0.022997301,-0.003853788388318378,-0.0035096767090338375,-0.025056272669129017,-0.005483313399139386,-0.014468406408096992,-0.024015296,-0.007673908404223568,-0.007292156641847052,-0.02638486964060742,-0.005021884692865476,-0.02179503414096244,-0.027427237,0.0012628569796023145,0.0012604650356772724,0.000555213609226537,0.0006767109453578906,0.0008931739826945006,0.0001509985,-0.0018262096188771727,-0.0018247714855769473,0.00039521562789833346,0.0005918928526403717,0.0017949701685924127,0.0012320483,-0.004307547306324428,-0.004254409611815743,-0.021634921566811495,-0.004095018103494024,-0.015536948973070184,-0.023564762
2024-08-15,0.014453408073033636,0.0017553447918183269,0.001929385602302108,0.007797666568419447,0.0026122798564583594,0.0007003570062109798,0.008365451,0.002490828992812778,0.002660985380945607,0.00851660451308725,0.003313156540724818,0.011051372832576675,0.012570469,-0.00032896376156082443,-0.00014778374656928097,0.006121082720373447,0.003493195670937756,0.0004760417058137401,0.004064089,0.0006126791204523027,0.0006128279262699351,0.0005818262270215631,0.0007211710143449837,0.0007315092290618635,0.002295806,-0.0012429091260212,-0.0013462493325265314,-0.000902365815744819,0.000494330736970877,-0.0017166562372336344,-0.007248316,0.0037665561867142277,0.003283758730921052,0.007249370492233298,0.0031937967863555072,0.004038022214365333,0.0034506086
2024-08-18,-0.011556753740451065,0.0023429965845745086,0.0018015389760951735,0.006190478281818853,0.002642419775171482,0.0015354078750517836,0.0014395558,0.003333170308251478,0.0027524773117158998,0.0075802746785426645,0.003261144759323951,0.007011816061120842,0.0066655674,0.004112176418043796,0.0035397611057834946,0.007378192565503474,0.004156868450935605,0.003188649769824713,0.0045791473,0.0006816038255636725,0.0006814832890401115,6.291189086189017e-05,0.0007029375374952842,0.000286399480002626,0.0012449406,0.001291168606755561,0.0013024313870907563,0.0003681859641143537,0.0006622226531129064,6.127839831009325e-05,0.00012350526,0.004091833309839483,0.003379818679657707,0.008632425529636306,0.005000755084232422,0.007793693987949466,0.005060884
2024-08-21,0.0007110638117069357,-0.002189424464852244,-0.0024875586336905713,-0.017723949093668,-0.004794979272537592,-0.020652962840181407,-0.021714397,-0.0009291315219384024,-0.0012463862259734886,-0.01467570934180558,-0.0047316764821529215,-0.013808387091524692,-0.014925261,0.0017068002295710372,0.0013815444042514433,-0.016771775612153893,-0.0033242250569884063,-0.01969866634909825,-0.017343104,0.0013370477749253167,0.0013343659099556357,0.0012077660056104946,0.0007775653019388795,0.0017208044088592794,0.002866884,0.0037775138763729743,0.0037883337861821745,0.0014239365145973656,0.0007385211837625651,0.008711942202027471,0.007949745,0.004298686433187809,0.0037202132988849728,-0.014484475616505753,-0.0020205233816561583,-0.014007537121288638,-0.013129502
2024-08-22,0.002025947621219437,-0.004775975807736912,-0.00372905985518524,-0.00813669694972372,-0.00031898434398116204,-0.0065651429900222625,-0.008612078,-0.004188374342560148,-0.0030983812351932137,-0.007266033372444535,-0.0001991621108102448,-0.0013320482132628464,-0.0037767317,-0.005783324744882405,-0.00472049952824576,-0.008023570258770896,0.0004008237357546691,-0.010483896149296222,-0.010673273,0.0005602136798894669,0.0005605675089214915,0.0004080287281844941,0.0004199135488654701,0.0007924246809959705,-1.5864072e-05,0.0002330998298701881,-5.905507022510256e-05,0.0010676215245139099,0.0007098726048645949,0.0022178681732473887,0.0009239149,-0.004943790954716312,-0.003976807204257823,-0.006827727776513725,0.0007240119915884693,-0.000709958793391208,-0.006115415
2024-08-25,-0.027225941875789417,-0.004728768639004488,-0.003764705049911254,0.002025239748733787,-0.00019797043384079047,0.0013688223478850229,-0.004478823,-0.004470891882257794,-0.003457565570446767,0.0021725711381417887,0.0009501496220276099,0.007739541368435197,0.00043032342,-0.0034973931694702778,-0.0024946937210775307,0.0029726244704907766,0.0005685551101986976,0.0003192243648947267,-0.0009540655,0.0006463897549401812,0.0006464068271333982,0.0008853826409614265,0.0007108785394522049,0.003659954336005334,0.0054862355,0.0013091000106218707,0.0013163945785355608,0.0003681859641143537,0.0006622226531129064,6.127839831009325e-05,-0.0005870315,-0.006600990728250173,-0.005311962330053492,0.003034055136720276,-0.0002930118136077336,0.004304383524499026,-0.0010840725
2024-08-27,-0.03945082561571578,-0.008174944278106977,-0.007511166069041871,-0.011525937280447682,-0.0020639481872743322,-0.013040455856978342,-0.012188576,-0.008164689302315085,-0.007461315958297044,-0.009205081179238099,-0.002329128355020482,-0.013791599533746294,-0.011988789,-0.007320434566114083,-0.006635568456037364,-0.012800326576954006,-0.002320918701207313,-0.010786706340108575,-0.0156509,0.0008648338398435131,0.0008639972813806014,0.0008807827767050198,0.0007407226089960367,0.0011512189432996433,0.0010572501,0.0009922127174809652,0.0009948698002410837,0.00042184300109961327,0.0006657966771825761,0.0001390022346762051,-0.0004916369,-0.007426845326912167,-0.0069700215238272115,-0.010012440304456381,-0.002031767888380557,-0.00997713608358631,-0.014530756
2024-08-28,0.0013646976440151448,-0.004670306482612881,-0.004261622454919817,0.002456192683052383,0.003763756536562161,0.0034285319518932815,0.011864161,-0.003765338605143987,-0.003340362461751063,0.0031709331576990174,0.0033245675292969236,0.004688411947607405,0.00861121,0.0005659596090201195,0.0009653323526374091,0.002910665590054107,0.002863617586635558,0.011089728355360899,0.013156605,0.001142154216120601,0.0011402339516151838,0.0011720235867386456,0.0007708181603993987,0.002562230762908995,0.001731178,0.005618159164551657,0.005465482906346726,0.001125215588102068,0.0006883354241486692,0.004072666568769563,0.0018794087,0.0017253953537244861,0.0019416950544947527,0.002853625523287916,0.00024101308383752833,0.002015811022165422,0.0037959355
2024-08-29,-0.013305904253606116,-0.0002567697663259771,0.00042335959185342206,0.006026636634151645,0.0038511623064381444,-0.00030495879382741746,0.006303277,0.001130914101205021,0.00183535479938191,0.005476092211789831,0.0019072826121095063,0.006287423407895067,0.0041987984,0.0027627336640118415,0.0034447986505093484,0.0060915312517439615,0.0021856649714475677,0.008402207695121474,0.010710161,0.0015169971705883863,0.0015136121036036115,0.0008746887228618312,0.0007776619518320911,0.0004962637082285495,5.635938e-05,0.003935796100636131,0.003874138481767727,0.0005314247303842536,0.000690752820500474,0.0038313548071131514,0.0019252533,0.002917328462082587,0.0037909288844370655,0.005761187167939227,0.0042083714919699386,0.008467245941027723,0.0025416766
2024-09-01,-0.019701307494759845,-0.008421674380332313,-0.0076811966306784395,-0.004860450166204621,-0.0015896346471622597,-0.006030247497993222,-0.005104642,-0.00796668460616637,-0.007191959256531025,-0.004865746294244834,-0.0019637618820345856,-0.005851077569064994,-0.009093058,-0.007412573912056653,-0.0066754179708456395,-0.004744211455751985,-0.0013037545874604662,-0.005423168457994279,-0.00957666,0.0008651473984350371,0.0008643096146552377,-8.395218694078218e-05,0.0006937589549972421,-0.000752442121187889,-0.0033352263,0.001026357840305642,0.0010417769655699496,0.00025999951919602923,0.0006291671556304084,-0.0012354222280254248,-0.0016747904,-0.007016738039225876,-0.006123042519922654,-0.0071957634305431575,-0.003994362786814247,-0.011614961432136988,-0.011248875
2024-09-02,0.046145475300353844,-0.005040817770124729,-0.004359132062203314,0.004128109755744015,0.004658633279525239,0.023632739011075647,0.027139619,-0.00395518829993605,-0.0032440836981080766,0.009065749490772122,0.007445439590047144,0.02463347484157711,0.02847258,-0.0037896334511672864,-0.003102487334363623,0.008224617647616572,0.007824856768676525,0.015306769044113494,0.022417676,0.0012760823556028792,0.0012736387298646287,0.001191555177830941,0.0008039052684246199,0.002578997471456615,0.0053206696,0.0009710189140664275,0.000979358314003008,0.0007315964460296881,0.000667067413499929,0.001301401362407123,0.00048279262,-0.0041183936666065735,-0.0030598592887174972,0.008110374000337655,0.008339749418088876,0.014704111868267757,0.010173689
2024-09-03,0.0024445435378162017,0.0077416947849169426,0.00782179678699319,0.00579734958301641,0.0024766941410578414,0.004132670595966665,0.0068983077,0.007819525206649823,0.00788857339607239,0.004376041837934333,0.002415117463151157,0.002265680523904965,0.010757352,0.006276068900544654,0.0063458507735795104,0.005314898582083651,0.0019808810706801673,0.0035034429129957817,0.0014131677,-0.0005444773607757823,-0.0005398066460826963,0.00029054082659003627,0.00043724925845254714,-0.00042094801474060374,0.00083110586,-0.0005122859516428581,-0.0006544240139503009,0.0003671860319273912,0.0005489236570322294,-0.0003918275084903257,0.00026846427,0.008387152596212531,0.008169272529428,0.0054248095275701335,0.0025181298702947417,0.00079282656735948,0.000842916
2024-09-04,-0.03257242647432346,-0.006957910146733613,-0.006969853805635527,0.004247627205473849,-5.3657947877289115e-05,-0.00012016842468022385,0.00021664979,-0.0069001984598530235,-0.006910728663586925,0.004006550802316977,-2.130916125419906e-05,-0.0006525385133570708,0.0021073902,-0.009961920940711551,-0.009973453813668862,0.0029204737854911108,-0.0002372233681628285,-0.004506639422683533,-0.003677941,0.0007635668732615235,0.0007631260434683348,0.0008320702495870947,0.0007055650392054041,-0.00011322136989884882,0.002252351,-0.0011145498190291022,-0.001300027294614365,0.00019967072928036886,0.0005451490621289232,0.0030663702552314737,-0.000397767,-0.007475870484146189,-0.00781139317709861,0.0030787727041822616,0.0004974544011231792,0.00021563188826850214,-0.0027108667
2024-09-05,-0.0044267123333394665,-0.004135359295465856,-0.004208687417754267,-0.0036498479749134507,-0.0025210419323413637,-0.005519460080035187,-0.006156759,-0.003678753019303799,-0.0037797478992552917,-0.0036832787915165523,-0.0020386398141318983,-0.002001549481074224,-0.0050627347,-0.0040011303479313715,-0.004082072027105709,-0.003091484455288415,-0.0022357622345763606,-0.0009838977380509015,-0.0052330294,-0.000370031831311161,-0.000366042810754317,-0.00043086284972743155,0.00034155525013634616,-0.00042800381230971774,-0.0023357766,0.0011984380812534638,0.0010723921982449605,-0.0007032321769239636,0.0005183674201840082,-0.0032923201022388945,-0.0046815258,0.00044096637213992927,-0.0001385318341115201,-0.003273501209302509,-0.002122994629304392,-0.003997770350924222,-0.0020853693
2024-09-08,-0.009378879121163308,-0.00044530662569280954,-2.885081998033924e-05,-0.0002576471013029657,-0.00016815648682307115,0.0022124667013473567,-0.00010014624,0.0005437287070201994,0.000966323746217655,0.00021604731451503443,-0.0005528297309302339,0.0005338806789208351,0.002827885,0.0008085670529893877,0.0012100356962360882,-0.00019674493776104254,-0.0004463186493712044,-0.00018595009002571919,-0.00056534837,0.0008275970632288939,0.0008269060177656484,0.00031186473902745216,0.0006972825077155547,-0.0003211269885893845,-0.005046985,0.00098014837490749,0.0009934776964222554,0.0003333042570929319,0.0006622226531129064,6.127839831009325e-05,-0.0010272767,-0.002239422310868467,-0.0016568829535118026,-0.0031909472737053097,-0.0015736051298746794,-0.0037114562496376475,-0.003110671
2024-09-09,-0.020894825733660305,-0.007331941758468401,-0.006970749884822831,-0.006618142408799402,-0.0027342269096497116,-0.012670368482655858,-0.00888325,-0.008634256493778206,-0.008265389412905052,-0.006907304105737002,-0.0026493148763582345,-0.01232744857359049,-0.0112379305,-0.013637708465387954,-0.013225524560390988,-0.006582538114475718,-0.002438744094211359,-0.011897272014120022,-0.013205746,-0.001170209537297984,-0.0011630936011257141,-0.00032691389400915676,0.00013118892148346767,-0.0015017304898560925,-0.005529271,-0.005571239963212004,-0.00544110927804334,0.0004002059412674711,0.0005890356989567618,-0.0002783548337542852,-0.0024999857,-0.013625644651536005,-0.01329441817425271,-0.00521758428057274,-0.001616938859759063,-0.006133077295525046,-0.011056227
2024-09-10,-0.004959310937088013,-0.004960025668503126,-0.0046761612829832305,-0.0035856287938946674,-0.002056945087847405,0.0030314413739953284,-0.0014039708,-0.003254326323105251,-0.0029835040665005513,-0.003620143184226693,-0.001812497524695108,0.006584753837697162,-0.004035334,-0.003591403066032073,-0.003307594862796511,-0.0028612422401110664,-0.0019246754366917843,0.0025642996454453564,-0.0006967795,0.0012705523872815383,0.0012681303714234065,0.000115344764856167,0.00044101887884017354,-0.0038978482016219463,-0.0028276253,0.0017438937210279733,0.00174703479714567,0.00026569091682000247,0.00047305078939019333,-0.0008847235749275501,-4.9850387e-05,-0.0032727144316155358,-0.0029619260626128777,-0.0025992617874346672,-0.001299639746811274,-0.0005797691725418033,-0.0012604285
2024-09-11,-0.008670414691880346,-0.0008154475304932868,-0.0003518041286985473,-0.00035613496760912084,0.00025201969455098116,0.007294199161474685,0.004465847,0.00042108174003714334,0.0008932239489336293,-7.50139876184828e-05,0.00040214634934533216,0.004144251835415227,0.0030976688,0.0010781519338212001,0.0015694375585319658,0.00010351565913795994,0.00014043829004814287,0.0021844185633090344,0.0015950704,0.001094148371334897,0.001092415702940409,-0.000363918569943446,0.0004179158297073031,-0.002667859125318765,-0.0038240612,0.0037871635860917963,0.003540412282069576,0.00031292239513800433,0.0005858192934441362,0.003033872651257425,0.0055747754,0.0023320396266784567,0.0027644050588622594,1.0790214252609811e-05,-0.000621340323990442,-0.002686646287544235,0.0039216937
2024-09-12,0.029563897975981135,-0.0038424010285730325,-0.0034603471428097223,-0.005031704899039718,-0.002061376054921499,-0.009185450025633044,-0.0022396494,-0.002761838834799213,-0.0023719159233050297,-0.005161907231478878,-0.0010489861887658096,-0.008878469113609507,-0.005847323,-0.003425550231026946,-0.0030253835759372514,-0.004971561077430043,-0.0015962286064924378,-0.003377791733124477,-0.0040459917,0.0013207408842260495,0.0013181227429402299,0.0002271920387662962,0.0004609712390307864,0.0009969644294568372,-0.0003018002,0.0003862389002372255,0.00038016734731797955,0.00011359794408339553,0.000648195864476729,0.0001686678333811389,-0.002088237,-0.003773836485367267,-0.0034459424582161196,-0.00477666075051459,-0.001111503619583796,-0.005715713599279488,-0.0070751915
2024-09-15,-0.019053130479509406,0.00467980143119323,0.004744620748688215,0.003403529022353149,0.001638385169110786,0.0002462764311488905,0.0016867783,0.00568422593131304,0.005747679712458248,0.0035718204778755576,0.001891012281874911,0.0013883653869450775,0.0023651705,0.004850728706252603,0.004930708739677199,0.0037161968937509684,0.0020740319971328715,0.003111323123691072,0.0026285208,0.0010005114312040572,0.0009991446750414166,-5.618568075041828e-05,0.0007047097242126545,-0.00019376071614621868,-0.0013323214,0.00029099306123114377,0.0003218326157225059,0.0003511593725568655,0.0006556238066106137,-0.00033737404842885857,3.778003e-05,0.006640178601258786,0.006741997770059395,0.00528001753395922,0.0036867132420655246,0.005823352132045196,0.0055299196
2024-09-16,-0.0218575161658352,-0.004817323536286206,-0.005009615829779981,-0.0032551224297122346,-0.0028537621526717374,-0.010890367965141255,-0.008998959,-0.005258297104521785,-0.005463792060066234,-0.003074326625855839,-0.0022387285932368196,-0.008533374722644385,-0.006498761,-0.0030923026461262427,-0.0032940628602535623,-0.0026099082345006513,-0.00269012591822314,-0.0073952868806023,-0.006378838,-7.421385245866957e-05,-7.138082244052585e-05,0.000237708469757817,0.000630280644955739,0.00045604716268387094,1.330347e-05,0.0002948446672150321,0.0005471240237834225,0.00014374364431430674,0.0005058220353511939,-0.0005862942079893729,-0.0009584663,-0.0028273604822349634,-0.0028332916523376595,-0.0027735529519241197,-0.002163267342708058,-0.00824277264474517,-0.007869572
2024-09-18,-0.0015511334137361388,-0.0008761184696296003,-0.0008206665785377189,-0.0008424621227632775,-0.001630152733428323,9.147255676970423e-05,0.002448624,-0.00021214253988034075,-0.00016385066826649672,-0.0002114605119825368,-0.0006570824851955269,0.0032150229194138485,0.0039582667,-0.00046808872425514237,-0.0004294762658763546,-0.00024040655398069257,-0.0012989700284977337,0.0027585281677398187,0.0067364722,0.0009558294209216874,0.0009546372720676939,0.0008868905577953668,0.0006662646863710538,0.0014709702871211416,0.002464465,0.0013136812179021856,0.0010998583745506635,0.0008209940426633142,0.0007178460224489681,0.0002921604917368753,0.0019199369,0.0013617672474312858,0.0012455190757451272,-0.0008757952383618662,-0.00010068973683464224,0.004473359266212592,0.000652366
2024-09-23,-0.02306616152837293,-0.002321397760880777,-0.0019842711030481305,0.006370927245753554,0.00136153568843584,-0.002736511490592291,-0.0012148918,-0.0032093539055216337,-0.0028375737890019874,0.005996586921346628,0.001105398541377242,-0.0016546223885443747,-6.890464e-05,0.00034698734199358795,0.0006896824624998956,0.007251856097099072,0.0010181156655497503,-7.528936328884607e-05,0.002397182,0.0001393257521407126,0.00014132431711547848,0.0026017208829103374,0.0009606456853782452,0.003943501299348445,0.0039170384,0.003015125394468134,0.003066262721967199,0.0009584275643277112,0.0005982782383283969,0.0030141731426626406,-0.00031083665,0.0002878972743165152,0.000676705274001939,0.0060620849689363475,0.0011728865146231652,0.003129135075559119,0.00227578
2024-09-24,-0.02357841262080207,-0.0038680769819851874,-0.0037302324497729394,0.004885935984535092,-0.001191956952326636,0.008040495824413265,0.0070126588,-0.003786275098629834,-0.0036283454996920124,0.004718295523973037,0.000736311190410968,0.01236171512015924,0.011934292,-0.003614022152514596,-0.0034826345409568644,0.004421098175307711,0.0008816307080293449,0.01237131406419723,0.0036835945,0.000944035781686496,0.0009428897197384584,0.0009994664534009727,0.0008102610249917969,0.0006119408684730344,0.00040635912,0.00022019428060710683,0.0002541042771476929,-4.012190488281418e-05,0.0006295659889210248,-0.0014798602296411314,-0.005226589,-0.0018278546994309405,-0.0018355830648282049,0.004088872635744612,7.740692396215483e-05,0.012146341360464176,0.006306044
2024-09-25,0.019712219130236797,0.00035355311471181854,0.0002907556896160615,0.013319201370408089,0.007213961020507856,0.023646103725844622,0.026111402,-0.0012026169359259519,-0.0012482490330172344,0.014119661264792503,0.010159791261736354,0.02119632370695653,0.02119037,0.004069061457192947,0.003994228107834024,0.014500059600884392,0.011566445355976864,0.018834408066334813,0.019343812,-0.0011598307374344186,-0.0011527553592921072,0.0008755510502108155,0.0005042278903499597,0.004047877250073145,0.0020112088,0.0044479951175037755,0.004470353626970441,0.002113201787844457,0.0005597660145360759,0.0013384021916732615,-0.0011154795,0.005213212234463242,0.005167868680326166,0.015390684414089308,0.007144774018754745,0.025023066152919323,0.018376913
2024-09-26,-0.013107593687643693,0.00532059223690105,0.005340417827328527,0.0060959794625621636,0.0023123028656974955,0.003344070818178174,0.0043822667,0.002906304196384019,0.002961205011148005,0.005654889138232447,-9.849329874749938e-05,0.0009951594144048646,0.0041174865,0.007055397431479667,0.00709334481257177,0.005639366226050404,0.0018780710103940708,0.0027750866219977246,0.0025721183,-0.0020487713513294504,-0.002038222191968326,-0.001954696838392275,-0.001578369054391514,-0.010977027007778696,-0.004117007,0.0019204511817714712,0.0019663301505377733,0.002516685672083791,0.0007058136647281947,0.008365541142452092,0.0030366194,0.00756856569247432,0.00767663788668445,0.006475416646731645,0.0024210269156488048,0.004149646214646901,0.0072899587
2024-09-29,-0.009032288196980431,-0.005024061968438381,-0.004981960919293475,-0.005497788284124318,-0.002625558845045876,-0.007776229604506954,-0.0067844773,-0.00527943187976256,-0.005224469274851528,-0.005330706942748929,-0.0025679874380381703,-0.007467391986356955,-0.008352499,-0.004527170015030936,-0.004464572489308579,-0.005564209230342909,-0.0028846795085942212,-0.010208565681530819,-0.009762996,0.0005828860306949092,0.0005831512612478187,0.0008838467878117981,0.0007153223093779995,0.0032445862094640033,0.0024853249,0.0010373548153849894,0.0010468834570267912,0.0003681859641143537,0.0006622226531129064,6.127839831009325e-05,5.736466e-05,-0.005553073383554751,-0.00545520444066645,-0.007294816066034165,-0.003476241427091932,-0.009063913456991333,-0.010762974
2024-09-30,0.01788009654602085,0.0020793738307699526,0.0021142106874442908,-0.0006145406249849556,-0.0011127918288504823,0.00021710340778158016,0.0047193007,-0.002515199507642107,-0.0024186526842616025,-0.0003320766596627401,-0.0015657487944171428,0.0013280070877279332,-0.0028739304,-0.002797880398350365,-0.0026954898025648094,-0.001475724757715282,-0.0013008260285917292,-0.00040968447887537593,-0.0020069648,-0.004007703740372976,-0.003989499511105475,-0.0011318818154939917,-0.0008418900391620191,-0.014006159577928482,-0.006592575,-0.00510416864060391,-0.005032375995529459,2.1705578699318805e-05,0.00034038718954084097,-0.0003837773601922047,0.0027754582,-0.005585606629767799,-0.005295766151835094,-0.0006706654484577966,-0.000994828024495941,0.00011862782120773563,0.00010340112
2024-10-01,0.04470370739035978,0.0031932411101469327,0.0032821841521637808,0.004378197486799653,0.002157375058036923,0.0029715429715655686,0.0016002567,0.004388660271882295,0.004488520140085469,0.004175010471207797,0.001812237984805202,0.003330239871370344,0.0033160446,0.0034128221238707017,0.0035216334652089384,0.00469913661143243,0.002619839611965374,0.0010469886940406702,0.00512762,0.0009752300969364749,0.0009739621345771455,0.0009241224310461864,0.0007607456059413062,0.001311448836907106,0.0020129941,-0.0009311640460863201,-0.0006770982841113633,0.0006816886824991585,0.0006850381243283167,0.0011635679226646288,0.00084879977,-0.006705105857980583,-0.005502466690567711,0.0046776218923788755,0.0025599662916605988,0.002479803388100632,0.0048519596
2024-10-02,-0.009986579966454912,0.007134580317429429,0.0066756984527198545,0.0036227352726058717,0.002927990914208174,0.0007522394778889142,-0.0033309006,0.0059857850118169255,0.00553215833846245,0.0034697853712735236,0.002433379730136817,-0.0009430765515197031,0.00069999654,0.020156675189537766,0.01967242742425588,0.004656854204789393,0.0029774048108572003,0.007561739114714884,0.0126557285,-0.000539327280860808,-0.0005346766915288628,0.0005915632244200114,0.0006645629501027986,0.0004893172667425891,0.0006567269,0.01390233318770252,0.013836551963775926,0.0009837293058441044,0.0006632247550003945,0.004855304969353565,0.002994271,0.01783109764122277,0.017421711237257463,0.0037292054779856417,0.0031537028845675837,0.00389843050563561,0.006893617
2024-10-06,0.02136407756313652,-0.003941888421323148,-0.004139292789761528,-0.002778453308318552,-0.002103140549864309,-0.0034882242716874133,-0.004501812,-0.003640504350742893,-0.003841567030424549,-0.0027118730670853347,-0.001605855014406193,-0.004004698625838809,-0.00651976,-0.004200884434860616,-0.004401335498984296,-0.002750228276597033,-0.0023840709208352,-0.0038827767447459976,-0.00486608,0.0010168459534085374,0.0010154153655842926,0.00041640823860078296,0.0007140378901405869,-5.7360550329843274e-05,-0.00033412856,5.856732577230023e-05,8.444141555995091e-05,0.0003333042570929319,0.0006622226531129064,6.127839831009325e-05,-0.00026014732,-0.0052349612898418,-0.005476544734105257,-0.004519248100047951,-0.0031714029238894075,-0.00724410516368312,-0.0066155843
2024-10-07,0.013899144100961713,0.008021061113026733,0.00788130837432026,0.009514247948851483,0.003904258564825672,0.00426977831945451,0.0061952695,0.0069985101520502035,0.006857305919507251,0.00905864177515172,0.004645573110238778,0.0059908377843414864,0.00179036,0.008789533420802539,0.008637598727966444,0.010217899482985342,0.004624314073085303,0.007603805410745286,0.0054012546,-0.0012653938223890352,-0.0012579059273066847,-0.0007431221194003709,0.00024026658633932198,-0.0027386070661655306,-0.0057716332,0.0028520137836521966,0.0024920199996434095,0.0006444295968888334,0.0005577338852655753,0.0011545955369343035,-0.0010140132,0.006346118595616983,0.006006582858828161,0.0100278315007234,0.004229665825730064,0.004771968872244321,0.005725703
2024-10-08,-0.010235350952583211,-8.56165586840445e-05,-0.00014282150556628763,0.003910575557978202,0.00405662661676045,0.0002659670809748636,-0.0011154966,-0.005677809156268272,-0.005660074237455399,0.004280754504739573,0.003106679667340828,0.0049492158722077816,0.0021991888,-0.0003989161417333664,-0.0004153944057022612,0.0014814941532370726,0.0017549573828228345,-0.005157910675870986,-0.0019256525,-0.004870669567028663,-0.00484909306020487,0.0027572072245699714,0.0032082424972387186,-0.005208453947143587,-0.00649586,0.0004044132125729762,0.00018706993728948257,-0.0005658650211632816,0.00018906287277884834,-0.0036881572994175624,-0.0023553076,-0.0019025171300108374,-0.0019104479383677355,0.002883994559327334,0.0033118375238869917,0.0010888851197521398,-0.0022356159
2024-10-09,0.0018193793246723544,-0.003314029677978869,-0.0030538882613871895,-0.0038022396048570423,-0.0010966910375926008,-0.005216399162265391,-0.0042855055,-0.008984553484501015,-0.00863438703995948,-0.0037515266217928883,-0.0015816721645563342,-0.003350977381444657,-0.0076364195,-0.012559265015300346,-0.012203732443154869,-0.005053050962313471,-0.00351104749582408,-0.005890133383704106,-0.009432645,-0.005550892976529771,-0.005526658308668461,0.0018550904082039238,0.0005546611258849077,-0.006287771508486158,-0.0073229694,-0.009756717526654525,-0.009870522777273003,-0.0005719487412848569,0.00027203020141538836,-0.0033707943067516426,-0.0060183182,-0.017415574242806518,-0.016607135422486718,-0.0028856804840907916,-0.0006679847352607476,-0.004602955232648329,-0.008102347
2024-10-15,0.01173299499063063,0.0036682441539411777,0.0039059091022928217,0.0026043455740762693,0.0018211314764641378,0.00330442230016022,0.004365445,0.0015672300307967486,0.0018229234901212255,0.0024570542506210384,0.0018578017406961564,0.003602866527940559,0.0028256204,-0.006976256175450877,-0.006690578531339482,0.000756987171348107,4.3638424056693365e-06,5.688119193226817e-06,-0.0003105392,-0.002443339314387439,-0.0024312482716224012,-6.759190800789047e-05,0.00042403981205643655,0.0026916158579532575,-0.0010247596,-0.01166383153506892,-0.011431249881599898,-0.0011977244260477158,0.00030053467199781295,-0.002221051801304004,-0.0064049084,-0.007703500920726107,-0.007102763461134135,0.0022887766954719927,0.001496927318997295,-0.00018859691646912842,0.00015281848
2024-10-16,0.015882624122011357,0.001782038885387418,0.002038607860369039,0.003755243370341354,0.004004342418746409,0.00525239309188045,0.0050740843,0.0013020137479380293,0.0015652189921908353,0.003984897331242604,0.003503245012545566,0.003521045933996279,0.0062363707,-0.005106001844142427,-0.0048120334563368835,0.002814748054533324,0.0028961418527445105,-6.142690923327475e-05,-0.0024137506,-0.000473902504191902,-0.00046950758026310696,0.0014465788622332757,0.0007333147617598154,0.005117098902108682,0.0052000578,-0.005532996460109352,-0.005425488096155261,-0.00037655863560367796,0.0004839072964854336,-0.002604680639435623,-0.0025177812,-0.006829890804500709,-0.006117004378768212,0.0034358374073484295,0.003213056698980361,0.0040090910845964525,0.0027099354
2024-10-17,0.0009037506263567252,0.0052666735172148815,0.005048304490627747,0.004809971303605482,0.004420882027691297,0.00631847952964778,0.006866948,0.005729260383877404,0.005500179252530894,0.004635075611598646,0.003966982218378114,0.006362248027585738,0.0073356885,0.004866971821164065,0.004659396852022946,0.003992881545519131,0.0036261173302151906,0.004370515152878392,0.005997821,0.000655984665324273,0.0006559642427524143,0.00020848930462715669,0.0005154095435428893,-0.0015427810570618208,-0.002434369,0.002122483257008055,0.0019193938582459154,-0.000660761901999472,0.00028060579885862103,0.0005313463643946602,0.0026669218,0.008090107079987547,0.007572122814166778,0.004078284564793133,0.003397623200233253,0.0025645339365333772,0.006866952
2024-10-20,-0.01743481471721342,0.005008192761126722,0.004559714445415797,0.0012393347657328733,0.001951996412443107,0.004208832348044903,0.002749673,0.005134683212588975,0.004677381264502722,0.0011739141754865004,0.0019425487263197258,0.004884328523137299,0.005210354,0.004627878279471901,0.004193196116936378,0.0007661558293959355,0.001754885008269422,0.00424081866708173,0.003971246,0.0007783322227624941,0.0007778336932838768,0.0008514272850117339,0.0007052235096724753,0.0013383710308196468,0.0005981851,0.00012727036053466708,0.0001443541812984234,0.00030582272740213763,0.0006556238066106137,-0.00033737404842885857,-0.00066519785,0.0035825342482078914,0.0030869953202967673,0.00020467418592801518,0.0008240244162678025,0.0024812340241714475,0.0027402658
2024-10-21,-0.02172878551740176,0.003585717914727171,0.003075834161316886,-0.002367195356008969,-0.0011373046139649767,-0.002601248507596309,-0.0038087168,0.002738928858830956,0.002206474208992771,-0.0023825217883318827,-0.0009105094587530106,-0.001534089530280049,-0.003042347,0.001155458109359539,0.000633852399445158,-0.0022678892490873353,-0.0012078052526582797,-0.001708066425839006,-0.0008201007,-0.0008384798356366717,-0.0008326602249886775,-3.461110413035073e-05,0.00033534824749402664,0.0021546893223317464,0.0021040463,-0.0032130478972254967,-0.0030978883302932416,-0.0002757598102883461,0.00046142408450632896,-0.0016779066827114818,-0.0033390312,0.00303840982866723,0.001921501535336934,-0.0020503787323475717,-0.0007529051427377587,-0.001793837516094185,-0.001683794
2024-10-22,0.009759337731115814,0.000701939133523277,0.0005704144825969312,-0.0004759389218585438,-0.0005909126721926853,0.0032183301426436466,0.0028619175,-8.22280736675863e-06,-0.00013550154095594204,-0.0004819399213035657,-0.0002604903968915167,0.0030918077524784053,0.0019517835,-0.005227423827156041,-0.005342192212713548,-0.0008401642501695303,-0.0009491663431378145,-0.0012390746910097587,-0.00055209716,-0.0006347082660482022,-0.0006296849491461609,0.0005493714260408596,0.0004811203061866889,0.0009046829792237612,0.0011105937,-0.006686272711178432,-0.006430773196593642,-1.6090101584703028e-05,0.0005236824414886444,9.40587508086814e-05,-0.00040691055,-0.005856600789192015,-0.006037990439500098,-0.0003787747356327218,-0.0004378074578664609,0.0016292741204784248,0.001582408
2024-10-23,-0.007689448943896338,0.003718015079323185,0.0039026048683743313,0.0033776689077692,0.002933774611860196,0.0030811772295241406,0.0021446352,0.0027239436055146488,0.0029406370146034303,0.0030639714281708638,0.0026178392659544996,0.002959110514381487,0.0014909356,-0.0030155719188016245,-0.0027933461346826786,0.0023802491062249655,0.0017177317959228566,-0.001963391186367119,-0.002372631,-0.000649202984512477,-0.0006441230254906095,0.00018466313706340498,0.00042000326354822405,-0.0001946522162756862,0.00021645043,-0.006132675545647329,-0.006038929336639949,-0.0005071689372170174,0.0003066590614883045,-0.0020691605158799638,-0.0053064367,-0.005031925019792687,-0.004496455177654211,0.0029669979485332913,0.0026048147837205286,0.0018173870113392062,-0.0022186467
2024-10-24,-0.006922700443250385,-0.0010277136751254638,-0.0011339330608323294,-0.0046994051636215055,-0.0018068593295313042,-0.010461080381956672,-0.006680021,-0.0018396501725384965,-0.001935542835185941,-0.0046135492602565895,-0.001835501473243603,-0.00753591732175208,-0.008143974,-0.0045706493270805315,-0.004667838378605402,-0.004608684508944973,-0.0018279669467838463,-0.009021802536105114,-0.010279018,-0.0003732661048472018,-0.00036926444547232397,2.4941823398576096e-06,0.0003559682698719361,-0.0019528186551001042,-0.002948053,-0.0026087718257354945,-0.002532074648361167,0.00018209261904147202,0.0004869564739742757,1.040171593143739e-05,0.0024701264,-0.0030521736803713227,-0.0032277349561175696,-0.00399597928932072,-0.0012769233647984873,-0.004461470897379277,-0.0052130288
2024-10-27,-0.0035042332559260814,0.0018426283469536618,0.0017728701149696043,-0.0026096007764225813,-0.0016486872009738001,-0.002178628430488195,-0.00357415,0.002308854928645711,0.002239796643161283,-0.002612264842948837,-0.0014413330053056033,-0.0011978194551318397,-0.0007657101,0.002456144389556783,0.002368440841339596,-0.002587915714210265,-0.0014731210686323415,-0.0015927119032311283,-0.0022587068,0.0008472334093890389,0.0008464656294742101,-0.00010294301821494485,0.0006972825077155547,-0.000752442121187889,-0.003977857,0.0007843086520057868,0.0007995721667485524,0.0003333042570929319,0.0006622226531129064,6.127839831009325e-05,0.00015983514,0.002034655943661529,0.00197455400771804,-0.004264644331534087,-0.0026233762792934505,-0.0038701668632389833,-0.0050491057
2024-10-28,0.01041559315199514,0.0008874889421667011,0.0009088466200808287,-0.002463781779472689,-0.0010058588732950802,-0.00402197305208745,-0.004672849,0.0011706317100485223,0.0011997333537837453,-0.0023358605813726925,-0.0010987538988468486,-0.0038872585112154933,-0.003442344,-0.00023614727576866759,-0.0002047340921937556,-0.0024702304704655935,-0.0010602387668516937,-0.0051790964066321925,-0.0072470126,0.0007175272459272669,0.000717266328706701,0.0006856198986964505,0.0007235506326099879,-0.00026382023492263517,-0.00024894823,-0.0014625795803803704,-0.0013189646666254937,0.0009828212100570918,0.0007432584230805202,0.0024242547431633683,0.002495566,-0.0013346602661781204,-0.0006132909972756273,-0.002080242958778539,-0.0009737534282231154,0.0007266248478572742,-0.0014394372
2024-10-29,0.017495823252444254,0.0025944396452195,0.0025106389055325256,0.0036839393845867164,0.002436294422946684,0.003386131918162096,0.0043957997,0.0024914320991756608,0.0024068931594620124,0.003563356025830785,0.002373607318718088,0.0026059083028204754,0.0027228831,0.0016488628211116956,0.0015883572559967515,0.0041144025715006425,0.0028315575462559807,0.004873872445825374,0.0049958993,9.795576092659934e-05,0.00010011599057981513,0.000448625873053373,0.0005075809965837002,0.0008821440374727584,0.0014018638,5.367730524565148e-06,2.2021569841217722e-05,0.0005626070134486521,0.0007277623963693707,0.0008423088924197961,0.00045782176,0.0023539477340066674,0.0023380886280448127,0.003612057785238246,0.002591572783183193,0.0035302480927100403,0.0040478194
2024-10-30,-0.00537464489861339,0.0023028307958048496,0.002195068842725292,0.0038879402295478945,0.002897701173598686,0.005887193611885912,0.005481767,0.002689254368915906,0.0025790948986889224,0.003926086187583784,0.0029584316874792997,0.0059351164478280444,0.006387563,-0.0014410052622857912,-0.0015307922774144712,0.003030011574964796,0.002965094541542083,0.0015048513088489614,0.0023405585,0.000692494915932168,0.0006923318194618759,0.0006225382124926135,0.0007074705612302217,0.00010064793502615149,-0.00060859974,-0.00233670939838166,-0.00243759084302708,-0.000298570935782588,0.000655333939482847,-0.0006190108220357947,-0.003228601,0.0015276898014442535,0.0009204731411951529,0.0035984726514813226,0.0029795611685722373,0.0027926861845490817,0.0014422658
2024-11-05,-8.216589298459809e-05,-0.0020972113216530396,-0.0021697591857985036,-0.0022330227989058003,-0.0011204310665979874,-0.001329417778702855,-0.0020991212,-0.0017724472536258845,-0.001848541105033835,-0.0022794713297178497,-0.0008931479071017241,-0.00021429502197806922,-0.0027380327,0.002431811864906365,0.0023541881507397255,-0.0020039798835358195,-0.00046170579222475083,0.002299553037268807,0.001313739,0.0005784652510517916,0.0005787477570233922,0.00021528336905166472,0.0006022050941489434,-0.00035177269681631914,-0.0016752373,0.00574846766435603,0.005653735130159412,0.0005046704303903917,0.0005692853066816521,0.0028136329086321647,0.002659416,0.0023162595806646624,0.002353035755682417,-0.001977358787035517,-0.0006000978319419517,-0.0020102867766398384,-0.0012467592
2024-11-06,-0.0007061579882856606,-0.00017965168504377026,-1.161170652391394e-05,-0.0003254967430468492,8.40556939849926e-06,0.0008111877086965176,8.832704e-06,-0.0014650669134708225,-0.0012724800291293598,-0.000290166070828498,0.0002638709683267714,0.0004910090062098433,-0.0024435793,0.0010765886262405877,0.0012761523807504683,-7.356639162606206e-05,0.0005669841092292267,0.002379486759089872,0.001821629,-0.0008826753691169775,-0.0008766830522029447,-0.0002910800915474205,0.0006738983797927554,-0.0027473622711993604,-0.0008336242,0.0019396785673264326,0.0018794028728843157,0.0005610524639378543,0.000544614160016875,8.489891198495104e-05,0.0034498044,9.645507480308816e-05,0.0004039299880549702,6.47860419747956e-05,0.0002542413546630525,1.575482617428401e-05,0.00039200336
2024-11-10,0.023109624050476896,-0.0014350326269550566,-0.0013608904702288364,-0.0013309043233719403,-0.00023454204876384845,0.0006716951582765059,-0.0014240074,-0.0013040430334960032,-0.001222869900353348,-0.0013872253237071474,6.220356507112802e-05,0.0006737896626790726,-0.0017249716,-0.0008685199209263474,-0.000767416766344871,-0.0012993296485952128,0.0001299900418748808,0.00013123483879088388,-0.0018002846,0.0007188971321987622,0.0007186308617688506,0.00035402186633080846,0.0006972825077155547,-0.0011923670505685669,0.002987402,0.0013022541038877893,0.0013130086534991654,0.0003700817154258394,0.0006622226531129064,6.127839831009325e-05,-0.00071556785,0.0012334004466176456,0.0012991073541604725,-0.0025761919656647116,-0.000392725409657396,-0.0010624237218519249,-0.0019139159
2024-11-11,0.00805712335926323,0.006394648973224217,0.005824441098837015,0.0038352737075190396,0.0033627357780591817,0.004759492077438841,0.0035581011,0.005547032428893343,0.004961602824936329,0.0035616952041565625,0.0035405496567344195,0.003764441050514582,0.0026779538,0.0028029883538575897,0.002255660446295717,0.0035310940682035195,0.0033511856576396927,0.004257513514954144,0.0026250137,-0.0008597156058095339,-0.0008538130105184328,-0.0004498377975769082,0.0004962674973577925,-0.0013283138072683802,-0.0067972546,-0.005295812933434696,-0.004997415549068812,0.0017351885548511673,0.0003970650555469485,0.0067550698840434555,0.0022393249,-0.0009408815926253033,-0.0012345646016008061,0.0034721518158015107,0.00329446617466598,0.002754361957424184,0.0016578487
2024-11-12,-0.004084105459594589,0.0014837567592788379,0.000897408263591846,0.003442389841782329,0.0030212500226028615,0.0032376379583811646,-0.0018695848,0.0004942295753329178,-0.00010639435749165628,0.0033842243804056483,0.0030525782373955223,0.001741370698822082,-0.00017140283,0.0007440768807201388,0.00015780213151969224,0.0036321373071788706,0.002833169147976604,0.0021975126640443963,0.0012563776,-0.0007038598350885862,-0.0006985662893118291,0.0006174225151223476,0.0006755919347784524,0.0012537996663538225,0.000119881755,-0.0019467255141131694,-0.0017122620950519784,3.832761341977679e-05,0.0002768852332702492,-0.0003251849625558833,-0.0053100423,-0.0006122698219095465,-0.000824349652500062,0.003127113363687731,0.0028489992931348468,0.001381840411123555,-0.0033575378
2024-11-13,-0.005153381610622176,-0.0014108506840171293,-0.0013753648981535,-0.002127542119370219,-0.00013065039724847853,-0.002815977359295387,-0.0056266543,-0.000413350172380844,-0.00038154428393457436,-0.0021384880024184565,-0.00027916154719992095,-0.0030749777480576957,-0.0038713631,-0.0005403894681915229,-0.0004933882396994382,-0.0022795174692582486,-0.00022894789753154818,-0.0038850210395017406,-0.005674716,0.0008282708190345623,0.0008275771406842295,0.000529913921143048,0.0006530216093580919,0.002812814444870433,0.001178854,0.0006977516121092583,0.0008841066232760581,0.00028333634924709237,0.0004954255405346626,-0.0031145634888551255,-0.0007187671,0.00123455573987733,0.001202171415529351,-0.0019518877384991156,-7.223898487209406e-05,-0.003281649147707489,-0.0040812977
2024-11-14,0.005087900158220471,-0.0015537150396613894,-0.0013896187101513175,-0.0022129746501334717,-0.00056053659651522,-0.002423239750964021,-0.0037965418,-0.0024609404299173695,-0.0022850183002068327,-0.0022265816260927758,-0.0005511987582491197,-0.0014025156790240046,-0.0012003463,-0.004533819394901833,-0.004347700324627502,-0.002207382626697777,-0.0006718699105177514,-0.003474569162476284,-0.006176111,-0.0005307528158507368,-0.0005261357336114403,0.0003875371652483218,0.00041747559027463293,-0.00028128697977846534,0.002547714,-0.0029997298567987747,-0.0029904788816432545,-0.0006770863587287817,0.00031516467061726,-0.007068419487135676,-0.009663876,-0.004086249764390383,-0.0038054240432649536,-0.0020747898925244125,-0.00022736206203093163,-0.00461553009548888,-0.0065586586
2024-11-17,0.0018100736604154122,0.0006615809523405815,0.0005853995553116902,0.0036424248342453824,0.0023971322213776534,0.002590055491741411,0.0012716225,0.0012325956406381287,0.0011511796795295008,0.003772978309578798,0.0025140041599530875,0.002664796036280645,0.0018504321,0.0006390322337945695,0.0005708517563950716,0.0038930773005319153,0.002383485551335671,0.00345131367879674,0.0024576588,0.0009593719452466848,0.0009581659529994696,0.00018223459540078947,0.0007082332769309672,-0.0005667785790592164,0.001257503,0.0003377145192261702,0.00035524078091777976,0.0003333042570929319,0.0006622226531129064,6.127839831009325e-05,1.8319091e-05,0.000638791292814068,0.0005052033931693971,0.00479855790741034,0.002658028875446452,0.003154586231832836,0.0025286956
2024-11-19,-0.018734477385794257,0.0011813864689478905,0.0009024547139292625,0.0018268552260200363,0.0013618177067695198,0.0011910196194863977,0.0010584416,0.0022219094586152874,0.001911030633702536,0.0017941281190696889,0.0015246132184495434,0.0014870796370425581,0.0010563927,0.006139899615802993,0.005829462053114379,0.0023329443135533603,0.0012437272300095076,0.0012084726226384071,0.0015968253,0.0010771647702719036,0.001075498469994117,-0.0003231290202972648,0.00025537447895144014,4.157987334481684e-05,9.296724e-05,0.006411975505138614,0.006140730855627167,-0.000638367364162011,0.000504023807852226,-0.005130872992256727,-0.009554975,0.009273315027681738,0.008555749741252248,0.0016845046920905848,0.0011498589948309027,0.00010175850301026061,0.002955171
2024-11-20,0.003361409784450764,-0.0027515652527942604,-0.002861683174063338,-0.0023922785325624454,-0.002125796182203927,-0.0043601710977916545,-0.006748079,-0.002803530946549615,-0.0029246505193494727,-0.0023860122856372056,-0.0020631858368103553,-0.005192084045257662,-0.0076749325,0.0004980024916855308,0.0003615864277247985,-0.002053435461730046,-0.0017915479145996051,-0.0022478810852107406,-0.0030471566,0.0003540298625686354,0.0003551894118715525,2.772470425686665e-05,0.00040228238608569527,-0.0007098792183845029,-0.0025302563,0.004328747454268135,0.0041792605624811205,9.263080641786539e-05,0.0006275811621591686,0.0021506415544180033,-0.003448517,0.001999744588948647,0.0016149181483455705,-0.002105041143757529,-0.0015216041088236536,-0.0022522861770912523,-0.0041588875
2024-11-21,-0.011613222786861499,-7.266934428409519e-05,0.00033221607800299185,0.003079639253191864,0.0008730890771364615,0.003119819964096313,0.002097863,-3.0399644516319077e-05,0.0003899119361875646,0.0031188782589274405,0.0010944244238196143,0.0030854086456021824,0.0030489992,-0.0018406148310477965,-0.0014358642991748917,0.003282172142480139,0.0012347619568561802,0.0017217118723829887,0.0010389778,0.00033671724824484004,0.0003379444513747334,0.00048316336522397904,0.0006722881485662148,-0.00021796960802825309,0.0010762264,-0.0014134418162014706,-0.0014144405743664983,1.749163864999793e-05,0.0005536351831615552,-0.0020768521806032933,-0.002853296,-0.0015204734423695438,-0.0009337747710697642,0.0034848356209122733,0.0011257323535396662,0.0039653027248181365,0.0029387947
2024-11-25,0.005920804342580688,-0.001430992948587671,-0.0011978806080350434,-0.0006487638414900808,-0.001011497614717196,0.0008888395759362022,-0.0010962419,-0.00034088160977614203,-0.00011927568511355699,-0.0006330895951147705,-0.0010636993237397325,0.0001071878890996904,-0.0011480701,-0.0033563393606610018,-0.0031384971436011376,-0.0009960782217622913,-0.0012865397775336733,-0.0035651402222603586,-0.004023383,0.001025372198638776,0.0010239082921540035,-0.0003500465716316623,0.0004696769692719211,-0.001973979818674687,-0.0016301951,-0.0028473447010912986,-0.0026343480896876955,0.0005913094090511771,0.0006297387984325773,0.002350163849495258,6.497498e-05,-0.004141550600203289,-0.0036343421573479767,-0.0011246456293019069,-0.0008644879695287957,-0.0007709246065898854,0.00039056456
2024-11-26,0.012378165045182854,-0.001994712372163379,-0.0016691421164280436,0.0032624526426504076,0.0007256426645317443,-0.0024754490266084054,-0.004490344,-0.001690500211536617,-0.0013638821019946977,0.003440473560405362,0.00137985941815046,-0.0017691710793734858,-0.0032696668,-0.004164357632727259,-0.003850543380401498,0.002517618254832818,0.0013151074768250556,-0.004751809183421201,-0.009506891,0.0006208913140478916,0.0006210080284485863,-0.0005264729204975532,0.000355637701199894,-0.00458732374902141,-0.003282473,-0.001888690043414576,-0.0019033410268706461,7.865340797460537e-05,0.00045905055220600175,-0.0019352053694501176,-0.0014412436,-0.004874414186764065,-0.004501376040014252,0.003341979110770259,0.0013860801460001152,-0.0024159247613743176,-0.0026211026
2024-11-27,0.014507784119795808,-0.0010647611044400946,-0.001002975706458441,0.0034095797844713076,0.002124033090184417,0.002879916077699438,0.0005687597,0.0003286354924214812,0.0003711826593087602,0.0036341135145991094,0.002443753028340524,0.0020338034999118825,0.0011850011,-0.0013169020363304304,-0.0012689500628838058,0.0034443342756781906,0.002856610473465203,0.0015527940410291286,-0.0010432026,0.0013480061323778503,0.0013452814445967152,0.0007338991531572646,0.00048098454246550107,0.0011920004824494555,0.0027741566,0.001849499208041486,0.0017372028702815636,0.0008346549127829539,0.000743482120943986,3.0099450955748964e-05,0.00092444563,-0.00018604555831408878,-7.3862115934402e-05,0.0035130340085964564,0.0026308012445949314,0.0018992860721002897,0.00048218592
2024-11-28,-0.003019399468194628,0.0001438637290893073,7.535754390162672e-06,0.003586079484805707,0.0025157157611352303,0.0029041795631244605,-0.0012798536,2.9955959928884774e-05,-0.00012190482098061383,0.0033417629984857223,0.0027378337727835076,0.0011973966212298816,-0.0026440693,-0.00428122035349416,-0.0044134545876367,0.0028950888198836433,0.0022996104875610325,-0.000790879182719727,-0.0027403703,-0.00010206182339711381,-9.911996973325328e-05,0.00027650024619096404,0.0004359214450692038,0.0006700231044013426,0.0011083077,-0.004040561891224833,-0.004029298418779802,-0.00017291474407285458,0.000496301507205917,-0.0027981103334567296,-0.004243609,-0.001134884291699445,-0.0014604107728077216,0.0032411401609058967,0.0030790164276269676,0.0013934563095829757,0.0016067047
2024-12-01,-0.0036419288136704253,-0.003383238022967614,-0.003348657986993067,-0.0021629301592802665,-0.000628364382131993,-0.003009174192041599,-0.0047633057,-0.0027893604060589476,-0.0027629207672768587,-0.0022081560599311266,-0.00031869745575707683,-0.003210757506735532,-0.0067445054,-0.002731614939674078,-0.0027067047603418063,-0.0022483838508933376,-0.0001997395187010946,-0.0033155044130648123,-0.006166886,0.0009593461724797922,0.0009581402809467892,0.00031901722315466873,0.0007060988173293982,-0.000752442121187889,-0.0025582272,0.0007877175868640657,0.000810373103492448,0.00034792347854370806,0.0006622226531129064,6.127839831009325e-05,1.8319091e-05,-0.001519291564905182,-0.0015655812270210265,-0.003906150597811632,-0.0010673064521552233,-0.004381187841355105,-0.0056647556
2024-12-02,0.007270642097322089,-0.0015774386883939022,-0.0015789982492448425,-0.002178180927720995,-0.0009963454361773961,-0.002276351975819326,-0.0030756502,-0.0014193239323583725,-0.0014293234390445973,-0.002191739301434223,-0.0005397844922650245,-0.0036320617799302677,-0.0052296733,0.0010055701819857528,0.0009837676046263752,-0.0018341669081180182,-0.00029619888388772794,-0.00022101873622455378,-0.0009491528,0.0001425910956459357,0.0001445769003881719,0.00036792663280223756,0.0005367654519812391,-0.0011767148652441206,0.0010895014,0.0023173628564635645,0.0022642520046504285,0.0007184311824192915,0.0006465612223644665,-0.004048046521148496,-0.0022376156,0.0013109964247511887,0.001201774073707384,-0.0020607036019018037,-0.00038528797480372033,-0.004012254260451935,-0.005501739
2024-12-03,0.006436724073331845,-0.00012859951358820676,-0.0002636984387611816,0.0034347143223971604,0.0018620602853408714,0.0035426374438472224,0.0010938885,-0.0010099495160843554,-0.0011507515330178531,0.0034244523361751716,0.0024576344030963447,0.0019928612620727835,4.253419e-05,0.0073314558877981715,0.007157003459537093,0.004059502287048031,0.0027029354989262823,0.004992342969131061,0.0050035664,-0.0005827664514396972,-0.0005779461115388606,0.0002853246246482103,0.0006139103297573083,0.0004534347197722049,0.0022599252,0.007633620993622038,0.00743025880633165,0.0002491217972467859,0.0006160021202400496,-0.00029154539783997113,-0.00016553639,0.007802385527626752,0.0076067459290093484,0.0033370953042197926,0.0023995042152698126,0.002649832125677517,0.0037496088
2024-12-04,-0.00903978132008465,-0.002603691053641107,-0.00238242401619871,0.003626454623292474,0.0022617703559280576,0.0038099874147566764,0.0011537165,-0.003589744223909068,-0.003354805574009941,0.003467257913777785,0.002621710605393743,0.0021879448062322054,-0.0010540399,-0.0020000465485246043,-0.0017753286034533997,0.003785896831036763,0.0025662434892473334,0.0024988919022363456,0.0029195463,-0.0006170613430664343,-0.0006121069863948808,-0.0003767614472869481,0.0003491383770254556,-0.0018626987161859782,-0.0011828503,0.0014262252664908768,0.0013117609217233117,-0.00102042384308613,0.00038898602915337694,-0.006725769040135113,-0.007506758,-0.0020284612932731753,-0.001542745605433373,0.002981236175115414,0.0024818050012593075,-0.0007270630177274498,-0.001055837
2024-12-05,-0.00581138388592084,-0.0031711519574997675,-0.003090582471702026,-0.002408522585989803,-0.0017912791835724964,-0.0059533929031770315,-0.0067530745,-0.0042158282036764035,-0.004126676365701031,-0.0024048688297295534,-0.0014473433898977107,-0.00551935814771417,-0.0057372297,-0.0027587917603289747,-0.0026757713758478094,-0.0020492096093538397,-0.0013357547387017083,-0.004431730000872264,-0.0034231397,-0.00044570619299747253,-0.00044142145395026,0.0006819450321388116,0.00063547967073475,0.002503898124731314,0.0032256474,0.0014808891820745217,0.001445548345711604,-0.00023534566478468146,0.0006794600820661728,-0.004401551662769481,-0.0019466341,-0.0010805554182441138,-0.0009085490802162116,-0.002219829754254819,-0.0010652489689087197,-0.005082843630051424,-0.0058646435
2024-12-08,-0.01693646410977223,-0.0014034749082993464,-0.0012144191686339284,-0.002095813880567853,-0.0012981378615470238,-0.0024450704341927834,-0.004052959,-0.0012024286824591647,-0.0010057649561412353,-0.002136801983596488,-0.0009613758491964685,-0.003194315724383011,-0.003212535,-0.00015785642561889435,3.8779163176044795e-05,-0.0022494171324662186,-0.001038048724392399,-0.002347484830013642,-0.0041919975,0.0006520107413353927,0.0006520058479702073,0.0009060543359010533,0.0007108785394522049,0.010157742690395686,0.006373269,0.001345695242445934,0.0013546274637991013,0.0003681859641143537,0.0006622226531129064,6.127839831009325e-05,-0.0008987406,0.0018641757640267265,0.0020295757735474228,-0.003850678215509917,-0.002095248645564299,-0.004284371435343253,-0.0052175545
2024-12-09,-0.004790182780042507,-0.004793186841083134,-0.004495123256689625,-0.002641012340711604,-0.0021717502593162864,-0.006835778845597078,-0.0075634257,-0.005062100974736544,-0.00474465175077095,-0.002602856369597678,-0.0017969249031472311,-0.006630540365409717,-0.006249687,-0.003963048381143749,-0.003642116919022358,-0.0023062491725233955,-0.0019073251564185568,-0.004068890264923943,-0.004323414,0.00044940663866762,0.00045019347684861495,0.0006369788403061612,0.0006604416195732995,0.0017356827255473523,0.0017433516,0.001990845835792713,0.0018025227912981264,0.0011415511120268737,0.0008241420225122458,7.948703882423287e-05,0.0033191314,-0.004034393142624179,-0.003995412713839535,-0.002316856556669961,-0.0014848775613247073,-0.00489819079951318,-0.0041778465
2024-12-10,-0.0023681400974062683,-0.0017797036768900662,-0.0014040367926752284,-0.00030049435965785883,-0.0006006376718414038,-0.0008374361020846218,-0.0017254138,-0.00168560513025896,-0.0012963493486509861,-0.0002750817805521923,-0.0009009607483541335,-0.0033790881541615326,-4.4012955e-05,0.001355110268157746,0.0017295098191194645,-0.00011024837536005439,-0.000610994331158647,-0.0006939590763796222,0.00081190997,0.00031348177279237106,0.00031479977496662683,-0.00015567896519554967,0.00033943907962664406,0.0012681719959291259,-0.000530247,0.004021879905295992,0.0039067133202705375,0.0006529932746761704,0.0006798877447042087,-0.0031750851558406765,0.0033227154,0.003909007830784997,0.003963499581979163,-0.0005144805195272762,-0.0008781181559717145,-0.0025781697695374875,-0.00083138177
2024-12-11,0.017042374917719982,-0.003732386013768404,-0.0032464814880674812,-0.004368349367910971,-0.0010274249236757978,-0.0063192463055161555,-0.008866618,-0.004444306153566078,-0.003931548360064093,-0.004710517223778208,-0.0012438833846602937,-0.006167381503749056,-0.008147446,-0.0006981296730050731,-0.00022757111206835588,-0.0037836702047103175,-0.0007594800404885315,-0.0027451061333510886,-0.004569332,-0.00015933246839793425,-0.00015616681385482328,-5.559962754242687e-05,0.0004236172624651894,7.116074090899475e-05,-0.00026675515,0.0021387501623629595,0.002129747542176645,0.0008570091000791562,0.0005811772326078347,-0.0001304958831277799,0.0013652222,0.00039682191020990387,0.0010044614658688423,-0.004188810236799797,-0.0008899355222841157,-0.006640027279636627,-0.006719575
2024-12-12,-0.01238252205046031,0.0003439554753823853,0.0005622995686436613,0.0033173568326760683,0.0019243004144328185,0.004678569070410237,0.0015759367,0.0003474209346410826,0.0005681373804461444,0.0030591806589808455,0.001963851850619265,0.004572947004929424,0.0032788236,-0.0031829798324209983,-0.0029600213982228403,0.0030019561904541274,0.0018840236438206692,0.001988643394683339,0.00031244883,7.492457272916398e-05,7.717480311781222e-05,0.0002702755674876576,0.0005449402399728044,0.0012126434306221163,0.0024498997,-0.0030961760721231707,-0.0029209273352850465,0.0012196701865840396,0.0007175570098978745,0.0012826611322884476,0.0025529151,-0.0029478104923012735,-0.0025280535271052815,0.0032753065097904013,0.0022616697081489913,0.004044342728195474,0.0039199335
2024-12-16,-0.019341113329129023,-0.004735033135931889,-0.00472736670571596,-0.002489155974090208,-0.002107514351436776,-0.004949584327105595,-0.0061531384,-0.00524869025120943,-0.005250093963424509,-0.0024855022178299586,-0.002074243342765815,-0.00386259344192858,-0.0055431817,-0.00367719912444215,-0.003689321211123673,-0.002100270771588709,-0.0019943644508875996,-0.0027454331414251574,-0.0031860243,-0.0004572799845872287,-0.000452950017749511,0.00020091686104328738,0.00038752155231752775,-0.0004485429242282831,0.00048473757,0.001652726721734435,0.0015345592277734804,0.0019514514964374791,0.0006837064111474516,-0.0002517484250444598,0.0006629389,-0.0009652953025274014,-0.0011443737977466064,-0.0019744011476758388,-0.0016165420901043414,-0.004018355152264075,-0.004056235
2024-12-17,0.0011244535619283624,-0.0014299867305839144,-0.0015047526676716756,-0.0007480394301374911,-0.001596536636220882,0.0024056916399444153,-0.00029540085,-0.0014459129225335523,-0.0015274527337963326,-0.00068905115044668,-0.0013871804823223594,0.0016264538261353562,0.00032599003,0.0012492090295801936,0.0011490992568894919,-0.00046872671622041467,-0.0014015286495403137,0.0033295484783908025,0.0069966335,0.0005051686310368053,0.0005057375638158129,0.0007753882638330727,0.0006264386697332493,0.00021267861251697356,0.00014022981,0.003959013759137997,0.0037155090383343384,6.413662593897432e-06,0.0005643948417911424,-0.004950852652004953,-0.0030897981,0.0025310594890406864,0.002337219984075384,-0.0009894305343935606,-0.0011957355920227594,-0.0018461735590078361,0.0002405811
2024-12-18,-0.0021322172296835973,-0.00014684664578949562,1.2083701401078683e-05,0.000667652737224135,0.0002096167331599125,-0.0023909610398611656,-0.0041932133,-0.00020738510820789147,-4.897404835815843e-05,0.000675730976133424,0.00010565195269754239,-0.0017198369568537904,-0.0029291818,-0.0009440223534851958,-0.0007948802267479741,0.0006753882216848514,0.00012048104555311342,-0.003301789348003023,-0.003806406,0.00014795078349608322,0.00014991564377622734,0.00026834994827207027,0.00041803689382249247,0.0003282112353093008,-0.0028760761,-0.00016764213161199622,-0.00014088768119533248,-4.1640776159579026e-05,0.0007577853912075897,-0.004393923767107396,-0.0027172943,-0.0004901313991658233,-0.0002676123510425962,0.0004634820953866154,0.00022887561285735478,-0.0029282725662966853,-0.0051583285
2024-12-19,-0.012034410744308666,-0.003723351735566415,-0.0035623373227254658,-0.0042259091860463085,-0.0010949761994576515,-0.005523296289963848,-0.008028511,-0.006205614864254684,-0.006014949942801687,-0.004390297390050954,-0.0012297529127475889,-0.005269751974064261,-0.008573134,-0.0040634736517517565,-0.003901297853934867,-0.003816962380035789,-0.0007515362486722842,-0.0018673742531018364,-0.0028292413,-0.0010594562471988413,-0.0010527731101281747,0.0013136296331539665,0.000869854791662073,0.003061137015822053,0.0014080434,4.214642847136555e-05,3.325903644132392e-05,0.0008838743434107558,0.0007783450803141922,-0.004199996514847215,-0.0029037253,-0.003266779159896194,-0.003403677936510486,-0.0042460753513102936,-0.0008528309118578396,-0.005152815332541602,-0.007526037
2024-12-22,-0.005223839172436406,-0.002355862909570813,-0.0023136534291662066,-0.002762029552166795,-0.0020992310747441796,-0.003802961938898905,-0.0051774075,-0.001961508395134751,-0.0019203735144719468,-0.0027113333713670905,-0.0021261298908356653,-0.0035866808555004613,-0.0046161073,-0.0018440656299619895,-0.0018126633040296334,-0.0026538958600309365,-0.002282404576051996,-0.003713970841687015,-0.0034788605,0.0008807260465765036,0.0008798273849219816,-0.00010467244773910056,0.0007015206085366042,-0.000752442121187889,-0.0020081464,0.0006872061663003024,0.0007027820808239098,0.0002675385346273844,0.0006291671556304084,-0.0012354222280254248,-0.0018163067,-0.004414490422720996,-0.004347461080953964,-0.0044673471953562815,-0.0032693952389469525,-0.00576108490754576,-0.0065018707
2024-12-23,0.01112899779837484,-0.00045168052069572296,-0.0004060533386276979,-0.0013380983273117192,-0.0012287781238755492,0.001855823878870169,0.0018188747,-0.000518848169299019,-0.0004662285718521706,-0.0013659444430849294,-0.0011691418611391286,0.0025298473267231377,0.002286306,0.0008809148541674789,0.0009335236777603518,-0.0008934972320259981,-0.0009349423231211156,2.1815528061190454e-05,0.00046537135,0.0003460707786553226,0.0003472614302791171,0.0009519374250504993,0.0008951610325307901,0.0012778137106035541,0.0028712933,0.0017143066126852494,0.0017798906703727067,0.00084446196941362,0.0007043243482100642,0.0002370870473292194,0.0044122403,0.002804759837981163,0.0030291504800390736,-0.0015152879204869925,-0.0009233205163631481,-0.0009758027566296645,-0.0017363562
2024-12-24,0.005387041018501293,0.0006931876130902063,0.0007489550290089323,0.0030861173643582686,0.0017950164623991747,0.0004573880908400699,-0.0022500865,1.4066232223973311e-05,7.655484246687366e-05,0.003044505097347006,0.0016956686813200173,0.000785533536091172,-0.0021048225,-0.004259650702191053,-0.004159770278341235,0.002898237190655053,0.001683293574144202,-0.0028754722104349867,-0.0062050065,-0.0001285313793461028,-0.00012548608857419503,0.0021714488845947467,0.0008558227845639171,0.0004453263738336863,0.004231149,-0.004104189897261317,-0.003990160838917341,-8.096544818564533e-05,0.0005916339347606791,-0.0008493631978807695,-0.0018049306,-0.008517239586493796,-0.006394695535304682,0.003169209218212157,0.001982038755018967,-0.00047482890852385023,-0.0017189885
2024-12-26,0.0016739525538964628,-0.0009502004668051132,-0.0009831643517198311,0.0032682939165124773,0.000961828477834097,0.0010316672223103548,0.00026685072,-0.0021629521044088675,-0.002187285923788429,0.00325872512495443,0.0014468648235796211,0.002105455680651243,3.564038e-05,-0.0032477504608306416,-0.00325032356281324,0.0033435789063289774,0.0014294935625341369,0.0012042932674552185,0.0012046775,-0.0005952443628230836,-0.0005903752620336851,0.0001266792087858442,0.0006765195829404305,0.004332944644935089,0.0023956806,-0.0007277836808692678,-0.0007686527950365661,0.00016984229312957895,0.0005640025454377546,0.002157996057777533,0.002402493,-0.0015555385461064344,-0.0017431693312981362,0.003337144648113496,0.0012177738753115306,0.0056606413182144705,0.0020109115
2024-12-29,-0.008064482888247682,0.0002610965064000436,0.00022312741486227002,0.001617766358523519,0.0002486020871736725,0.0019275447500331153,0.0015552212,0.0006326348760433619,0.0005900127321953994,0.0017484806592696126,0.0003063065321549573,0.0017846596013558196,0.0006279562,0.000746606187961798,0.0007112872864861165,0.0018826943044029782,6.973561187383239e-05,0.0013028582495731677,0.00073036476,0.0008212276005661971,0.0008205614455393044,0.0002666956995917272,0.0006972825077155547,-0.0003211269885893845,-0.00074936927,0.0008400180995854541,0.0008538790231663764,0.0003554624939750631,0.0006622226531129064,6.127839831009325e-05,0.00015983514,0.0030360571491621206,0.0028948737444875615,0.0022012690856436216,7.793890732565624e-05,0.0004699840329514116,0.0007166582
2024-12-31,-0.012757400059292046,-0.001818357233668242,-0.0018472236477299689,-0.002537387723748067,-0.0019830048106424447,-0.0033737944392183915,-0.0045220307,-0.001493115485439873,-0.0015207574266644852,-0.0024768639584418707,-0.0018474868387502496,-0.0034626526269571287,-0.0044154623,0.00021164070373853904,0.00017135757902244568,-0.0023839993881460226,-0.0018630960242106357,-0.004894881101968301,-0.005164086,0.001133867171740116,0.001131979291151776,0.0009748128900745275,0.0007889516935559091,0.0013112216280163386,0.003706576,0.0028254333554985447,0.002731777692032132,0.0006535098319111802,0.0007389006060119458,0.0012435137454506983,0.0013529732,0.001045264701415825,0.00044330941389747914,-0.002203238022211989,-0.0013258004934323584,-0.0028500227896867624,-0.0039459188
2025-01-01,0.0019774729694734816,-0.001730330900961466,-0.0017853894372829603,-0.002745009337034373,-0.0020526214625439247,-0.0022271951847969303,-0.0033979965,-0.0014602551671130076,-0.0015186205600918315,-0.0027522763141440824,-0.0018765306808778874,-0.002357127370690547,-0.003846357,-0.0017647985760696643,-0.0018186710094179872,-0.0028806270882506856,-0.0021846793385586634,-0.004930794148726277,-0.005200489,0.0008724859345269626,0.0008716194733884609,0.0009070612896938952,0.0007122406903054297,0.0013383710308196468,0.0006414266,0.000252599721324114,0.0002800148346519501,0.0003700817154258394,0.0006622226531129064,6.127839831009325e-05,-0.00026589527,-0.0018952584581051618,-0.001986553766843706,-0.0024678210258810376,-0.0014619839415246016,-0.0033824033159597987,-0.004000136
2025-01-02,0.0017918550876521167,0.00014197276773875254,0.0003719685896657553,0.0017505031651683127,0.00029592718970622466,-0.001451605684669679,-0.0015736225,0.000802441467326525,0.001037635941116075,0.002012562234863646,0.0003253558418559595,-0.001658459229561254,-0.00081897504,0.0029889406624254156,0.003220162332526815,0.002376700454632095,0.0003274830250945613,0.00010150672107522472,0.0022057323,0.0011873726609735167,0.0011852756928930604,0.0006183152198493087,0.000700551283431427,-0.0002946602276678833,-0.00033652614,0.0023009131702268755,0.00250967085033829,0.0006248521113183792,0.0007000376436528211,0.002202456094349461,0.003988662,0.005455430820552297,0.005513322742616986,0.002055784250530093,0.0004292203561297361,-0.001860597425273779,0.001686749
2025-01-06,0.018776448754937114,0.0007108029304031486,0.0006847629657182946,0.002812849990191013,0.00020973146964280138,0.0025611975457219666,0.0009775244,0.001666281417634428,0.0016271796191432313,0.0028545644185456803,0.00024788039991186525,0.002610371736918905,0.0029916791,-0.0018697592939996548,-0.0018956530622689033,0.0026679609305956795,-6.421730599765977e-05,-0.00011949918673145667,-0.0018317719,0.0014580834439405857,0.0014549285986308767,0.00016669433055278453,0.0005487042571965009,0.0013861824479193706,0.0006752121,-0.0021542168857100544,-0.001962099743237814,0.00011209066129105393,0.000593801133898073,0.002208878391119211,-0.003623271,0.0008468359750744789,0.0002210851402300069,0.0029841236015735522,0.0003134360806718619,0.001410856260267719,0.0013304485
2025-01-07,0.0023300158815002803,0.0046371239286375175,0.004414124842182355,0.003597038706985064,0.0025691058750148678,0.00474353022494344,0.0048157508,0.0041548851676370836,0.003913142705863413,0.0037040070609814474,0.0024584187256059893,0.005431559459276361,0.0054373066,0.007684917293845019,0.0074423149378503905,0.004037269148690434,0.003010927853064194,0.005602087758017134,0.0047113947,-0.0001786140243710823,-0.00017537302181712703,8.28390095594107e-05,0.0004934683103873382,0.002523425400967503,0.00042094453,0.004155911166722514,0.004115407795497938,0.0005161691625114178,0.000552008469721943,-0.0004058465571673155,-0.00010087886,0.010933723374814687,0.010122281837867895,0.0037404974543669587,0.002570379401884249,0.0038277570458926575,0.0038745636
2025-01-08,0.0024112900758384015,-0.0005446712157019494,-0.0005814071393272042,0.0032058348655131822,0.0013312631337005021,0.004324045891507279,0.0037710136,-0.0009269266775420869,-0.0009653865355484592,0.0032331130208016817,0.0015853034073031276,0.004059790631482098,0.0035854408,-0.0003950667370084544,-0.00043051708025074013,0.002583690637273692,0.0012255440343258907,0.0014823806326003542,0.0007076506,0.000277943291080836,0.0002794001696978908,-0.00048397051281676124,0.0005158056995286683,-0.0006238979245065885,-0.0010172578,0.0009828181528247892,0.0009227233845098535,-0.00011124071057552832,0.00047930271954392095,-0.0008661300255289547,-0.0013557494,0.003928730033359383,0.003172005059329861,0.0030676884889317235,0.0012353769891041613,0.0011665810554589969,-6.8948466e-05
2025-01-09,-0.006860428698439058,0.0022173486196245306,0.002063642207704008,0.0033315278987041787,0.0013746454150738061,0.003684129831823493,0.0041510835,0.001881703594293467,0.0017253936992579575,0.003217795408571858,0.0016406885207533978,0.0037172602480339003,0.0047738682,-0.0017862153540819875,-0.0019210221010829715,0.0025287411132765797,0.001224553770990248,0.0013235287427706018,0.0014845495,0.00016753367370904969,0.00016942200843150313,0.0005949498430153676,0.00042676170145838693,0.0011265972543398346,0.0018422699,-0.002530597183022774,-0.0027991497265537632,0.00010147647831377216,0.0005596413616541351,-0.001698730672674286,-0.0017259908,0.00032922252134812765,-0.00030333649814003093,0.0032695797342490313,0.0014952138462901248,0.001996854783577119,0.0022170413
2025-01-12,-0.009693560448570615,-0.00020930014054239103,-0.0003845485641347226,-0.0023692400547443058,-0.0013368338170826335,-0.0037872676562397665,-0.0046090134,6.541539562508053e-06,-0.00017779440318748492,-0.0023984278533368012,-0.0011297217156074502,-0.0034497651579701877,-0.004544231,0.0007279118215774353,0.000540574352207045,-0.0024855997274184447,-0.001197855200637687,-0.0035820024686862703,-0.004800309,0.0007862066722570897,0.0007856773711899826,0.00038601142938604475,0.0006972825077155547,-0.0003211269885893845,-0.0041572996,0.0012117613666041568,0.001223105683409764,0.0003638683414584809,0.0006622226531129064,6.127839831009325e-05,-0.0010272767,-0.001432108240499292,-0.0016483083366733752,-0.004149198398637512,-0.002128694949522152,-0.005101370358715278,-0.00587116
2025-01-13,-0.005972576269180685,-0.002515693347669796,-0.0022269559945073077,-0.0023692400547443058,-0.001487873809169828,-0.0020968729368514402,-0.0031439045,-0.002629652501617987,-0.0023170574619865115,-0.002362973807819066,-0.001574847029432738,-0.0020588130874909286,-0.0017866053,-0.003716934338718847,-0.003411407632458995,-0.002569332413516074,-0.0017293166110157671,-0.005222722120830164,-0.0053299256,0.0008392685680654636,0.0008385319129701889,0.0012033928022767394,0.0008050984432563448,0.0031396183581212382,0.0040504974,-0.0014648430742999203,-0.001194442679869011,0.0005056852233979913,0.0006716023870945978,0.0003095711207014653,-0.0005089003,-0.0005646787684735261,-0.000536437386639676,-0.002112878759240561,-0.0011038267600681662,-0.0034452800691702587,-0.0038080702
2025-01-15,0.0007051901126331472,0.0009460697670433975,0.0008062560859292906,-0.0014412399454998798,-0.001374395362396198,-0.0031710375837848636,-0.0065704314,0.00029576714437736017,0.00015210283448000754,-0.0013451633228818737,-0.0013136370306632771,-0.003597860478896993,-0.006021314,-0.0006231522263422506,-0.0007694890008355755,-0.0015503945597287825,-0.0016618791569308039,-0.003998503939151873,-0.0061556506,-0.00037824339983647047,-0.00037422229030532016,-0.00019952323801093725,0.000426923022374922,-0.0003733920175067554,0.0006620084,-0.0018211287111785236,-0.0017965368310542255,2.481615054264454e-05,0.0006090285244124514,-0.0011234422703282996,-0.0010976784,-0.0014924850508825963,-0.0014989492852870863,-0.001612675305893263,-0.0010649664747684757,-0.003681379650500051,-0.005736423
2025-01-16,-0.00283147522224958,0.0008109842744863241,0.0008278402328847191,-0.0002461561602365775,6.138453977351186e-05,-0.002613920307673939,-0.0048073586,-0.00026009119975972563,-0.0002470776080309209,-0.00019669054361774415,0.00011631501483728495,-0.001375606506082912,-0.0048028072,-0.0009830362735582722,-0.0009695840725269926,7.23395080432967e-06,-6.984426574241099e-05,-0.002385967197761764,-0.0034117142,-0.0011435225236647905,-0.0011365108743765946,0.0005364802359839237,-0.0001691287910473286,-0.0019740734675000537,-0.00048791815,-0.0017045511027639097,-0.0016979696688358332,-0.00023788595424856758,0.0006280574872011087,-0.0006988680637535231,0.0018093362,-0.0023386696383503993,-0.0020948196900155975,2.5678424981569766e-05,8.744839944256546e-05,-0.0013774063692922813,0.0008707271
2025-01-19,0.00485180620459591,-0.00021315184422610912,-0.0002178609172140771,-0.002227584892001318,-0.001005507909523729,-0.002655540208679094,-0.0035763723,-0.00012028029275768534,-0.00012225193089995703,-0.0022728107926521784,-0.001013151485757968,-0.003386157296138684,-0.004748557,0.0008852556489966916,0.000879390687193841,-0.0023287638425658593,-0.0011235230265084616,-0.0036216240108392144,-0.004964815,0.0007089534080591093,0.0007087259954804664,0.0007127155342908627,0.0006972825077155547,0.0025068941440274405,-0.002759585,0.0013343768505927555,0.0013453214459866621,0.00038528323984218,0.0006622226531129064,6.127839831009325e-05,-0.00065272383,0.0009118759503727683,0.0008685253551709411,-0.004066345584158301,-0.0019355328057772544,-0.005201298095995013,-0.006193965
2025-01-20,0.0026030883162393437,0.0020199723456695313,0.0019243517792051643,0.003476843621254654,0.0011829444252933257,0.0034424488869283726,0.0021561275,0.0018852177474221778,0.0017846720780322557,0.003257730679406149,0.0014831366225414103,0.003663436689622865,0.0022481133,0.0038809247833550002,0.0037739161030908327,0.0035971520966534866,0.0015482658944664914,0.0039930382637178565,0.003835199,-0.0001806649934787141,-0.00017741597619593582,-0.00014911793922374483,0.0003028285341633641,-0.001028026376905872,-0.0025125844,0.0022084009982089466,0.0021006505651707183,-0.00033065954520439917,0.000437372028039831,-0.004984577301915455,-0.0046150615,0.004758197628537774,0.004516982869718378,0.0035700076996070407,0.001226161164031882,-0.00019419971054442616,0.0011094236
2025-01-21,0.0019497925186025,0.00015300436606670905,0.00013435819708216418,0.0035532623168813794,0.0008099779978700114,0.0011522478485854644,0.0013307317,0.0004890122612490273,0.0004768771013749698,0.003474278839954383,0.0011146524328257232,0.0020830647056524184,0.0017355209,0.0009112105751174518,0.0008967633278405226,0.0030884377508778506,0.001053748883552541,0.0014730843012255683,0.0025114028,0.0007640949823083208,0.0007636520887830192,0.00019325880118216995,0.0007482505701659381,0.00013481525752880572,2.9344767e-05,0.002095472925503204,0.0018848473342174942,0.0005589832662585103,0.0005426504610661219,-0.0010379104234125042,-0.0011817819,0.0015349773349544711,0.0012781906632337147,0.003270926720661891,0.0007841760710722412,0.0021685298755699215,0.0020667303
2025-01-22,0.01984329667819651,-0.00017842506887688452,-0.0001604285044546263,0.0019192828596346207,0.0006087530644322479,0.0018908204882381882,0.0009434755,-0.0003341343302446819,-0.0003112923748803067,0.0018437636295212422,0.0008135958119645782,0.002044462783779378,0.001321987,0.0018060601982881352,0.001816334747825716,0.001965145036187806,0.0007826269420280348,0.0008540337588494166,0.0016912636,0.0004755639724661336,0.0004762485936334563,0.0003657645737964025,0.0007112802804749855,0.00033252074100558696,0.0003846383,0.0022802165307454062,0.0022734093217115703,0.0008005942435363762,0.0007320777608834526,3.241015585227227e-05,-0.00068423746,0.0022552780276025967,0.0022120337411873562,0.0017101716347452272,0.0008193600789600778,0.0015537991871058612,0.002051017
2025-01-23,-0.004173095269978333,0.004393982098503778,0.004035355681506627,0.0037543430784331634,0.0024303244304428803,0.0040008556257790685,0.0020000439,0.005090026369504064,0.004709200995089468,0.003712003542515162,0.0031443850011982494,0.0032736792944091687,0.0034381377,0.0034871763276282217,0.0031175981890257656,0.0027951978636407064,0.0031288576566262556,0.0010313454082483367,-0.00030888352,0.001042967877862721,0.0010414352113966075,0.0010603976942523514,0.0007317841628006213,0.0024480451573320357,0.0018060469,-0.001326185979904713,-0.0011604190524911974,0.0008779570224764438,0.000677796561495198,0.0006661842189141776,0.00048756378,0.002709177662418106,0.0024950021528816497,0.0032753977943294353,0.0030449512401021727,0.008269944184065214,0.002989074
2025-01-26,-0.003933357026899564,-0.003301930500507036,-0.0033399142974691797,-0.0021551424499028555,-0.0005352841052357081,-0.002879910199758573,-0.005967649,-0.003204482004419497,-0.0032446632207532573,-0.002201542378468828,-0.0007114626294881944,-0.0034260582896246234,-0.0072237984,-0.002463218133551222,-0.002511410510172286,-0.0022416905309370614,-0.0005484215178991367,-0.0035725533138456847,-0.00735708,0.000771988850947537,0.0007715151099480718,0.00013620381301419307,0.0006972825077155547,-0.0003211269885893845,-0.00438768,0.0011740922470839825,0.0011840973980127311,0.0003700817154258394,0.0006622226531129064,6.127839831009325e-05,-0.0010272767,-0.003145491616189353,-0.0032407058862706298,-0.003942277569747137,-0.0014244554735543364,-0.004697315077124091,-0.00764654
2025-01-27,-0.0040400267184148575,0.0014793716331179454,0.0012493818471535512,-0.002164884343942718,-0.0008079064449957104,-0.0025491796967467223,-0.0033764632,0.0018699517073843817,0.0016296701567237773,-0.0021923040839255275,-0.000688605935847358,-0.003167296324379139,-0.002770055,0.0022531934980136873,0.00201457341579163,-0.0023175307367446257,-0.0005714921553242945,-0.004428960147302126,-0.0048580053,0.0007968970076130605,0.0007963259311049374,0.0006555322183463383,0.0007108285409475507,0.0003421700589754425,-0.00048471286,0.0003249771277527612,0.00040970494974992117,9.686643816938697e-05,0.0006847084469684027,-0.002055771431946659,-0.0025201468,0.0009467757362430582,0.0008658198091815263,-0.001970622254723397,-0.00044615923091512443,-0.002380418434232679,-0.0042171953
2025-01-28,0.009261005437791958,-0.00029875999898844145,-0.0003782609287697391,-0.0022224476655650824,-0.0009678797394542131,-0.002727284046329447,-0.0034651912,-0.000635141676980191,-0.0007132287948563858,-0.00223600603927831,-0.0007022505725791826,-0.0032881770669388444,-0.0034835974,0.001246489126791784,0.001159379554587085,-0.001878433645962105,-0.0005452715919732448,-0.0005716819714013474,-0.001821576,0.0001112582037768328,0.00011336645045681502,0.000446840488066563,0.0006314736694854373,7.921336848323737e-06,-0.00012146803,0.0005368185457791117,0.0007620445254703129,0.00015466764260692767,0.0006426650969842896,-0.0025936635514710185,-0.0030551385,0.0015367676099700362,0.001603430830708434,-0.0020496154128885756,-0.0005082756484051905,-0.0031723118775547226,-0.0040856455
2025-02-02,0.02592734386351392,0.0017582174253028722,0.0016703859949211463,0.0035845985773585985,0.0026380730015514685,0.004551588818341171,0.0020047328,0.002012067296248909,0.0019225890531008908,0.003800479475737199,0.002838422169335551,0.003874184780835685,0.0025488692,0.0024882331376884967,0.002404539981888255,0.004314448857824203,0.003005811854200675,0.005456186031279421,0.004168816,0.0007476936054551678,0.0007473148048444965,0.0006750103995895024,0.0007052235096724753,0.0013383710308196468,0.0031311999,0.0011121889815187225,0.0011229526898499029,0.0003894801273555377,0.0006622226531129064,6.127839831009325e-05,-0.0002641278,0.0028031107921953585,0.0026459237838517614,0.004265208385392396,0.004056722780708405,0.005951095636564187,0.0059430357
2025-02-03,0.0008868400128294596,0.005710532879681351,0.005182182539064205,0.0036157446749142995,0.0032566786102149765,0.002914787790115143,-0.00069502555,0.004403414420726813,0.003867880842996364,0.0035132509345708173,0.003574035009137313,0.00306243298542815,0.0004886698,0.007182166285444048,0.006648678920725748,0.003832201763594243,0.0034014315760608938,0.00402232044921742,0.002429878,-0.0006991883674898707,-0.0006939130767642974,0.0010808737801534963,0.000704345562403232,0.002380038860045034,0.0035651827,0.000787915394031306,0.0008533775866815154,0.0008703493300358171,0.0007637007982498215,0.0021046273252337297,0.001766953,0.008029052815595898,0.007227449006112459,0.003359473905803583,0.003375645540950192,0.003494233547789643,0.0034922247
2025-02-04,-0.0051745370155869,-0.0014003500074260215,-0.0015700439313544208,3.5699308796051505e-05,0.0012539787494456668,0.0007658696884107802,-7.3640236e-05,-0.001518371109315022,-0.0016856626461097643,2.553740121662032e-06,0.0013849610586760303,0.0027768195033622232,-0.00060221483,0.0010280144126301241,0.000867083226442678,0.00035830476850904063,0.0012334331732922294,0.0014228852268069452,0.0018855017,3.7733286884472205e-05,4.0128852505025075e-05,0.00032946467782193363,0.00042689253163731816,0.0017385576739472554,-0.002172866,0.003904705384760269,0.0036120199558327152,0.0014056985879571072,0.0006300605437083827,-0.002056256684186373,0.0008702725,0.0017657492467968404,0.0016122331605664792,8.063115612032784e-05,0.001106089869816968,6.244621534015885e-05,0.0029143617
2025-02-05,-0.0016435250301940485,-0.0016092666755337104,-0.0013254774183255585,-0.0021392973639645556,-0.00028827406580461635,-0.0021338187767323616,-0.002637701,-0.0017084392134996402,-0.001404745098444302,-0.0021857458947766046,-0.0002473017031111013,-0.0012508630747352706,-0.0016737893,0.0022392024382980693,0.002531004381430101,-0.0020132768097030967,-0.00019541589142011342,-0.0009107965324923399,0.002262758,0.00029534083663351686,0.0002967297295313335,0.0003187939753122206,0.00041383954151833993,0.004376746891228526,0.003555829,0.004776303570240725,0.00458784992369801,0.000684048846468159,0.0006555824434724915,0.004411112599180604,0.0045798747,0.0030310511788583377,0.0031714594924830406,-0.0019726427673423495,-9.459893843630313e-05,-0.0016094059721532901,0.0021941382
2025-02-06,-0.004302146987285482,-0.0018821625376047747,-0.001574563575656657,-0.0020251031762457757,0.0005071182785956685,-0.0011153649555850713,-0.0020477814,-0.004147596810168481,-0.003821320541807876,-0.0020534750197144865,0.00024005873939086282,-0.0018652146619876785,-0.0032394119,0.0007924438829385661,0.0011027467826307377,-0.0016936648287210617,0.0005858058042571216,0.0007105444151965018,-0.0006146378,-0.0018931602591165336,-0.001883219193120827,-0.0001178769093558303,0.0002372188596333275,-0.0006203371841088035,0.00028964248,0.001981811268012435,0.0020769036557024565,-0.00020308216799057983,0.00046574348705013266,-0.00124598413418867,0.0029533373,0.00037480319377660506,0.0010643283499303983,-0.001336635777571285,-0.00015015222304588528,-0.002732986661091348,-0.00345884
2025-02-09,-0.00426865677163768,-0.002443648619716121,-0.00222859395859862,-0.0022756735369331535,-0.000362644906961408,-0.002552366408499816,-0.0041370806,-0.0023091276299091394,-0.0020825792432565024,-0.0022869531444780775,-0.0004015429648320053,-0.0023295898511408878,-0.0041928315,-0.0015893491513040798,-0.0013757684922803275,-0.0023779468769188294,-0.0003282428951905707,-0.0010565726601269574,-0.0026362406,0.0007811307586803424,0.0007806212931489006,0.00038016717552052866,0.0006972825077155547,-0.0003211269885893845,-0.004083778,0.0011175048530443273,0.0011315047895067037,0.0003700817154258394,0.0006622226531129064,6.127839831009325e-05,-0.0011182607,-0.0012996413959031625,-0.0011440605491206575,-0.00400475617637691,-0.0010434629073374515,-0.002961449038334031,-0.004175074
2025-02-10,-0.00409644920298291,-0.0010245540401775857,-0.0008496003976555342,-0.0022224476655650824,-0.0009483586505313785,-0.0026276368861115383,-0.004375519,-0.002238620931511772,-0.002038978433784031,-0.002254986227861473,-0.000997883403354904,-0.0036759804301931577,-0.0054921517,0.006022255887496086,0.006173061452372373,-0.001773109327826594,-0.0008960575621407827,0.001196033508607486,0.00021045143,-0.0007842716931859164,-0.00077866391584176,-0.00015532814780431874,0.0005126724131354957,-0.00026057818371250227,-0.0010488658,0.00865104555613071,0.008420105903957621,0.0005155167762478717,0.0005859652446769931,-0.0030556656446346004,0.0012096767,0.007006175471609815,0.007371916978264757,-0.0018927101661764503,-0.0006708174143953742,-0.0029105579169954885,-0.0021430186
2025-02-11,0.002439762606023521,-0.0012819055474673534,-0.0010233328893319129,-0.0022224476655650824,-0.0010498660454049868,-0.001372567748788438,-0.0030566421,-0.0020912482226420706,-0.001805742411197674,-0.00223600603927831,-0.0009707646872219659,-0.0034093078006485534,-0.0041331835,0.003849831391152727,0.004090152021082576,-0.001878433645962105,-0.000692978318428092,-0.0014608892102492598,-0.0015050529,-0.0003938636814295089,-0.00038978153132941955,0.0006013459360785084,0.0006640545699746868,0.0013940947499304713,9.148761e-05,0.004952327486136211,0.004936473322380007,0.0010058117031547665,0.0005586871030155243,0.004984380031334531,0.0031560136,0.0010486875193793561,0.0017086648485838112,-0.001748170168326787,-0.0007379559814609194,-0.0007278776084458211,-0.00010831576
2025-02-12,0.0006965150320974445,-3.280834524387738e-05,0.00013462862590981565,0.0029573917973726494,0.0008866250427387797,0.0024833807068841136,0.000784657,-0.000586662020101278,-0.00040032287231117625,0.002905404532883232,0.001167551499501178,0.0012109550446582126,0.0009044211,0.00048263260937278637,0.0006526779325821649,0.0035718886664303493,0.0010562959180814018,0.0011862617872153026,0.00066174683,3.389992441602918e-05,3.631046996025551e-05,0.0003000825001086609,0.0007004997304404221,0.0009782925017428443,-0.0009073243,-0.0003425995044865304,-0.00014762120675180558,-0.0003421348295827179,0.00037387828993230404,-0.001067232704667183,-0.00065447594,0.00016219889805479785,0.0005267001744779991,0.002635430726106425,0.000853323280873747,0.0011279672366124988,0.00033658865
2025-02-13,-0.0027068358498230083,0.0002854534357913949,0.00022544828355144323,6.869102479094941e-05,0.0004192546513657781,0.0011563626406275544,-0.0008012342,0.00019197495738742496,0.0001395321988626472,-2.38934970369399e-05,0.000518460780754752,-0.00010880774196281128,-0.002558541,0.0016944045857776023,0.0016357667331530186,0.0002142883697183865,0.0004367287452140237,0.0008473144432044428,0.0004542054,0.0005116574439225684,0.0005122010198712254,0.0002523753318965164,0.000808211130191996,-0.00359753863003483,-0.0024218517,0.001038136514402727,0.001172155855890352,0.0007549095265046656,0.0007048873128226437,-7.654465730286568e-05,0.002606604,0.0004068066200809061,0.0006784577326839581,0.0001429081993515973,0.0004586533019000158,0.001173864079345342,0.0021350486
2025-02-16,0.007276141093930377,-0.0002835791458692871,-0.0002605805783933877,-0.002085915482765383,-0.0007204271295725333,-0.0016444599223198952,-0.0038254191,9.059383236468242e-05,0.00011109152419608585,-0.002127175327575824,-0.0006587648309243864,-0.0024053480285396054,-0.0047648586,0.0006680421941315778,0.0006838120976622175,-0.002137261347455162,-0.0006578456525778962,-0.0007006732562691415,-0.0027942709,0.0008340371911703831,0.0008333209791266705,0.0002461776940440979,0.0006972825077155547,-0.0003211269885893845,-0.0017249133,0.0011725630486432003,0.0011849042770089514,0.00028908412364265026,0.0006622226531129064,6.127839831009325e-05,-0.0007488105,-0.0006995910985825832,-0.0007116895270807743,-0.0037717323909967626,-0.0014890391452160826,-0.0031317085477716054,-0.0043673683
2025-02-17,0.01101387116323771,0.0023649497812408705,0.0021431938344935782,0.0035919411078260246,0.0014775923206383512,0.0036711528770843297,0.0014299215,0.0035519160523805435,0.003320592487988843,0.0034837209664868697,0.0021490193601601273,0.002521005587136758,0.0021717993,0.004180094669755794,0.003948957666568751,0.0038805393879473987,0.0021851885156991707,0.0027208736914022063,0.0016041355,0.0012213995990065511,0.0012191696612581216,0.0007038793046096731,0.0008257510231693758,0.0027305928045235107,0.002280107,0.003053115950998056,0.0028427569096189918,0.00024494197394012715,0.0008357947802500033,-0.001711756032592104,0.0028050914,0.006803213337733322,0.0060639133807772055,0.0032743292569923353,0.002139250077236019,0.0018594931977292232,0.004421544
2025-02-18,0.0046374774526372065,0.0010712694385291328,0.0008949775311213135,0.003598150375982491,0.002557534955252239,0.0027237113829178317,0.0008602419,-0.0003933385623150463,-0.0005627758407429841,0.003495656635639008,0.002726882050524285,0.0022029106881160465,0.00055306545,-0.002539189905604056,-0.002698914325882071,0.0031117252352705622,0.00252272954844463,0.000970208713696835,0.0017257445,-0.0006206957555061467,-0.0006157271963631605,0.00038149515630894466,0.0006536953156609603,-0.0024026316375001518,-0.0017897901,-0.0033019954833670984,-0.0033583541937094686,0.0002715906584087199,0.0005632988862694567,-0.0007290974316874958,0.0011766247,-0.0037857230682617825,-0.003521520380844883,0.003326083613540064,0.0029799618874841627,0.0027125950707836276,0.0024286443
2025-02-20,0.0011487275004933295,-8.8171461429273e-05,-0.0002136688940190222,0.0035605358102903067,0.0018299318661142143,0.001548122616554008,-0.00053420686,2.1724226634900067e-05,-0.00010054633692599998,0.0034390292143750304,0.002108518639057032,0.0008469651203174975,-0.0009577622,0.0019768323451263767,0.0018500577289911793,0.003577467765078704,0.002127475490489647,0.0006046547703268458,0.0002178583,0.0008519591130516273,0.0008511728661431948,0.0010107706550155,0.0007774196271804542,0.0013159457319035315,0.0030138043,0.003386256623090186,0.0033992678637938785,0.0005173085517719877,0.000602344368746257,0.0008242734218121257,-0.00016277516,0.00415827306244687,0.0038375508727167326,0.0033390988021428348,0.0019515110890278222,0.0005825884811021151,0.00632535
2025-02-24,0.0012150559604480193,0.0013340618058417675,0.0011463480882097296,0.003533145879054364,0.0021013814930290215,0.00289058696456182,0.0005640613,0.0004786399573598238,0.00029413604170463195,0.0034079781473237087,0.0021549836855123557,0.0015000572905022392,-0.00057894393,0.00039932784949651056,0.00022673225259611037,0.0033151811968146,0.002046645742725677,0.0011449867673765455,0.0007476344,-8.343605974366563e-05,-8.056699140084522e-05,0.0003007398051258458,0.0006398776101179307,-0.004442279096453323,-0.0051555457,-9.388762183106935e-05,-0.0001835385620310465,-0.00041030545353183803,0.0005197153153110816,0.00016891359815121904,-0.0019977004,0.0006830920483182063,0.0005004761925040393,0.0031605662458703797,0.002085317596283008,0.0005613552740927003,0.0017878554
2025-02-25,0.0025811697647073473,-0.0002565025945950525,-0.00031996069252866743,0.0007749536156806715,0.001298117452643353,0.0009261596568109663,-0.0020561514,-0.0012150461104692561,-0.0012751008586164305,0.0007879166813667185,0.0013905513527001543,0.0001428908546598266,0.00045989774,0.0005786679826342853,0.0005157953976168906,0.0010148540126322116,0.0013231134272992462,0.0021959536483162094,0.0013811305,-0.0005742332739999685,-0.0005694462798491911,0.0009077203224555024,0.000711639767453868,0.0018345661022751726,0.0027223348,0.00023908066430454239,0.00030089503604777867,2.3874122603096253e-05,0.0005836951503035828,-0.0007008444067503486,-0.00043460884,-2.8304149321109777e-05,0.0002498656032165655,0.0008351252605074291,0.0011083141157463615,-0.0002463381257044112,-0.000503617
2025-02-27,0.017617622728655746,-8.227878541338003e-05,3.067849984873805e-05,0.0035409756750847117,0.0018304859634791502,0.003220289713256561,0.0024400363,-0.0009099316401581965,-0.0007828594077408145,0.003259280606826725,0.0019237150578997704,0.0028613399940042466,0.0025273445,0.0021447591334901157,0.002258174667667419,0.00345931199176657,0.001830155890674771,0.002276424737524951,0.0027032716,-0.00018701926290435862,-0.0001837454145569989,0.0005082502418489276,0.0006992512732670033,0.0004444832684259212,0.0020547055,0.0022585538790144796,0.002410140445594011,3.90340355364353e-05,0.0004956070503562103,-0.0007868261219739262,-0.0009308686,0.001338984682588567,0.0016263455261033791,0.0032359106983422597,0.0015005218142690594,0.0006113491629839502,0.0025817913
2025-03-02,0.02637691216219018,0.0028769829074176707,0.0027843827405897477,0.0037034588235987887,0.0033574889497255895,0.004567254707356229,0.0047143856,0.0034477632201288327,0.0033498173613629666,0.0037049000504178337,0.0036357700323913565,0.004267763360362224,0.003970234,0.0030172866800059995,0.0029291200558294256,0.004269194926490386,0.0037208123627354133,0.00590166277436654,0.0053591947,0.0008854057916024851,0.0008844888425504407,0.0007014156170273744,0.0007050441612549169,-0.0003211269885893845,0.0002764157,0.00036358877318968955,0.000380303771635143,0.0003333042570929319,0.0006622226531129064,6.127839831009325e-05,-0.00026014732,0.0006137768089603899,0.0005786549406608107,0.004612311581857459,0.005031444224049785,0.006456930967740448,0.0063854964
2025-03-03,-0.004723484316924598,0.0036742050194780006,0.003337615239131595,0.003953972662995356,0.004124847596728889,0.0033867955964236914,0.0033354564,0.004878004530695798,0.004516515091726628,0.0037891161642505354,0.0038944451720368685,0.0027240755882066425,0.0021137581,0.005127989787721248,0.004784602678525876,0.004175232411640327,0.003973750792520118,0.005185996753643407,0.0053698253,0.0005432729207404566,0.000543692950472555,0.0010640215838441617,0.0009818624063229987,0.004462905246695429,0.005079479,0.003146134731428572,0.0027527875394299573,-0.0005838252639397844,5.0287225187622464e-05,-8.01421728539134e-05,-0.0038770163,0.007084882447545032,0.006366929104401959,0.0034880625360369593,0.0034664160748721588,0.0025071786181801586,0.0008369672
2025-03-04,-0.010609993711834242,-0.002054384744454551,-0.0022813168843384005,-0.0021297292794303885,7.384943308559538e-05,-0.0015528320447361873,-0.00061170646,-0.0032255844761035876,-0.0034581486543798987,-0.0021685448657327027,-1.8488759896043987e-05,-0.0009720076947253566,-0.0023013793,-0.003286316622598824,-0.0035084873342984216,-0.002029072440076095,4.509667278108456e-05,-0.0018502694925972198,-0.0010164378,-0.000526410121454232,-0.0005218100094939355,0.0015566266296200607,0.0007247373914936758,0.0036747408825992933,0.0041753864,0.00013713534150953856,-6.226209963074614e-06,-0.0016439892373320186,0.00015435032057461908,-0.0042452870604963505,-0.0056597027,-0.0021284425288075567,-0.0022931294093313536,-0.0022482169841810955,0.0002535210087302408,-0.00336959133661756,-0.0002454015
2025-03-05,-0.008882391308222104,-0.0008609282958941186,-0.0008549226410833055,-0.0023692400547443058,-0.0007236878422463671,-0.0017709622458120058,-0.0015289419,-0.0016402986580445413,-0.0016358364213496374,-0.002349112441549484,-0.0007782898049589461,-0.0017687472554241124,-0.0014324782,0.002359467941528139,0.002354515349717371,-0.002273252317422529,-0.0008797246109537795,-0.0016133913268217542,-5.8250513e-05,-0.0008835256019283538,-0.0008775299624945384,0.002248847083418569,0.0005263446249676313,0.0048995630066642586,0.004190155,0.002983554871764664,0.00309269996616476,0.0004968643090060007,0.0004377705681419936,-0.003031029559522792,-0.003323185,0.002762113508750996,0.002813400135387581,-0.002034458723814271,-0.00042833157707310035,-0.0059641802992855385,-0.0052164
2025-03-06,-0.0009575215819292993,-0.0037265629485322208,-0.0033572974617503935,-0.0013353995590520886,-0.0005632956784632853,0.0014682822404032056,-0.0012511462,-0.00420958172497178,-0.0038285297345246857,-0.0009823974263704783,-0.0005595709243600455,0.0014822226987458759,0.0005636044,-0.004962059136127687,-0.004600559570323003,-0.0012593394228578867,-0.0007074690973992967,-0.002154326350744435,-0.00034548368,-0.00013028094182756806,-0.00012722881415655127,0.0020623827322513847,0.0010882963103443864,0.006241996786158755,0.0047927336,-0.004678439997590572,-0.00429372941394149,-0.0009169141399555905,0.0003873599486220801,-0.002569322626565082,-0.001815434,-0.007462357858186386,-0.006325291659061557,-0.0012243567910381308,-0.0005870309456675521,-2.48743062133315e-05,0.003664113
2025-03-09,-0.016574836612408994,-0.0032328423557764965,-0.002806884393261478,-0.0015874311114218711,0.0001099857535541316,-0.005757204411291008,-0.006847195,-0.0028425289352381634,-0.002397303566671892,-0.0015791598976631679,0.00028557039458249484,-0.004497633338808603,-0.007862702,-0.003003841839908955,-0.0025821035403290967,-0.001640913487600317,0.00014994193760184806,-0.004455851162293766,-0.0050099003,0.0009376280726030638,0.0009365070505498445,0.00038189185048795885,0.0007047097242126545,-0.0009980937116577208,-0.0009487416,0.00031827323278483003,0.00033706617030506916,0.0002116853940871005,0.0006225683091281161,-0.0016340746747643758,-0.0024053683,-0.00048511403211148787,-0.00013587927264338106,-0.0031049164136069895,-0.00026932928368892235,-0.006510053373900947,-0.0055124396
2025-03-10,-0.007488013668027094,-0.004560471152400304,-0.004261526357346135,-0.0028023454149958744,-0.002087645245866546,-0.00973702836960389,-0.009634176,-0.002482567368791803,-0.0021779089419483324,-0.002737665711815708,-0.0019226943786528903,-0.0073294368095688164,-0.007699188,-0.0040259217948441835,-0.0037326308796607017,-0.0024453713119366827,-0.0022092220723245294,-0.0065223726950382815,-0.0076935734,0.00186701135977888,0.001862258515579601,0.0004941037526244986,0.0005222821895973041,-0.0014538276030009313,-0.003640459,-0.0003451015815085088,-0.0001614044750169704,0.0012781252722087735,0.0004918811589692462,0.0011300505897189495,0.0008055314,-0.004436707486183959,-0.0038007235640293217,-0.0020799799516166267,-0.0014781835481177546,-0.0004914234063508135,-0.00195465
2025-03-11,-0.01177942264524745,-0.001356252308625596,-0.0010040899560811289,-0.0008521267089379122,-0.0010533677957615892,0.0011033385357423478,0.00063754246,-0.00196579857993492,-0.001578126638825993,-0.0006163984423723709,-0.0008332521990680876,-0.000944919224472513,8.31395e-05,-0.0028491872107155283,-0.002486104745721246,-0.001064232084284391,-0.0011610826273963318,-0.001444513863443394,-0.0006545615,0.0003168363641100664,0.0003181412572912841,0.0009205752567299729,0.0007902806886164916,0.001452630307469,0.0001879195,-0.00135221100525169,-0.0012232028404350875,-0.00040088300206566696,0.00048084480690202547,-0.0006643518904628704,-0.0027986355,-0.0029047105094414526,-0.002367352003468919,-0.000834934564274005,-0.0008586134990735819,-0.0014386041724054035,-0.002273303
2025-03-12,0.006334703569475408,-0.003146513843288728,-0.002907508001168373,-0.005232256978465456,-0.0021782485652642233,-0.009693306736638757,-0.012085512,-0.00262295289323604,-0.002376705019452076,-0.005296914077446383,-0.00206773887309098,-0.007336657282587766,-0.008200805,-0.0016401647365803951,-0.0013998069939850635,-0.005166429651359978,-0.002179594385596868,-0.006800217510004118,-0.008534787,0.000484261032646486,0.0004849116676466336,0.0005716218292618772,0.0005070513390103077,0.0012867244412737605,0.001475708,0.0051465964920037206,0.00468617873544077,0.000641168065290904,0.0006298405560461805,-0.0016034636169039,-0.000782656,0.0024925640786332276,0.0020546937919374685,-0.004348567256262741,-0.0015545860873401817,-0.006431896633389903,-0.004119079
2025-03-16,-0.007935719728391355,0.000980354931980905,0.0011122769792497903,0.003136033624282905,0.0009112070079529417,-0.0008249745261960988,-0.0021319308,0.0015245783075813757,0.0016585357520707607,0.0032281578570856617,0.001516545016089524,-0.0009377106337235881,-0.0019672927,0.0019158969659267956,0.0020462819225262694,0.004039971665786659,0.0013230485122684888,0.001890196694342914,-0.0028521086,0.0008260766579833375,0.0008253915539239434,0.0005858571402985623,0.0006972825077155547,-0.0003211269885893845,-0.0014985653,0.0010276208086835964,0.001043542096707072,0.0003700817154258394,0.0006622226531129064,6.127839831009325e-05,-0.00026014732,0.004186761512592823,0.0042238731153311565,0.004395306400133896,0.0015840611716223716,0.004690468817754206,0.004162127
2025-03-17,-0.0037457028230329925,-0.004232300469652078,-0.003933560892977866,-0.002904119936410022,-0.0022566048760919804,-0.009331902542922332,-0.00983825,-0.0037753513194325157,-0.0034732506031984077,-0.0028193372476051893,-0.002032367483152181,-0.00783481625792311,-0.0098093515,-0.0019428133537168213,-0.0016569095677034457,-0.0024364961191130035,-0.001860531116557624,-0.007326120145281981,-0.0066865226,0.00021740271345113785,0.00021909617111324565,-0.00017961681372037354,0.0003301945124921282,-0.0012290659121302967,-0.003660423,0.002500043680185462,0.0025665738843528496,0.0006478694335102286,0.000531719074193663,-0.0001489530184133685,-0.001032167,0.001216479310140605,0.0016433093367598907,-0.0023632678755749655,-0.0014967667060361745,-0.005131707632956396,-0.0027649954
2025-03-18,-0.00283612507617903,-0.001995154107354626,-0.00167575390804576,-0.0022962892361981864,-0.0013969050423909984,-0.003544194337094653,-0.0078093647,-0.002864058091266466,-0.0025278653264916425,-0.002350276908792955,-0.0013361266739865243,-0.003268958950551998,-0.006728842,-0.00370783492596326,-0.0033750276144164136,-0.00219168666780921,-0.001274792458902496,-0.003251096305641917,-0.005257973,-0.0006930535575010741,-0.0006878022402416562,-0.0006108426556223537,0.0002000740897413973,-0.002484773362832495,-0.002526332,0.00015322146347272834,-1.92819886814889e-05,0.0002468112960023098,0.0004801725200400314,0.0020738579868349294,0.0006290401,-0.0011604271176242236,-0.00103907511784031,-0.0018571069944186452,-0.0010373357867810348,-0.0018412393870510396,-0.0038619218
2025-03-19,-0.005536163634456415,-0.0035322864135764395,-0.0031133475519431394,-0.0025735524673781355,-0.001236937909833266,-0.007063101244910983,-0.009855369,-0.004760279887896831,-0.004306509094968735,-0.002572768233826,-0.0013310285296425745,-0.007065587068641025,-0.007669045,-0.005814094179739026,-0.005370519958785117,-0.0025308323885834387,-0.0011067809348723331,-0.005965622900239992,-0.00530619,-0.0008449998442917198,-0.0008391547549072907,-0.0006161413836244584,0.00027325930133754306,-0.002479863693165441,-0.0050250213,-0.0006031610602061801,-0.0008675156788776009,-8.414014288815785e-05,0.00042553393894770845,-0.0010884926755129142,-0.002170489,-0.00755882241390095,-0.006731344233900731,-0.0022418835171366665,-0.0009808027329452405,-0.005540024936388451,-0.005425133
2025-03-20,-0.004798699659320782,-0.0023748294424033823,-0.002213978362184783,-0.002359922921729618,-0.0016284898415339334,-0.0017371967391955141,-0.0035174377,-0.0019139802672652056,-0.0017450565063845745,-0.002391334471194421,-0.001558523581955696,-0.0018792402097571866,-0.004333667,0.0009332272972314996,0.0010990126349244341,-0.002018267886181828,-0.0013393822736229525,-0.000954827876831719,-0.0014205585,0.0002925948781921545,0.00029399450168176547,-0.00024533601373531754,0.0006366859426072386,-0.0005541708509996244,-0.0028649883,0.004545761190762319,0.004344689105937461,0.0011211003060838374,0.0006522551128532617,0.005000415417527025,0.0028377234,0.00197158702567263,0.002100490043835091,-0.0025297291700122344,-0.0011890218448326198,-0.0019149629946924693,-0.0023828347
2025-03-23,-0.020678292955813582,-0.0009045312033976053,-0.0007781282735446868,-0.002326485730875803,-0.0014299195470900022,-0.0016940662313199666,-0.0034868906,-0.0005497279647675365,-0.0004197316128044658,-0.0023717100443641117,-0.0014759546131637789,-0.0013930593826831728,-0.0034406877,-0.00045918796929817905,-0.00032944502023632655,-0.0024153433403998944,-0.0014323112856199846,-0.0022098951767052966,-0.0032468885,0.0008680157389993815,0.0008671667463858018,-2.7244202878621447e-05,0.0006937589549972421,-0.000752442121187889,-0.002806107,0.0008755313225437911,0.0008927079783694287,0.00021035975262310384,0.0006225683091281161,-0.0016340746747643758,-0.0022638524,-0.009526280148164099,-0.009116620554987248,-0.004586651851706402,-0.003097680516959602,-0.01043057396125923,-0.007739694
2025-03-24,0.009932608973530321,-0.0023611521197773612,-0.002549305675981818,-0.0031177394054694163,-0.002226800850647469,-0.0038487888141044073,-0.003608245,-0.002437547753263338,-0.0026340544932860637,-0.003041159489480164,-0.0022242707112762007,-0.0028594804716089634,-0.003064633,0.001462221847161705,0.0012568278132176018,-0.002581227878803013,-0.001783554024532852,-0.0010408422215075878,-0.00040878291,0.00031000512290340953,0.0003113367110483144,0.00014277137801812606,0.0003883705707211831,0.00048632589470719724,-0.00029012054,0.0040620367268043404,0.003982476229859484,0.00158602819118418,0.0008053702202429623,0.001880459133349052,0.0017041267,0.0038507128890874643,0.0036468103011000966,-0.002685403938493476,-0.0016184029082726905,0.00015386138911333946,-0.001391755
2025-03-25,-0.022227349032203136,0.0029917089734820437,0.0030430041595346713,0.0028606822017478444,0.0018207208487581233,0.004209438750470578,0.0010747007,0.003579463104902848,0.00362960290380163,0.0029538696493710357,0.0016983006505198938,0.0034834197716068264,0.0023894208,0.005379938573801277,0.00543856806104809,0.003447494693590141,0.0018454703578253,0.0045446044180596015,0.00485422,0.0007026042965459194,0.0007024016948758877,-0.0004303890191018186,0.00040659552413610604,-0.00023420829821260513,-0.0015121627,0.002652304856093563,0.0027003522999272615,0.0004813187764581711,0.0006184858447694391,0.00185505384719644,0.002861423,0.006533502914592975,0.006353926774987813,0.0032517444048926814,0.0019804323171572656,0.0031640591118366067,0.0043794056
2025-03-26,0.015037010527147565,-0.0059279017489632865,-0.005898151933873244,-0.005436645523114587,-0.0027848019929191193,-0.010761102993235992,-0.012132268,-0.007208587882264134,-0.007175622634437134,-0.005348960966626918,-0.002709282597901045,-0.008788510634676769,-0.012007956,0.0012094908741197294,0.0012258710582222002,-0.004803037111942478,-0.0020170768716937016,-0.003250768329197752,-0.0051725814,-0.0004958757503008878,-0.0004913949598378709,0.00011096768013109148,0.0004064260604462042,0.0005102041177739099,0.0013869805,0.006720153839147926,0.006850888000616587,0.0010700622428019403,0.0005400634411746943,-0.001996272990640545,-0.0020402658,0.0002349227153906535,0.0005366621063627513,-0.004856521540263471,-0.002028967497804857,-0.005678830060848504,-0.004346252
2025-03-27,0.015681965826671806,0.004745415167888479,0.004801085999159342,0.0031197863691542955,0.0020306950962729877,0.004982002001474446,0.00257731,0.0058420014433869525,0.005893568578705645,0.0031413010127138885,0.001958552043141651,0.004385625378887183,0.004091234,0.001698364628289643,0.0017937278736201525,0.002702640527701417,0.0020193948141562427,0.002071547350821297,0.0007115865,0.0010986726095460135,0.0010969222614398747,-0.00017369489685193365,0.00040747855422743463,-0.000788068579961442,-0.0005550878,-0.0034885283842098075,-0.003312386520299907,-0.00034982178367784603,0.0005042588473838365,-0.0053710856395929474,-0.0050346996,0.001155488029158842,0.0013277322832290193,0.004799334545502605,0.0022692072530845963,-0.0012820871582154305,0.0018924152
2025-04-01,-0.006313704905589468,0.0018916641904201349,0.0015589460578506274,0.003519583315108593,0.002175546081431986,0.003225777468602963,0.00081667496,0.0028568245633949067,0.00249271045393386,0.003338988550488956,0.002323027644749147,0.005606629350478374,0.0023083247,0.005598264369375221,0.005252584773219477,0.00408441337617303,0.0029038332773273067,0.007301437745294466,0.0047636777,0.0006535640771852529,0.0006535531137307773,0.0007152411051560271,0.0006292038205904764,0.0014690588936606347,0.0008770031,0.0032830477639150435,0.003370768179510526,-0.00031479083587831395,0.0005840342102261337,-0.006715471906365043,-0.0044908854,0.0034713630101123696,0.0037801677919055443,0.003347751626144144,0.0023335217967415914,0.00260553835041559,-0.0003135182
2025-04-02,0.008879919813960413,-0.002104902815995046,-0.002059203877518987,-0.0025363780650688446,-0.0016033567709925114,-0.002844616605185564,-0.004969691,-0.002265578865574686,-0.0022340052786369085,-0.002443286181715224,-0.001376170541477219,-0.004495334079523765,-0.004438129,-0.003893668942943059,-0.0038554500269233306,-0.002334164693804917,-0.0011407522429331554,-0.005193631557352296,-0.004665393,-2.0531876658576526e-05,-1.7908623802599384e-05,0.0011263457335908362,0.0005097551546990183,0.004154140071235315,0.00083839154,-0.0017495853413422723,-0.001667845368445645,0.00014016106451894076,0.0004964014808868379,0.002268552009591388,0.0006382728,-0.0034615692441031134,-0.0033054936520982227,-0.0021324916831043316,-0.0009753201666245047,-0.0034930985292793136,-0.0033428266
2025-04-03,0.0012399532997422469,0.0016606018983597662,0.0017509327826121025,0.0036077369559749327,0.0021628325995100913,0.005736086919295446,0.0049814815,0.0013405648506828107,0.0014223895086495101,0.003481505408143838,0.0022808589476217512,0.005720275315587867,0.0038724812,0.0009221253214963893,0.0010042778570501976,0.0031814840487264994,0.0027360771777640252,0.004680304599300501,0.004163314,-0.0001451861961967605,-0.0001420758221233661,0.0009812792160265656,0.0005187877706778797,0.0006506757750150697,0.0021977483,-0.0003695446783010004,-0.00039692980061411967,0.0006425657187699495,0.0007115058683924074,0.003317961315583181,0.0023954844,0.004750173446585839,0.004260417502417048,0.0034642054466832595,0.0026587030458045686,0.005905734529662033,0.006392454
2025-04-07,-0.012405596945320951,-9.69274330438405e-05,-0.00027467378289501923,0.0006181802951759278,0.0005150038967919587,-0.001802017784754396,-0.004332752,-0.0007866116352505646,-0.0009523431219301427,-0.0028320221014521757,-0.0015374712777157544,-0.01188707909575842,-0.008135215,-0.002770075991236795,-0.0029346785955188266,0.0005106754619210656,0.0005918663467994743,-0.004986546323752845,-0.004443432,0.00024915366904639126,0.00025072305107115734,-0.026215642384119317,-0.011669336829089313,-0.015977430896420407,-0.020167617,-0.0013760707847021657,-0.0017506952760459132,-0.010410467033414276,-0.008313899083753452,-0.008052034782636415,-0.009851518,-0.010463702180408901,-0.010616379111204539,-0.0027075806463792308,-0.006679703701164476,-0.01614711756828722,-0.008463059
2025-04-08,-0.0012929412838396104,-0.002444985824028077,-0.0023055174680800495,-0.0026703662557418036,-0.002044306027922389,-0.0031520235707352957,-0.004370151,-0.0029233407192794676,-0.002815317919405538,-0.002959221969469169,-0.008113067716178353,-0.01775922223529029,-0.0086861905,-0.021968297052029045,-0.02176034002946208,-0.006912522900580743,-0.006293659779159613,-0.033611708401878826,-0.031800292,-0.002687621626130483,-0.002674575982694308,-0.00837414471953592,-0.01204355556192753,-0.015420580975894991,-0.019185808,-0.0158736777643836,-0.015967774209634307,0.0032218924413702135,-0.004577475839694413,0.003968689341823136,-0.0033068443,-0.023935590909330517,-0.02314827925679063,-0.0033092820246355555,-0.009833226022707094,-0.012185158105449564,-0.011606818
2025-04-09,0.003619767788071826,0.0018289840909964184,0.0019338118068679524,-0.0004039020482088022,-0.00025096479751800054,0.002169141234186279,-0.00011370462,-0.000967987828355308,-0.0008785637539855543,-0.000998215207289864,-0.005578232566937893,8.364537849445515e-05,0.0022107253,-0.01758551936683446,-0.017423778743627535,-0.005167580676056278,-0.006592591670795266,-0.026439729946504405,-0.024265906,-0.0034849088941209276,-0.0034687476302549232,0.01580318817852814,0.0002494299071995118,0.01487849931423375,0.014756271,-0.019293985996333682,-0.01894975929348333,-0.0007886098682037947,-0.008451289289349274,-0.02216720073611936,-0.0129545145,-0.012251985117047889,-0.01342856345577911,-0.0015841341843494403,-0.007169241200589036,-0.017863893054767422,-0.0073076678
2025-04-10,-0.002087160238358976,-0.0006010144452431518,-0.000382817000182281,0.0032065239547643416,0.0009989106479761914,-0.0009893988351302788,-0.0025361874,-0.0021709610854142728,-0.002001627786296845,0.003826036481820337,-0.0001945438406951824,0.002131412190241383,-0.0038980565,-0.019987001339271372,-0.019678213600221955,-0.0032027839553353966,-0.0031036553674717686,-0.029403544858100535,-0.025104754,-0.005730102222155698,-0.005705167244620162,0.0059095106300447306,0.004752322291111754,0.007940335700318645,0.010210572,-0.021784271204882893,-0.02115845193631637,-0.006152798235050201,-0.0037400500171615916,-0.002792441260841202,0.0012363415,-0.0141200716205239,-0.015045022640635444,-0.005428483660543802,-0.002294168111078452,-0.01472862328356863,-0.008589638
2025-04-13,-0.003232838222269052,0.0005054661853823835,0.0005249344155640887,-0.0022116306355747565,-0.0005296293970803344,6.235289527535377e-05,-0.0005600685,0.0009667635915567029,0.0009903499889003708,-0.002214567214406483,-0.000551304158921826,0.00023973370084227,-0.0013531125,-0.0017295631872836404,-0.0016924954843157624,-0.002324859372976815,-0.0006411693748670378,-0.002837141588754487,-0.0027463352,0.0010690230670942825,0.0010673885827726332,0.0003620461619653883,0.0007562549727995273,-0.0004136170066175058,-0.001319238,-0.002412706619445395,-0.0023286744833130577,-0.0009565751252821667,-0.0015534747780672445,-0.0022850487548772063,-0.0036062074,-0.000133267183300126,-9.58703927141036e-05,-0.003791008808032887,-0.001329240569899713,-0.0019404797457746648,-0.0027576664
2025-04-15,0.010143416627735213,0.002016415438716083,0.0018693441962789078,-0.0021124854301903012,-0.0007493552637595428,-0.0014903782622167634,-0.0011442527,-0.0004807605764687937,-0.0005874317458349721,-0.0036741458211809043,-0.004233081543323965,-0.0035073804373971272,-0.0008691729,0.002339488640683388,0.00223479563736999,-0.0030191340903667424,-0.006207129392059893,-0.003344761089633803,-0.0034154179,-0.0018085192303013916,-0.001798908922526931,0.007246337460649597,-0.010012551128274382,0.018551585348518765,0.01654519,0.0033960967602726724,0.003026604709419796,0.0026996908447572765,0.0038244141062190344,-0.0070618908669892394,-0.0012019733,0.007470927465172485,0.0070775106073023425,-0.0018072984835804289,-0.00039951560487981,-0.003592961634117542,-0.0029617173
2025-04-16,0.002603312242815292,0.00500622945435783,0.004582947423868778,0.003783303997177817,0.002230640131404263,0.004518021650897418,0.0030342578,0.0016241977745004303,0.0011932025165979818,0.0032335996601698634,0.002105975875566827,0.002347818602766295,9.536395e-05,-0.006978010493602357,-0.007353935566630788,-0.001183899979812975,0.0024639360203260073,-0.0002750450222929787,-0.0006603747,-0.0036799807319008093,-0.003663057170896181,-0.00132612801011295,0.00030796037595615057,0.004136926556555195,-0.002172071,-0.010542248391833516,-0.010536093025272,0.0005857725566048841,0.004752479556352122,-0.001688686482085805,-0.005895968,-0.0029063175060330656,-0.0034121654511083594,0.002586717989821253,0.0004440665977101327,0.00125301054088907,-0.00033932595
2025-04-17,0.009780552448098945,0.0002800704170998888,0.0001516234626829354,0.0033654837655926573,0.0009694899012812539,0.0020006621726674665,0.001169371,-0.0018739745276111506,-0.001982608757499941,0.0028171985052134075,0.0013513100269819237,0.0019142497156777534,0.0022589911,-0.007030558582630415,-0.007109234611978418,0.0029355346567577906,-0.00245012799456751,-0.002593714052672884,-0.0030024478,-0.0017349992921283808,-0.001725676283838768,-0.0005597144911607049,0.0002482281519487567,0.0069681230916670694,0.0038412646,-0.007907713913745944,-0.007517814871367225,0.0011302032588188867,0.0016222106944610113,0.009871686106295763,0.0037826698,-0.010840387524445485,-0.010248500914643,0.003224830283956549,0.001306613041552536,0.0031574117063653336,0.003612543
2025-04-20,-0.006148741826689452,0.005344739042402206,0.0048107288170290575,0.003851715235145322,0.002794786675127238,0.00471332269822939,0.0037198607,0.005831205625593485,0.005269297460292802,0.003844786768244482,0.003084914837564094,0.004802240482263731,0.004139144,0.005872628584179746,0.005317230705767744,0.004401628411414942,0.003114866002365546,0.00630068299650459,0.0063430904,0.0007597626779737679,0.000759336714125431,0.0006077482189381442,0.0007052235096724753,0.0013383710308196468,0.0018072686,0.000687051731758418,0.0006986465992773279,0.0003554624939750631,0.0006622226531129064,6.127839831009325e-05,-0.00011863128,0.005649683928878271,0.0049685167999035515,0.004333885954182288,0.00417542743236485,0.0068160482619586266,0.006490408
2025-04-21,-0.0028717786264067513,-0.0014399537577668656,-0.001453418756881833,-0.0022255666700235965,-0.0011230237347436747,-0.003520881739736395,-0.004733573,-0.0010047060979501777,-0.0010226596456548106,-0.0022720152008356455,-0.0008550509433825026,-0.0033005207647903378,-0.005525066,0.0008498267299424229,0.0008170544128881356,-0.002144699415151252,-0.000773843527919503,-0.0037078684604202965,-0.0021091106,0.0008698242609858004,0.0008689682010725477,-3.864771108392579e-05,0.00045105353453554466,0.006922300428456534,0.0033574104,0.0027636905351768617,0.002768170598638612,0.00048321982883028756,0.0006698555450450983,5.970273124774222e-06,0.00097062817,-0.0002869892627751302,-0.00017780966891109374,-0.0020534369083435736,-0.0006041812033726755,-0.0025755827844184407,-0.003505186
2025-04-22,-0.0036980697845931942,0.0008289838443091679,0.0007955482606539013,-0.0021762062695604755,-0.0007256019487818098,-0.0026574630441279523,-0.0033282219,8.740960988655845e-05,6.79206187705738e-05,-0.0022214321702113352,-0.0003619289008485505,-0.0027637320851640855,-0.0013561606,0.0037058416773852153,0.0036722128321712254,-0.001799461423900504,-9.423083535396166e-05,-0.0023495677148182427,-0.0013149398,0.0002811314720542378,0.0002825758919726823,0.0007013649882998244,0.0007669045428182761,0.0007693816841176968,0.0010676057,0.004530770410374727,0.004418281601813302,0.0004531331351560164,0.0005739436032418069,0.0008635879540979044,-2.286286e-05,0.0038089910581950172,0.0038491021502858663,-0.002010193033771206,-0.00030056670193634753,-0.0008142502514340933,-0.0003901591
2025-04-23,-0.012117822196770156,-0.0002084026073560898,-0.00015730250946415902,-0.002242835660442047,-0.0010631249140516503,-0.004885912601565021,-0.006230523,0.0015171759640661155,0.0015622828794115283,-0.002289235589008019,-0.0007441275137519189,-0.005029635679004357,-0.0051490124,0.0070146175830298856,0.007039798504696604,-0.0021772673626026867,-0.0006715351874943376,-0.0019295017929710512,-0.0012489243,0.0018710046770878278,0.0018662362278971136,0.0007282734012004592,0.0008368487651756101,0.001041519949348698,0.0008036999,0.009418167759317043,0.008975883836113715,0.0007322056047975854,0.0006145866194940153,0.0016194397653528406,-7.8329955e-05,0.009414811838136245,0.009076479003434631,-0.0022242682600241708,-0.0006136058026989138,-0.0024998039038641806,-0.002704265
2025-04-24,0.0007828437196470972,-0.0023454026499602643,-0.002177025624400734,-0.002436545270406532,-0.0021058709995327384,-0.00237275014899695,-0.0026977712,-0.0031888434247750097,-0.0030033700236792977,-0.0024657330689990273,-0.0017435809748812788,-0.0034298739992832472,-0.0028683909,-0.00289924187732156,-0.0027130683911955134,-0.0024005006216822966,-0.0016943868336252886,-0.0030138064773170816,-0.0048611723,0.00019779600885224606,0.00019956608513334176,-0.00020562922001984935,0.00021418605670060057,-0.0009909873085384771,-0.000412367,0.00016865078421584732,2.451778331139518e-05,-0.00023051619078093857,0.00031856844453517384,-0.0005830487368412507,-0.0029593185,-0.0020765335044986184,-0.001867717550988376,-0.0021849097575704552,-0.0013856204673283992,-0.004340331152100276,-0.0032850185
2025-04-27,0.001345961004907359,0.0018363805587486293,0.0018414225917176529,0.00036252647816680477,-0.00024878343626251535,0.0005183841973766951,-0.0022461484,0.0020653984687239463,0.002074111208046089,0.00035200817291203247,0.00014243988058528864,-0.00024056604286347338,3.6026082e-05,0.002820744531632488,0.0028286702421197723,0.0004441981353319035,-1.1131473632178365e-06,-0.0001683153294192248,-0.0019614936,0.0006696054605063556,0.0006695318109115062,0.0005422360573889611,0.0006981339139351503,-0.00014491565259587878,-0.00068970653,0.0011324607542850982,0.0011468182163271129,0.00038700207307848766,0.0006622226531129064,0.00038357635058049535,0.001812248,0.0015538301012326585,0.0016038796163136038,-0.0005746854556245258,-0.0003566490000020354,-0.0007626840253172092,-0.0026035877
2025-04-28,-0.005474077794717758,0.0016544813690134302,0.0012923822097545262,0.00029199053582256807,-0.000168355861875121,-0.005042828310620992,-0.007235285,0.002666134695213079,0.0022974285819157957,0.00036812461216284976,0.0002609679579720783,-0.0037816713057500033,-0.0042750286,-0.0017397755318525848,-0.0020694776722978633,0.0001549645347763507,-0.0001949370111985829,-0.006336552124991987,-0.008285182,0.0015738260674164387,0.0015702189258055266,0.0006223594089200805,0.0007316547208089638,0.00045270856663707105,0.00042278395,-0.003577143187572288,-0.003522780905623176,0.00039128021288239003,0.0003738250428424339,0.0007525371244520419,-0.00089756824,7.012957148038368e-05,-0.0002596123111143988,0.0005154679055318444,0.0002795092297925822,1.1557865589139839e-07,-0.0012829051
2025-04-29,-0.005716953277406844,-0.0008455405603574138,-0.0008740291423677098,-0.0021899361723153317,-0.0017514059937670692,-0.0026927815435871367,-0.004573754,-0.0005646128042786998,-0.0005957509392413712,-0.002236384703127381,-0.0014764043948245873,-0.003024720023366222,-0.004253191,-0.001850113086117516,-0.0018624002748798742,-0.00234263202068254,-0.0016278477905055356,-0.0048353454733539945,-0.0065833568,0.0006149190349318902,0.0006150590876644125,0.00015589118597574778,0.0004685434720052873,-0.00139346505602586,-0.0018934726,-0.0015875058982121409,-0.0015636005477296477,0.00029951473604885025,0.0005812658545055264,-0.00048347659598535107,-0.0027290294,-0.0019892850247164046,-0.001964983760781626,-0.0020305996559993335,-0.0010749391798771804,-0.0030558644807693056,-0.0034469306
2025-04-30,-0.0031013322522701614,-0.0014441985256390417,-0.0012747537340087843,-0.0022255666700235965,-0.0019734189504052803,-0.001869241461638455,-0.0034216654,-0.0011558270017302326,-0.0009714813660315976,-0.0022720152008356455,-0.001605582718745246,-0.003352706023354731,-0.003345059,-0.0015903813605755409,-0.001407745304775592,-0.0023629141057925187,-0.0016552731566240903,-0.004761600906797415,-0.005917203,0.0010042544039443255,0.0010028730210808621,0.0005503063343600743,0.0007407646799948638,0.0008879526912550376,0.0022701912,0.00018938375007341565,0.00014460888529465373,0.000798469873034104,0.0005816260566010123,0.0006765773366360648,-0.0010214944,-0.0004472273502265611,-0.000350978584445928,-0.002029802732671245,-0.0011555688121942505,-0.002939193388580775,-0.0032705641
2025-05-04,-0.0013119207406981914,-0.0002446044894937483,-0.00030604663173362714,-0.0022071968971243538,-0.0014974910514860375,-0.0024796813100260336,-0.003517424,0.00023935465240588306,0.0001736171325201692,-0.0022524227977752135,-0.0013429540594650314,-0.0029017443428889338,-0.00464621,2.4635810468657637e-05,-4.2600079210424846e-05,-0.0022926505887374236,-0.0014843714336809399,-0.0015134898767120311,-0.0051509733,0.0009014974424576327,0.0009005176108309297,0.0002763879657068689,0.0007096223700477107,-0.0003211269885893845,-0.00037187335,0.0004164433479415462,0.0004320036802190923,0.0003333042570929319,0.0006622226531129064,6.127839831009325e-05,1.8319091e-05,0.0004759090197192012,0.0003570529277958465,-0.004067592462808757,-0.0021016776452587203,-0.003823606252501867,-0.0047049043
2025-05-05,-0.0038196953600628802,-0.0008294926468689129,-0.0008382521828789674,-0.0017760574533479746,-0.001486846985523746,-0.0033424469837210905,-0.0052374736,-0.0005947306119728193,-0.0006064398425106869,-0.001782224781653829,-0.0009949546641412274,-0.004358570852548126,-0.005607149,0.0019806616531057135,0.0019537410515982614,-0.0017074987462696784,-0.0009227619351429062,-0.0034704863575744935,-0.0043046973,0.0007444191830950079,0.0007440531781950057,0.00037386304483956744,0.000695152073369198,0.001244280349877485,0.002306174,0.0028605943531137793,0.0028610144058212523,0.000610281406773298,0.0006845283476394439,-0.0007030054199283415,-0.00028479283,-0.005763193511893117,-0.004534371370744817,-0.0017643812947699647,-0.0005718361513566173,-0.0029107973722498725,-0.002281808
2025-05-06,0.0003944977195189381,-0.0020114550511375765,-0.0018512401766124786,-0.002330173876670997,-0.0017722685654183396,-0.0026552228601702896,-0.0042887507,-0.002085465975901997,-0.0019094829354815378,-0.002311865730343559,-0.0014373593398820227,-0.0032237765343423215,-0.005440465,-0.0031760553012796402,-0.0030058366889139246,-0.0023951807295354214,-0.0017361175614997151,-0.004701450607493632,-0.00643384,0.0008935800051666782,0.0008926311131151625,0.0005547749521635198,0.0007443536071638763,7.827600038921367e-05,0.00031202656,-0.0006959117770243896,-0.0006839399325709522,-0.00013933048156728476,0.0004601087486933142,-0.004344950960075814,-0.00370077,-0.0021362828351794995,-0.0027411785319941023,-0.002054907537367022,-0.0010886068536366067,-0.008142733890100218,-0.005989723
2025-05-07,0.023561576753489355,-0.0001612143345957346,-0.00018145999906762564,-0.0002312836254952294,-0.0011106500748361411,-0.00012330074458296474,-0.0024423925,0.0014924312896479777,0.00147294517506191,-0.00015988869235841855,-0.00042123542144296614,-0.0008454050029390333,-0.002756017,0.0006851422884696045,0.0006695712004322822,-0.00034798207896950546,-0.0006342309709035553,-0.0021448425608176637,-0.002911094,0.001964105038792054,0.0019589727741980397,0.001541151791033634,0.0008759269993920841,0.0020197720788308984,0.0031254464,0.0010186493025443008,0.0010989642750380332,0.0005670754735001858,0.0006376040280860042,0.0062990760706624115,0.001165982,0.002669903803718021,0.0029574073243210917,2.196806763280843e-05,-0.00012169999298700113,-0.0009976411537860595,0.00061228836
2025-05-08,-0.004517066606526399,0.0032867955704124173,0.0030903467635073085,0.0035632102731746125,0.0016651581550028367,0.003430067230788086,0.00086697127,0.003686512660976707,0.0034831097165694868,0.0034705801942728925,0.002460116873267606,0.002452412690313689,0.0011153037,0.005361023537409098,0.005161904734551777,0.004139523061123898,0.0031595180205395545,0.00445293437357726,0.003408548,0.0007849777634818285,0.0007844532647155217,0.0002790512203629595,0.000716527160318495,-0.0009058923735039684,-0.0019517726,0.002436136529718841,0.0025041301267254724,0.0004573839879311143,0.0006286928789980329,-0.0011703123756868707,-0.0015778746,0.007105917958698459,0.006905597264759381,0.0035461328793246804,0.002847005445833116,0.0058795018219028085,0.0029638926
2025-05-11,-0.004718739631853985,-0.00281979239057502,-0.0030802475670395815,-0.0021551424499028555,-0.0012411010150192722,-0.0029482268067841707,-0.006355979,-0.002469164405751192,-0.0027418924592830553,-0.002201542378468828,-0.0009659469444524054,-0.003469458426457913,-0.006924706,-0.002273430836455193,-0.002533393233465566,-0.0022574157898885326,-0.0008149442349264283,-0.003565183883062427,-0.0067602694,0.0008555193373643005,0.0008547191778950548,0.00022535615105964444,0.0006972825077155547,-0.0003211269885893845,-0.0019998266,0.0006191764022263957,0.0006380178943028681,0.00027446490219187414,0.0006622226531129064,6.127839831009325e-05,-0.00026014732,-0.0017696312858200675,-0.0021545480285904864,-0.003942277569747137,-0.0018767164452609315,-0.004640673448888031,-0.0064470256
2025-05-13,-0.005632815356745091,5.339381263381321e-05,1.1697984378909732e-07,-0.0021045036415520794,-0.0011081157287336908,-0.0023889221888784623,-0.0033495852,0.00064795488378562,0.0005917578237802672,-0.0021509035701180517,-0.0010316082900673487,-0.0036940701019197884,-0.0043551717,-0.0011440497920935408,-0.001185828475994528,-0.0020389353437127206,-0.0008924059471836071,-0.0028625700364190935,-0.0023319218,0.0008222205409943467,0.0008215505057782056,-4.9057498873562335e-05,0.000573020606134531,-0.002621215791459436,-0.0055649756,-0.0007390844116217571,-0.0009758190305887681,0.00036398782222287146,0.0006033004955815453,-0.0008406038622555227,-0.0025936447,0.0007089551552112092,-8.597039762174618e-06,-0.001956613521166783,-0.0007402311919012665,-0.004523483029225745,-0.0012703107
2025-05-14,-0.005313553276376837,-0.002595078296384939,-0.0024451293618495077,-0.0022775234730875375,-0.0016268471976051888,-0.0028683230937313928,-0.004840172,-0.003357780835973879,-0.0031902317839421304,-0.002323972003899586,-0.0012897859124711684,-0.003816829081670013,-0.004383005,0.004003775494385534,0.004140833305369447,-0.0018282345909143493,-0.000752774406618666,-7.29397025141974e-05,-0.00047225755,-0.00032119204682351933,-0.00031739388122755557,0.00037512346867922953,0.000710140378529734,0.0016441286805893456,0.0053789774,0.00784156519440391,0.0075331410077793225,0.0011003807806698141,0.001779135906351622,0.005605709930001804,0.004398632,0.006953623404758648,0.0064627714497888416,-0.0017723751286142498,-0.000839726360218234,0.0012217195479741528,-0.0017690958
2025-05-15,-0.003218583392109231,-0.003201881736378312,-0.0029512371280255613,-0.0022721224996239855,-0.001814797220696053,-0.0038536828826451416,-0.0070390035,-0.003761731484321275,-0.0034785429163710756,-0.002349201720408456,-0.0013654638115157367,-0.0030593908647753346,-0.0059871892,-0.009418356149511014,-0.009105723617465098,-0.0024248183479911927,-0.0014572341104005257,-0.0054417431402836195,-0.006781947,0.00019764841397426597,0.0001994190670231496,3.819323794197507e-05,0.0006272411603516771,0.0003129165071726705,-0.0036330484,-0.004955054117825958,-0.004959964903058573,-0.00010040371314808313,0.000575919051325331,-0.000468259208936448,-0.0021869899,-0.008056951291319336,-0.007888460235855679,-0.002199068194150432,-0.0009654163907997056,-0.006167831395925031,-0.005155163
2025-05-18,-0.0010726121045978587,-0.0024915319927209384,-0.0020763285227740043,-0.0022656068342715007,-0.0014811702361170764,-0.00374346896888471,-0.0048688413,-0.0023693699715434742,-0.0019304446735803845,-0.0022725094689436463,-0.0013101524429323165,-0.005404264270368427,-0.0053183893,-0.0019037516728033451,-0.0014794678558548344,-0.0023617139143249388,-0.0013751310153191016,-0.004802574299260394,-0.0068770917,0.0007504227949215219,0.0007500333292484576,0.0004683481901304574,0.0006972825077155547,-0.002273422909779304,7.643889e-05,0.0006772532193926202,0.0006902319455246462,0.0003554624939750631,0.0006622226531129064,6.127839831009325e-05,6.538046e-05,0.0001379017982177218,0.0005983925050036549,-0.004047339098617944,-0.0021246905794426725,-0.00586359293463712,-0.0062224255
2025-05-19,0.007373907140194369,-0.00046102611702375246,-0.0003863310269512912,-0.0017252523882262045,-0.0011145651975293961,-0.0008604002485853936,-0.0038695568,8.850962707396552e-05,0.00016945077069074736,-0.0017166198593004162,-0.0008252860663170153,-0.00174597885019385,-0.0039201146,0.0007373779715132285,0.0008038097408005874,-0.0014413241308280072,-0.0008176646954978083,-0.0014271004455699648,-0.0023108032,0.0009218040424900189,0.0009207448572094174,4.777638694257894e-05,0.0004484649021241906,-1.8593762331385356e-06,-0.0013089463,0.0008933217262945812,0.0009022358331067181,-0.0010077090182925056,0.000384372297958222,-0.0043776421955743884,-0.00518156,-0.001745187795993411,-0.0013512758282756133,-0.0015369078602586147,-0.0005119711779856136,-0.004418460565938786,-0.004246437
2025-05-20,0.01850477148711427,-1.728444721728426e-05,0.00015638027125943962,0.003487369119310088,0.001015721903925375,0.0037147873588068,0.0007644699,-0.00022000469622770764,-4.1380732825609806e-05,0.0033974797748273612,0.0016726258018265588,0.00291676082302393,0.0018884985,-0.003910110104237168,-0.003723219609975138,0.0032021016755751403,0.0015503997326556868,0.0014183307837595679,8.54536e-05,1.066844916122712e-05,1.3169778117942958e-05,0.00018831799114434058,0.0004001375477364781,-0.00015505784662592762,-0.0013269413,-0.0032699155702560004,-0.003358956938111008,0.00019785965952186517,0.0005877395128595482,-0.0009134852923225439,-0.0017815011,-0.0034578204725247397,-0.00323942877655474,0.003156362671338954,0.001669808614859332,0.0026843792314181427,0.00080959505
2025-05-21,-0.002969914058139622,0.0012065016425609199,0.0013284798012475497,0.003632804484191436,0.002808916992491594,0.003817332891704595,9.434103e-05,0.0021544075545706174,0.002280280826639847,0.0034381135873488176,0.0028816728619944208,0.0025287564187004234,0.0017129589,0.003991069456945063,0.004104166924933105,0.004013040589802849,0.0033225558666674137,0.0028898982891106826,0.0021850993,0.0011847577958641446,0.0011826710460920479,0.0005241983773534123,0.0006330332467774308,9.950991652404883e-05,-0.0004641603,0.0034518630463113383,0.0032770988431257368,0.00027057358237725674,0.000620459940965432,-0.0005567838137517133,-0.00054970157,0.004570241170161384,0.004655292680970532,0.0034630073723512685,0.0029903466115756595,0.0023193475992809936,0.0047444655
2025-05-22,0.007107079854795195,-0.0002826744192830095,-0.0006310593775420703,-0.0021124854301903012,-0.000643051339854662,-0.0022016515687049098,-0.0048350226,-0.0008846359368762226,-0.0012442565669291091,-0.0021248697759884165,-0.0002255198124321615,-0.0022850900857465076,-0.004385988,0.002123723011240133,0.0017488550268460747,-0.0019023468186062135,-0.00015244321775907636,-0.0005969959533911668,-0.0012820483,7.560286540428244e-05,7.785044517677215e-05,0.0008918508794180396,0.0006647604297571444,0.0006403227400702223,0.0014231995,0.001398162961539273,0.0013800399868976933,0.0007131772689336125,0.0007458654706774184,0.0019473775565120436,0.000573243,0.002001124936216475,0.0013861758696573933,-0.001976618604920421,-8.161766149415191e-05,-0.00013836109776824108,-0.0020154766
2025-05-25,-0.0031926830173851783,0.0024324221010587673,0.002274592384762534,0.0036737486954561754,0.0019321737578372345,0.003768429088239071,0.0023019372,0.003107282910765647,0.0029369256324199592,0.00365874912692735,0.002559580687418261,0.0027820971761280534,0.0011275549,0.0025895357642279513,0.002414335361280523,0.003848658974468064,0.002600561177658468,0.003463306786612825,0.0020217795,0.0009466571984956449,0.0009455008926366712,0.0008583786149981912,0.0007096223700477107,0.0010927194403498154,-0.0015798304,0.00017590198852404973,0.00019679127621853462,0.0003333042570929319,0.0006622226531129064,6.127839831009325e-05,-0.00026014732,0.002013820032367037,0.0018124769455368896,0.004599687822663266,0.0030636127029217645,0.005356497081658546,0.0046244953
2025-05-26,-0.001949675111596605,-0.0035306160271194407,-0.0032974790135480627,-0.0022071968971243538,-0.0005205862034507789,-0.001383755416139229,-0.0036470473,-0.002385965774827268,-0.0021418848270869056,-0.002233442609192051,-0.0004511009998046047,-0.0031586809305694315,-0.005919491,-0.0005299085010132625,-0.0003084205176341892,-0.0022534245823696143,-0.0003557187781325972,-0.004069665457858263,-0.0043799453,0.001765424312540445,0.0017610684478145515,0.0008794544052740615,0.0008170310964047019,0.000818719271527302,8.8377965e-06,0.0034765999740054643,0.0034663277488982216,0.0002571167016303413,0.0006627720198185213,-0.0008172189806450373,0.0028948619,-0.0019264573499484594,-0.0017871854548131049,-0.0020053639124815582,-0.00021077167409378335,-0.004412170407276785,-0.0038785096
2025-05-27,0.0003214724963109816,-0.0014719640190906163,-0.0012911533176865062,-0.00209583074249473,-0.00033126874702696976,-0.0004966157281154537,-0.002332733,-0.00216839307387613,-0.0019821512576115043,-0.0021067553641010163,-7.842365195270043e-05,-0.002521139537048829,-0.0027137704,0.00020329162477250308,0.0003667621597529014,-0.0018483213594199005,0.00018016259823171532,-0.0016303870574153475,-0.0026233501,0.0001433664970371736,0.00014534927168409722,0.0007949888622957476,0.0006899987229730418,0.0010103419361055313,0.0077376687,0.0017417235178374124,0.0016856376838697575,0.0003799758514950084,0.0006871110163702516,-0.0006720011486939682,-0.0021134366,-0.0024040000700218146,-0.0011716010208429836,-0.001969042953336569,-6.32457471757264e-05,-0.003074976106546557,-0.0024520024
2025-05-28,0.006496964373346792,-0.001824424653917302,-0.001471766319076885,3.916998282913886e-05,0.00044147248847906806,0.001080659068243727,-0.0007073893,0.0003533238231957373,0.0007070863547838531,1.8689450821607608e-05,0.0005111657519510808,-0.0005657617274400353,0.0006262356,-0.003474661508764078,-0.0031193160870914673,-0.00017454818372612352,0.0003732886600906128,-0.001919155989269726,-0.0032881345,0.0023162660964580273,0.0023097576651673916,0.0008333065337781584,0.0009177610842727049,0.0015526163480145412,0.0031134665,-0.0017317534242635162,-0.001682513973534042,0.0004899879123428831,0.0006972179349687377,-0.0004468562333993829,-0.0012049293,-0.0034346244735735704,-0.0030823748472780495,8.876080231134385e-05,0.00047126800989681,-0.0004311270325573325,-0.0011682251
2025-06-02,0.0005939432810304623,0.0012672201248116848,0.0011984870988739054,0.0036116902108262396,0.0022164832073365667,0.004551588818341171,0.0021098205,0.0005727571541504304,0.0005070770745535705,0.003467721412252773,0.0024679299092804806,0.003590671934910157,0.0030363677,-0.0011320688734645435,-0.0011898417440940662,0.003275762002399321,0.002367484008827918,0.0023367363614806144,0.0024461374,-2.628206909280177e-05,-2.363634577010965e-05,0.0007884111871442409,0.0007500770821424643,0.001591312839777141,0.0022500993,-0.0014326283110495833,-0.0015872590429146425,0.0007592169908006395,0.0007373564373993554,-0.00017045488766016958,-0.0015991376,-0.0014499873826048326,-0.001916354930641924,0.0034989220279133403,0.0023719995250305053,0.0038828611446895204,0.0031070062
2025-06-03,-0.013348250619436008,0.0006617420943280019,0.0004840949760694657,8.903638410186321e-05,0.0008380301278920203,0.00015472899673815767,-0.0034582673,0.00218683957712284,0.001995229658535025,4.1153401522732635e-05,0.000803014204520553,-0.00019007628972618867,-0.001110607,0.0048392050880738105,0.004642430657537687,0.00024303066048499863,0.0009371425036633167,0.0005152305664413176,-0.0011787445,0.0016796827759309372,0.0016756619699647517,0.0009889590976232803,0.000906633179678258,0.0012648509406668065,-0.00015218287,0.005751274111423841,0.005471325100574192,0.0006495351033128396,0.0006525402978843354,0.001622643618922475,0.001513487,0.006202810730422311,0.005668382176099678,0.00019917384851513175,0.0006300767214456758,0.0003036625488946508,-0.00053028716
2025-06-04,-0.004515752470100054,-0.003026720211080614,-0.0028135057470871803,-0.0023692400547443058,-0.001865136998519024,-0.003274986572685209,-0.004294854,-0.0030797056836437344,-0.0028518929898106223,-0.0023655862984840567,-0.0016747569438113877,-0.003318960776305492,-0.0037861462,-0.0005430247181250057,-0.00032640683422089896,-0.0020985536745194537,-0.0015019112610222146,-0.0024128658417783364,-0.0006107946,0.0006145312073642863,0.0006146727756402544,0.0007524883097668961,0.0007046104434094693,0.0011350818306652129,0.0009418233,0.003019023000960979,0.003030805659167316,7.920416341012566e-05,0.0006809261090124344,0.0006713320844371795,-0.00021868151,0.0009278182993288136,0.0011989910978755115,-0.002130977546152075,-0.0012927629911615368,-0.004039290950214832,-0.0026980927
2025-06-05,-0.002265546335724622,-0.001422755197924768,-0.0010498146622705345,-0.0005075147405374127,-0.0007618462017796812,-0.0010130326797745427,-0.0045106546,-0.0024611455456104367,-0.002066506872241389,-0.0003885922824323095,-0.0007931512033684231,-0.001264213348636626,-0.0021895054,-0.0009109097612728843,-0.0005320594693604371,-0.0004340786631320512,-0.0008045540959504862,-0.00020903553204426874,0.00012831338,-0.00044099160900461514,-0.0004367252934978187,0.00041600156735179856,0.0006642285381017385,0.0005436138125701757,0.0003987342,-9.3434167515354e-05,-5.669725534423445e-05,0.0005534467726088157,0.0007550153647673087,0.004098646186931548,0.002364464,-0.0008425658830772299,-0.0005691113032324429,-0.0005422580584246735,-0.00074878101322918,0.0006070851473849461,0.0008424593
2025-06-09,0.00878297822005969,0.0005224773535327252,0.0002785254141559057,-0.0022224476655650824,-0.0015264334536552431,-0.0024796813100260336,-0.0039854595,0.0004372049847214995,0.00018179522706389205,-0.0022498674055478917,-0.0013504618742553778,-0.002726434957494195,-0.0030962056,-0.002382418774632381,-0.0026149046317456843,-0.0022013782147867304,-0.0013709895097950664,-0.0020938965803250446,-0.004767113,0.0002798568197347268,0.0002813062207095188,0.0007403969417371113,0.0007428070952171848,0.0031189250316419866,0.0026101905,-0.0019906576490655043,-0.0019435423955794112,0.0005992985839996593,0.0007019572246398732,0.0021011885142696303,0.0026095873,0.0023413324190237304,0.001854470474244058,-0.002033360539189844,-0.0010449718569463318,0.00114076920041198,0.00014220906
2025-06-10,0.009408727023326513,0.0021490499035827088,0.0019696090900393967,0.0033796068698156694,0.0009860693096759275,0.0035694997584243718,0.0011272307,0.002497339110535929,0.002313369469955906,0.0032536401895644066,0.0016977304776625208,0.002699678122062877,0.0009487079,0.00018530911740321495,3.0963987854457043e-06,0.0028190817907966853,0.0017592009545680275,0.0005605468786561129,-0.0009267069,0.000908083602958008,0.0009070780340882381,0.0009317388771575838,0.0007267947197504413,0.0008520655621719883,0.00067048136,-0.0013858403834902527,-0.001341819151535768,0.0008035666684783637,0.0007346301820245189,0.002408503137638237,0.0040609227,0.0023275084763864353,0.0018047423344812333,0.0033633086743017782,0.0020856907792955195,0.003225611702738429,0.0038343736
2025-06-11,-0.005128561920051844,0.000942764924145959,0.0006868659081651976,0.0035906002044105555,0.0014263398525518297,0.0027237113829178317,-0.00025468567,0.0015523835488730968,0.0012773202070271738,0.003522072516886289,0.002442346682830247,0.001982252924399441,0.00052220805,-0.0021985606177273654,-0.002455079905866713,0.0027260418647374624,0.002456867993488582,-0.0009870630643368681,-0.0021180625,0.0009462409481899826,0.0009450862689441606,0.0006695205052233955,0.0007277697171874415,0.0002403881850034567,0.0007766476,-0.002431162229929369,-0.0024436074353795124,0.0006359994725956038,0.0006956408664301104,0.0016731149693054541,0.001387311,0.00042908036112672215,-6.416305542606088e-05,0.0034085885822291227,0.0024516878693891494,0.0007962063184784903,0.0033750546
2025-06-12,-0.0034173929139047488,-0.0019790242646326346,-0.0020390373212048228,-0.0021551424499028555,-0.0016105841003231343,-0.0029482268067841707,-0.005500522,-0.0022104443229994802,-0.0022687695660087927,-0.0021825621898856652,-0.0010247741805222436,-0.003469458426457913,-0.004255776,-0.002910880019668286,-0.0029689132667910867,-0.002307788842704763,-0.0011644442834734074,-0.004796689386159919,-0.0054479223,0.0006435202611524453,0.0006435485466859797,0.0007986276913045702,0.0007572548937835341,-0.0007190364670423676,-0.00144516,-0.00021074380308215936,-0.0003242948651372441,0.0009261006155086655,0.0006956408664301104,0.00275605717376123,0.0026307465,-0.0015014367076946946,-0.0015401289542976496,-0.0019689371929825024,-0.000799886325540075,-0.002371551778193972,-0.0020813197
2025-06-15,0.00017698348639694217,0.0015291017810199394,0.0011718199371361614,-0.002139891681462127,-0.0009952492548020166,-0.0023106568498889478,-0.0023711263,0.0020709218096400346,0.0016906417464715657,-0.002166137393529824,-0.0009577887384892576,-0.002823424716159543,-0.002646726,0.0013977227738347193,0.0010280473754934257,-0.002291443684842899,-0.0009294267787579277,-0.003956165250901645,-0.004912096,0.0007429752600549538,0.000742614897683439,0.0006880830649321778,0.0007122406903054297,0.0010662781191323172,0.0009484797,-0.0004331987574488029,-0.0004130419241834903,0.00028700661843800385,0.0006556238066106137,-0.00033737404842885857,-0.0011765267,-0.000977113234825713,-0.0013671626711232667,-0.003951982677735987,-0.0017418754459886366,-0.0037250679862310273,-0.004938808
2025-06-16,0.0010574823499664987,-0.0005088490270516149,-0.0006032798484980322,-4.12072780778516e-05,-0.00016893955182789314,0.00035512596887596326,-0.0011466146,0.0003044508255842139,0.00020614586528809337,-6.117326381871405e-05,0.00010362424120526158,0.0016806058940209206,-0.0019850049,-0.006491496096910575,-0.006559884478328285,-0.000415485305646567,-4.532638985849339e-05,-0.0016222754989446628,-0.0030353686,0.0011448680171164192,0.0011429371476833106,0.001197918039409714,0.0007736378365134881,0.0026372256744583377,0.0026911485,-0.006146107896089635,-0.00602040564886947,-0.0004547418982973511,0.0006498829000648589,-0.0008332224825389229,-0.0032009513,-0.005995062369538278,-0.005993449199337765,-1.4798472700220544e-05,0.00025300670259089953,-0.002916661679372368,-0.0020512824
2025-06-17,-0.0014717481638983898,-1.2116950397472043e-05,-0.000255924082126437,4.830186893645834e-05,-0.00023536909628985722,0.00011404032257971935,-0.0023128088,0.0007228015672085388,0.00045853156256818635,1.612418237033378e-05,0.00016252497282850915,-0.000697863302861124,-0.0021006246,-0.0013976064797262384,-0.0016437040287262269,-0.00019994525096005478,0.00038355857752833027,-0.0024122040533817437,-0.0043008304,0.000904516661146355,0.0009035250310878884,0.00040019975049848585,0.0006976015270659638,-3.8847540495968995e-05,0.0016933437,-0.0024459470794306703,-0.0023037683336374656,0.0004579595874552705,0.0006225683091281161,-0.0005866120019653495,-0.0012363447,-0.002295027278306956,-0.0024783072077136786,6.261876630429196e-05,0.0003672064565502764,-0.0008270067627669691,-0.00033212622
2025-06-18,-0.00040313238169886745,-0.004217285889407483,-0.0036173849026682843,-0.002057230583231452,-0.0007899025192596702,-0.0018200014724641517,-0.0042463234,-0.004875957798099405,-0.004236919861414309,-0.002066622238117001,-0.0006906872351471517,-0.0021216907051044855,-0.0045996998,-0.006377199559843347,-0.005741296281981293,-0.00216763275818083,-0.0004679856186483449,-0.0038323639297346943,-0.0054973117,0.0002533793008087836,0.0002549321700091565,0.0006641286539148716,0.0007212478180713429,-0.00027717135594465807,-0.001284211,-0.0027037391085991563,-0.0025604007343648758,0.00020829335665204188,0.0006797283918618796,-0.0006654721184186929,-0.0014387055,-0.007976595908978291,-0.007225302285850825,-0.0019067109643877713,-0.0004654871193363797,-0.003724997675438823,-0.0032691262
2025-06-19,-0.009378044307233324,-0.002180015261608371,-0.0018426567574674558,-0.0009449623799758841,-0.0005000448445636274,-0.0002305046691995601,-0.0024508415,-0.001790743888568157,-0.001429758118220245,-0.0009390867197796948,-0.000258654081755544,-0.000991866052152764,-0.002635363,-0.0012639870096081774,-0.0009119095719804669,-0.0008669104139130288,-5.458672829867466e-05,-0.0011029614373553817,-0.0009758871,0.0011037123854320647,0.0011019423430082744,0.0007898762772759472,0.0007728927056275496,0.0014413370311725318,0.0014724017,-0.00022014750050172597,-7.056722452217061e-05,0.00048566342854134884,0.0007005646384364621,0.00023969140929951767,-0.00092434813,-0.0025563060799509594,-0.0018499035118786557,-0.0008323923797259785,-8.776885823373143e-05,0.002842250834551531,0.001636462
2025-06-22,-0.012609069078185264,-0.0019154938110037961,-0.00197486181180153,-0.002436545270406532,-0.002058728080006332,-0.004140124986248058,-0.006525659,-0.0013678115222512171,-0.0014310275639741092,-0.0024518717027294454,-0.002047147386198361,-0.005042569131599511,-0.007440915,-0.001573866855656668,-0.0016333795082385237,-0.0025529049430806717,-0.0021992836970816847,-0.004293096514198904,-0.0066743097,0.0009976204000953584,0.0009962649414360734,0.00024657712360448537,0.0007105143374222743,0.0004909068536540263,0.00042073618,0.00029054322680562396,0.00031607199450116573,0.00021035975262310384,0.0006225683091281161,-0.0016340746747643758,-0.0024053683,0.0006011870296963438,0.00044243332966108255,-0.004188728179864449,-0.002852436538873469,-0.007439300527519833,-0.0059283134
2025-06-23,0.001843467471474014,-0.0025662669754815933,-0.002386374298849258,-0.0016996302733481143,-0.0024512243387393566,-9.024211880770481e-05,-0.0014775635,-0.002556172485284572,-0.0023618532232564642,-0.0016297834488996645,-0.0017417243064634387,-0.001521071001267829,-0.0005334696,-0.003971896718513589,-0.003777094249907303,-0.0019667155993721257,-0.001995669129008975,-0.0036251376340120556,-0.003213691,0.0008630570995923736,0.000862227484233219,0.0012507463614951462,0.0007771196467209712,0.001372729283183127,0.0033635453,-0.00234444961205151,-0.002181101110330693,0.00016033176064656426,0.0006040366227572933,-0.00210640068951365,-0.003557675,-0.006665676074233485,-0.006289568288624593,-0.0016948228898066254,-0.0013598389786971298,-0.002797858372392449,-0.0019890107
2025-06-24,-8.84395986959774e-05,-0.0014172310937745243,-0.001033154436569714,0.0016559661273735956,-0.00024369507738117473,-0.0038350488241218335,-0.0052953884,-0.001830901234153394,-0.0014310013486688589,0.0015752870967139362,0.00023208312760736522,-0.003178001539772333,-0.0037933516,0.0021028144071273775,0.002479539066863797,0.0021563357065046214,0.0001486503858719829,0.0019889231798754727,0.0037067775,-0.00014530418466487558,-0.0001421933495189227,0.0015341955193225397,0.000731810538046985,0.004509897777203324,0.006147519,0.0027384057064828,0.002933697078498581,0.00013341978889727326,0.0006447250121719829,0.002944976159260386,-0.00080169836,0.0031107405464701893,0.0033702301875556113,0.0015073558072716772,0.00039963467503005654,-0.0013214212647333207,-0.00047578022
2025-06-25,-0.00012690526154646165,-0.0038423136360458358,-0.0034033608993613695,-0.0008748711854603218,-0.000918732331601882,-0.0037115555992614443,-0.009557373,-0.004469168616781668,-0.004001453712321776,-0.0007444105758617019,-0.0006302497139020495,-0.005056077878608371,-0.007520842,-0.007843219039626079,-0.007368850442760047,-0.0008807749118397626,-0.0006658985516982175,-0.0059970926553510094,-0.008677874,4.181048444293475e-05,4.4190117286786994e-05,-0.0002038640762954223,0.0005034844332367045,-0.0018461937557549117,-0.001755684,-0.00426164987907588,-0.0040822209580542975,1.7538356724277282e-06,0.0006218518329886202,-0.00034757487907914267,-0.0016673033,-0.008503603006222042,-0.007562251543111756,-0.0007978851888994854,-0.0003194874158845207,-0.003377484110622258,-0.00056115334
2025-06-26,-0.0017167254030479029,-0.002024784794316865,-0.0017292430944437125,-0.0005421104564002343,-0.0008092351271817609,-0.0009724868540889511,-0.005496654,-0.004750928189285989,-0.0044190063594421935,-0.0004712793645435523,-0.0005919146166740236,-0.0009516683452567426,-0.004247069,-0.003297164575770584,-0.0029700079726906756,-0.00028800926210439444,-0.00033853482394145443,-0.0022709250489013687,-0.004804501,-0.001995167921841656,-0.001984828232701268,-0.00044079715728435545,0.00024276556139902382,0.001819607239337342,-0.00036764122,0.0004481720092944567,0.000339795604698318,3.169220524936893e-05,0.000601125922184984,0.00011930642680228499,0.0010371914,-0.0012268435278505602,-0.0010938356420551946,9.012593458187089e-05,-0.00027416288890342384,5.0269135188548055e-05,0.0023001945
2025-06-29,0.010172528608023867,0.0002666090978212044,0.00015264365282006975,-0.0021972231358767997,-0.0011176437207385955,-0.002090679051261197,-0.005560714,0.0004032002490494617,0.00028395829577149086,-0.0022001597147085264,-0.0010830936451709612,-0.0028691714301427706,-0.004866908,0.0009064260897002601,0.0007893517590606619,-0.0023104518732788583,-0.0010700918383817041,-0.003959376084971395,-0.00645414,0.0006028664844552195,0.0006030536358609609,0.0006401630596179195,0.0006929042136590752,0.0007245928203238664,0.002651528,0.0006057210975411716,0.0006249881498612605,0.00031854619754142816,0.0006556238066106137,-0.00033737404842885857,-0.00084340654,0.002384134197837332,0.0022476607463021206,-0.0037130352904364873,-0.0017259817174884126,-0.004355149637067367,-0.0053197504
2025-06-30,0.003502257203900072,0.0017702724568376673,0.0017084705656496835,0.003623894765678465,0.002131548088525107,0.0037147873588068,0.0029451952,0.0007608238506357668,0.0007039043901020284,0.0035003910272236377,0.0022063908368714054,0.0026274432412961204,0.0028480042,0.00041533817357145095,0.0003556937251938026,0.0030211331787655736,0.002259883762658451,0.001933212675289879,0.000919799,-0.00019245781602616455,-0.00018916271502886076,0.00042592519093213334,0.0006850864187337332,0.0007372824552014823,-0.00013504675,0.0002494580967381371,5.375354592446191e-05,0.0005561895620694842,0.0007547586170663432,-0.0035153155246885983,-0.0021141227,0.0019350845346759295,0.0017827536991745032,0.002715336355502852,0.00235046024429508,0.002094815388975055,0.0024696048
2025-07-01,0.01092630303299913,-0.001508437340927826,-0.0014198373912400644,0.003406409272319426,0.0009406568633294998,0.0010050267035906803,-0.0011612984,-0.000773411874709427,-0.0006844571871231064,0.003303559459125586,0.0010996913145297665,0.0005025462764510929,-8.377427e-05,-0.002337847048995556,-0.0022418219340402295,0.003016742806005621,0.0013384210584296435,-0.0011140647568500253,-0.0021893093,0.0011111673672258597,0.0011093681923995927,8.806328940125807e-05,0.0005734788937509582,-0.000709373020510256,-0.0008121847,-4.321534033366087e-06,2.9023824521689405e-05,0.0005927060078065028,0.0007624328472092863,-0.0015696408986887516,-0.002216558,-0.001651290202548025,-0.001647059639002595,0.0033717494241444646,0.0012263360203173454,0.0008448511244232936,0.0015805516
2025-07-02,0.012858683190073883,0.0011492378129484204,0.0011621070385275404,0.0036477307826562814,0.0024953877212562396,0.004260898251136613,0.0026197305,0.0009536557112153581,0.0009667197507244173,0.003698333242864911,0.0027374692661117045,0.0029928953568712415,0.00430386,0.003287972364518204,0.003294446831772259,0.004115381889918597,0.003026967149232769,0.004985218540505516,0.004837082,0.00043017388095221526,0.000431035876451365,0.0007445716008147123,0.0007401170809974305,0.001807009152452514,0.0038406963,0.003424936611499662,0.0033151309695890517,0.0014399021660418227,0.0007009800136674618,0.002555078327812134,0.0031271623,0.007079903345254141,0.0064573607561755385,0.0063694774675256685,0.0029724767108520534,0.008508249711099102,0.0056190146
2025-07-03,0.0033859533940123754,0.0019374149206763166,0.001663171328292255,0.0036319788097929425,0.00314056384053034,0.0024700874640255386,-0.0006914565,0.0025637324703658942,0.0022655308239835715,0.0036889758368905453,0.0030923740316638002,0.0019128563396415999,0.0020527616,0.0036300769365940756,0.003333692787314251,0.0036250864666696205,0.003293547595408479,0.002685256888393463,0.0025000966,0.00096814948644352,0.000966909193527306,0.00042384465679237303,0.0007297462486588219,0.0003662658450595568,0.00075726956,0.001477166784217703,0.0015151151080958726,0.0012765880398773017,0.0007457708398302355,0.0027353759772557676,0.0013259511,0.006210248329482957,0.005473842002921324,0.003471862846019649,0.0031777775585441754,0.006330454767139121,0.0029432352
2025-07-06,0.0008871934219873978,0.00013774474492653493,-5.448731872027216e-05,0.003510454082672655,0.002329247889743856,0.0024924074549068347,0.0010334406,0.0003209051711185874,0.00011880145349328652,0.0035747942911086308,0.0020823492520811084,0.0017508661217139911,0.00048643738,0.0009831696621274994,0.0007883864648773765,0.004116260889341033,0.0021089652510247682,0.00121769667852008,0.00030932052,0.0007598682176599051,0.0007594418413860657,0.0001576927708786896,0.0006937589549972421,-0.0016236821831670718,-0.0017740272,0.0011575520130529377,0.0011737750495856942,0.0003563231570872595,0.0006556238066106137,6.127839831009325e-05,0.00013069944,0.0028265662304220816,0.0025136205207222486,0.00443088211142275,0.002343110438617476,0.0024869087913322466,0.001815735
2025-07-07,-0.008292613708971608,0.0009029703568178178,0.0007957018846815331,0.00010451394088262703,0.0013301438258158818,0.0010234358679657072,-0.00075523986,0.0013451896846656652,0.001233060481336506,5.6630958303496464e-05,0.0013415239240607683,5.3956278595243e-05,-0.00011011399,-0.0005754861942071131,-0.0006606001413893257,1.0414165816467052e-05,0.0012431764172394567,-0.0008412457415994409,-0.0027654578,0.0008869152694024891,0.0008859924216486068,0.0009027328991670674,0.0008285183592040775,0.003310747031051517,0.003127674,-0.002108980270673692,-0.0018354495402322177,0.0011996108937216766,0.0007301960548625543,0.0021327642099783824,0.0043147206,-0.0013647034835536547,-0.0010425807601239564,0.0001434919383036759,0.0010866295491058422,0.0009014609461619137,0.0020510196
2025-07-08,-5.5888089703692856e-05,-0.00221513125148776,-0.002081400601197105,-0.0023692400547443058,-0.001195021001086123,-0.0031847603512300936,-0.0063095717,-0.0020785604402593833,-0.001933351570206686,-0.0023794476647536387,-0.0009812180182550785,-0.00394023146210081,-0.0055024647,-0.0022215307773828527,-0.0020783528971691006,-0.002551698039186147,-0.0011446283258259161,-0.005115629971078714,-0.005201767,0.001013169999657947,0.001011753776639293,0.0009981742325664111,0.0007595588573236314,0.0013630696326068358,0.0034568284,-0.0014879024875119528,-0.0011298566899233713,0.0005778433596108423,0.0006973766289498618,0.0019216752773966949,0.0034069694,-0.0033818656799209693,-0.0028720199527341554,-0.00214213115873503,-0.0006018953314693916,-0.003221728743640987,-0.0022854388
2025-07-09,0.008178517355537984,-0.0012460028173611566,-0.0008678959755986189,-0.00021427446579474273,0.0005938876706756468,0.001042479130193965,-0.0014795108,-0.0012331385601309388,-0.0008329271660275533,-0.00019593219677763285,0.0005898944144677839,8.902324013350545e-05,-0.0003723174,-0.003218155497733172,-0.0028210600729540024,-0.0003639539520781513,0.0005629705841209197,-0.0010459783821694872,-0.001819134,0.0006993172678574974,0.0006991275111608453,0.0009270517474640973,0.0007360394886179871,0.001480552622339128,0.0028226073,-0.002297436371702641,-0.002141389157507011,0.0006736078713208306,0.0006852170170795082,0.000646166050252362,0.00068640243,-0.0033730182871477142,-0.0027941918525283015,-8.900001082063318e-05,0.0005163215697284219,0.003233073360949174,0.0010719233
2025-07-10,0.009526158435911647,0.0002862855540516447,0.00045529027617922154,0.003464428269255706,0.002757888686818975,0.002554156839004113,-0.0023768144,-0.00021844787695400592,-3.404292090477667e-05,0.0033244711948967358,0.002693457002321782,0.00028512446959962426,3.3943325e-05,0.0031908756741624907,0.0033529427335929887,0.004058513984829291,0.002827834814750707,0.0025095905716171676,0.001514213,0.00036735392202554983,0.00036846140388236375,0.0009130691477784131,0.0007123683400335974,0.001659570654378423,0.0033792062,0.0032123709326407623,0.0031432540300623067,0.0009729221442579882,0.0007056421980873045,0.00275960660736394,0.00449817,0.0031657777546259974,0.0034246000428883494,0.0034431999873227024,0.0026744530783076536,0.0010992084899454468,0.0018608333
2025-07-14,-0.012791548165109745,0.0036987090036016794,0.003279435043348912,0.003744037613403754,0.0034123225119072204,0.004001748040016909,0.0015213687,0.004158888842161414,0.003726011279341419,0.003711466717504196,0.003340908237921279,0.0038406093161575104,0.003726275,0.005385470699244646,0.004955500234805312,0.00391630259323673,0.0034205269709290907,0.0032518987588080043,0.0041319295,0.0011707141529994185,0.001168682282644532,0.0012156549864053554,0.0008051339792228492,0.0021133709664590454,0.0018835501,0.002294346579405349,0.0021547526339789707,0.0013093440988812784,0.0007440141110097947,0.00047389493461389586,-0.0014302806,0.006232019235945612,0.0056565002780130475,0.0037098562653940527,0.0033933249229029716,0.0032543158545441726,0.002662587
2025-07-15,0.01256332739856525,-0.0034196378767310754,-0.003280375185059913,-0.0023692400547443058,-0.0009588003640586568,-0.0037806494611586465,-0.004210386,-0.0029317761725719794,-0.002781421421977248,-0.0023794476647536387,-0.0010439185231680005,-0.004085811263928108,-0.004004947,-0.0067506266646706805,-0.006596195373682163,-0.0026066562302405165,-0.0013676057336214564,-0.007017633004419043,-0.007786101,0.001619356718510751,0.001615571653292592,0.0014702958372161984,0.0008342079295734785,0.002692436851388595,0.0033153347,-0.003170958583250663,-0.0029939708447795387,0.00028220664849749953,0.0006261132083103152,-0.0022858832368093996,-0.00837798,-0.007008946477137973,-0.006670244209503021,-0.002279724326663634,-0.0006619444909012336,-0.000849424821595888,-0.004132421
2025-07-16,0.012461119488310857,0.00378314298383731,0.003756263170935939,0.0036725395109883556,0.003446080682323616,0.005540787611839928,0.0039346567,0.004766264780448314,0.004734206006294005,0.003751888495655639,0.0034565577951154386,0.00521877968202402,0.008140777,-0.0008994217411744704,-0.0009172939878590936,0.003120332480893573,0.003228135147598871,0.002536150477554042,0.00010428425,0.0016604952065510778,0.0016565493813171302,0.0014750754585712556,0.0008305087900724616,0.0012291560067881648,0.0019448306,-0.005182897944107053,-0.00489721777674517,0.0003910351918865558,0.0007113289861082185,-0.0027377820508502422,0.00028743877,0.0005452402211949478,0.0005183675171404658,0.0035791745668359988,0.0034616901623667866,0.004326770753316488,0.0050826217
2025-07-17,0.02677812635395238,0.0023547352289532437,0.0018422144185405668,0.003586953558308041,0.0036271392918858915,-0.001154701953305699,-0.002951592,0.003730691227217294,0.0031836433254735755,0.0036857130560027217,0.0035475574726843745,0.00030408557171613423,-0.0009932475,0.004211631724572494,0.0036576468283395455,0.0037105141534949076,0.0036367761462408913,-0.00012322799308283597,-0.0019166474,0.001667707659744503,0.0016637336498556375,0.0014655546961184621,0.0009105354148106467,0.0019074964930365223,0.0046445187,0.0013396604582254293,0.0013694571499638264,-0.000799827669553023,0.0006014757698663965,-0.005141973629338019,-0.0019599444,0.00455234218790063,0.004244649876749654,0.0034230822885239053,0.0034336984902027406,-4.786957438738479e-05,-0.0021188005
2025-07-20,0.00011146757524205242,0.006796400794420978,0.0060485921707322966,0.0038164971401735692,0.00402989853649646,0.004646632474951391,0.0039215833,0.007743176076673809,0.006951281261323894,0.003901925921647345,0.0041350254634528625,0.00447164951351095,0.0037291823,0.007701020590322725,0.006918022550374652,0.004269145582150054,0.004226836651609018,0.0042025616342557985,0.006068876,0.0009300058187859343,0.0009289145827968697,7.856814657981999e-05,0.0007060988173293982,-0.000752442121187889,-0.003820018,0.0008604562869244764,0.0008771260947526034,0.00024538029774525316,0.0006291671556304084,-0.0012354222280254248,-0.0018163067,0.00807109477432963,0.007075691187174642,0.004991422673231741,0.006186064833986793,0.005329701003147294,0.005922248
2025-07-21,0.0075542505134436055,0.003205984895546965,0.0020603056546556805,0.0005472283670385119,0.0016318848852682262,0.0008493934314383958,0.0004018157,0.0038350418227740355,0.0026293949105025707,0.00033533142145362446,0.001429570172930271,0.00024656498409655046,0.0018613191,0.007348393526556482,0.006151042851331606,0.00041511812049666567,0.0014526358651192537,0.0009776331676607773,0.003669903,0.0008762477924253348,0.0008753666307870327,0.0008783138163880165,0.0008182411300789043,0.0010210102713261542,0.0030268366,0.004123527461653641,0.003983027213919283,0.0007503175484446052,0.000690660511029568,0.0033459931921732853,0.0028144084,0.008796909426314935,0.006959472595611869,0.00012502726018493433,0.0012385997606671828,0.00113479979574068,0.0011646841
2025-07-22,0.0276097327403102,0.001708596983205305,0.0016585892165544933,0.004264785598444723,0.003427267018712697,0.005165196435368604,0.0036440017,0.00302680692043642,0.002974774623765089,0.004326243954502078,0.003326470413161263,0.003759274868796092,0.003220116,0.0029792572253918227,0.002932014998023314,0.004389618136734464,0.003724944656707051,0.006477059216572299,0.008140209,0.0016142830242437266,0.0016105177858886652,0.0007755417470267258,0.0008213463953482849,-0.0002426420243918854,0.0024038341,0.001455662728285164,0.001453612165887887,0.0001523442032747814,0.0006410208012948247,0.001785206124769727,0.0010015023,0.0030271281614811366,0.002831097780593377,0.003599980015985886,0.0033663748665481038,0.003675520947245967,0.005500861
2025-07-23,0.001740422239616457,0.004301447413549741,0.004024020081725723,0.005229885869526869,0.004807511199474404,0.006999759691905816,0.003108752,0.004971551397711692,0.004687213226827945,0.00529594567923441,0.0046653041284476435,0.007366435478551882,0.008331237,0.0050938596708155065,0.00482120235302193,0.005364033124391119,0.004707620683802808,0.004630364331953897,0.0045015747,0.000774791324199619,0.0007743066317611023,0.0009661550790187744,0.0008488021373744914,-0.001888715351202822,-0.0019702574,0.0010242519683286763,0.0011225966239479096,9.606090726731763e-05,0.0005977876476114202,-0.0018027705004766371,0.003042934,0.0060742427328117285,0.005590322919902264,0.0043864673623554,0.0042250519749966985,0.006706683814635252,0.0053924164
2025-07-24,0.0012614234284464843,-0.0034693215566421014,-0.0034740450793803637,0.0027504981680127804,0.0021470139215816423,-0.0014107764972797682,0.0006960523,-0.0030887532451239447,-0.0030895398182130794,0.002674200306915619,0.002099354439728803,-0.00044984635409674325,-0.0020024441,-0.002557769360042172,-0.002560870481856584,0.002336225335087694,0.002035924971338252,0.0024296790479164943,0.00024430535,0.00100416294528443,0.0010027819198209665,0.0006058784838902354,0.0006885050422807518,-0.00030899843466263574,0.00022816744,0.0011023780127152375,0.0010491855437372525,0.00027594244747462826,0.0007054877072614806,0.00463019094699701,-0.0023122316,-0.0013236683469947134,-0.0016800296980410507,0.0026035294835645016,0.0018151890488969764,0.0009986386969657477,-0.0010100105
2025-07-27,-0.006201632833756854,-0.00038348326447749416,-0.0002023246335896376,0.001658592364427906,0.002173938643089671,-0.0009321619691756817,0.0034434746,0.000143171986541722,0.000332551325452021,0.0017755480350119977,0.0020939341707432164,0.0018845209168141727,0.00029992193,0.000481321389062012,0.0006626719824695651,0.0018084985404914268,0.0019611901248756604,0.00031462996297530803,0.00068874634,0.0007523950673291853,0.0007519978944564036,4.722873147016849e-05,0.0006937589549972421,-0.000752442121187889,-0.0011594357,0.00048778679879611566,0.0005038948614176451,0.00021789876805445896,0.0006225683091281161,-0.0016340746747643758,-0.0017905341,-6.26014782630557e-06,0.0001638556770241935,0.002115141502299705,0.002064774919637774,0.0007144524926097625,0.0015417273
2025-07-28,0.002395751468948326,0.003266750814450133,0.0023027321454302235,-0.0021774662845286553,-0.00033646684780553086,-0.005680438204611264,-0.0046772202,0.005085955447225671,0.004071032971133193,-0.0022484833518422696,-0.00010954054339405345,-0.0008268543720449867,-0.001886497,0.0019748468722057457,0.0009966692296282348,-0.002358362445382305,-0.0004248777823107477,-0.004142631501821577,-0.0053764633,0.0014493735563637213,0.0014462527473477768,0.0015620564824841549,0.0009111033598808744,0.0022835898169952045,0.0045259963,-0.0022244113740284947,-0.0021962593893928985,0.00032125864416939826,0.0006373471486075971,-0.0003583169724045118,-0.0002151638,0.0017889888067734116,0.0007591094043826116,-0.002038769900397455,-0.00016277623270779528,-0.001082548594698195,-0.003441804
2025-07-29,0.010299117717931239,-0.0013181791306823409,-0.0010282349778131337,0.0038358099700788514,0.0021508572647914092,-0.00011252514180931688,0.0005441276,-0.0004876881796037492,-0.00017339615990825854,0.0038978339344261374,0.002128288750491375,0.00036351977508736205,0.0019635705,-0.0011672688138923792,-0.0008541097717066971,0.0035766735928619646,0.0018467862085232963,0.0017900007807257433,0.0008799329,0.001316076886697084,0.0013134769712710855,0.0008253971218371418,0.0007453921644083976,0.001168095032102507,0.00049378624,0.0003299352130784668,0.0003300462086983068,-0.0003280936041198395,0.0006718384283880355,-0.001215630983682896,-0.0008327991,-0.0006093319375264818,-0.0005661759906753176,0.003791693106823793,0.001954209502167858,0.002973272823914045,0.0010037257
2025-07-30,-0.016094474376469492,-0.00107300971611019,-0.0006788788319606869,0.004312316583919108,0.00398776219035117,0.0016798023581991203,0.00062509946,-0.0008923327299113627,-0.00047982371357800516,0.004383682395294576,0.0035951929530583532,0.005371465583126283,0.0026718776,-0.001716016271579459,-0.0013144124018706462,0.004096527343187421,0.0036514643405964435,0.0012753020926128268,0.0015191671,0.000476904563520314,0.0004775839459574533,0.000467791082882834,0.0007142647652798164,0.0005225264828019171,0.00046252483,-0.0013759452448425793,-0.001409022750827502,0.0001815221223851234,0.0006410515425239481,-0.0009064524664465696,-0.00213709,-0.003438091358156294,-0.0029244571364905637,0.003989353713353684,0.003365126851086891,0.003910172093822931,0.0028622698
2025-07-31,-0.010723680512672473,-0.007176512176104783,-0.0065431321746956175,-0.0023683362777662657,-0.0013228225223152104,-0.01150738082092197,-0.006212696,-0.006505842086707439,-0.005840418447123742,-0.002397524076358761,-0.0013465521594793856,-0.007483822878736579,-0.0064667417,-0.006501472602954745,-0.005864891527200868,-0.002443176730395549,-0.001528983919103915,-0.005048091382055867,-0.0064293416,0.0012227494807896977,0.0012205142680049943,0.0007891429916750338,0.0007923804966601484,0.0018586902558700928,0.0036276684,0.0001914864050297717,0.00022795046866739893,0.00037791438078848134,0.0006291671556304084,0.0013357438688357235,0.0017772644,-0.007369846117567679,-0.0066411357884288225,-0.002087461892022839,-0.0008616087435764172,-0.0036650563552944274,-0.0032074074
2025-08-03,-0.022046960374736635,-0.003143774884524579,-0.002584820516812957,-0.0005633036837766138,-0.000691456699774371,-0.002540074619122859,-0.0012258173,-0.002649790352153595,-0.0020638155890441395,-0.0002584709984068861,-5.3682381042060425e-05,-0.002344402852162196,-0.0011185083,-0.0017514410350821952,-0.0011976946527391006,-0.0009056082283551222,-0.0006122794354760433,-0.0025111107443596702,-0.0036166084,0.0007521404792432014,0.000751744301243753,-6.559633476863084e-05,0.0006937589549972421,-0.000752442121187889,-0.0021252052,0.000883300013018906,0.0008983374196567136,0.0003114211745252439,0.0006291671556304084,-0.0006072024537004304,6.768383e-05,-0.0029478388231259966,-0.002262903303476505,-0.003175936143043012,-0.0016092369574370483,-0.0025633173466730595,-0.0035918376
2025-08-04,0.005740948337896512,-0.006905708499098646,-0.0062855251243050785,-0.0020614777654745812,-0.0017776621929703024,-0.006293346219517317,-0.005061712,-0.006007085381939615,-0.005358623756631003,-0.002100358517120303,-0.001575586314211623,-0.005095078942925316,-0.006343545,-0.0021340050200181534,-0.0015224728861257695,-0.0016773292192278362,-0.0014696330636100432,-0.004495154316832231,-0.0034068278,0.001272132894848769,0.0012697047027203448,0.0004090080516942432,0.0006454515671578486,0.0007773900086849666,-0.0004376784,0.00460916455802352,0.004564094054013089,0.00031218133489412374,0.0007960711502464083,0.005934989224137918,0.003035007,-0.0006224661108125892,-0.0005053635816929673,-0.0025905040018517978,-0.001293869267110335,-0.0022488629140978403,-0.0009773308
2025-08-05,-0.014488742533085741,-0.0013785834792557107,-0.0007265738974150098,0.0028461548047015953,0.0005819089023702658,-0.006266241776277786,-0.0044591897,-0.0010906083310498551,-0.00042225014548114524,0.003116403195983495,0.001699799755537168,0.0022513654671312924,-0.00016581254,0.002511365422126651,0.003151409585171646,0.0032482792421173958,0.0015719402327005415,0.0003964553561052707,0.0015456292,0.00040766620684937085,0.0004086161573078947,-0.00015055869347849676,0.0007578431542390692,-0.003949471789951876,0.0010339231,0.004111025153366592,0.004100959785067167,0.0015417795549014948,0.0010836044780184438,0.0028345736414959115,0.00352141,0.000629739515961665,0.001839893310461077,0.0032090016010050846,0.0015534341691484782,-8.956293164258028e-05,0.00050017453
2025-08-06,-0.0006847792207675951,-0.007761613263858942,-0.007119230164703219,-0.004706641279385158,-0.0025891017008322164,-0.009394002118515269,-0.013325008,-0.00821845860135067,-0.0075528040595279535,-0.004870229002490713,-0.002859595292670858,-0.005880240059644347,-0.013435335,-0.00754019324551033,-0.0068913658619192564,-0.00422881839456767,-0.0026151433376321396,-0.005976357115623291,-0.013092581,-0.0002141294032463472,-0.00021074961453032082,-0.00024142835048273574,0.00011249594727994855,-0.001047174464540625,0.00049132877,0.0007028127205671357,0.0007104873953352294,0.0006182061788803292,0.0004318745189826889,0.0013981290902157467,0.0031113257,-0.009356834290927768,-0.00800657481841813,-0.004114976611741961,-0.0021899109789581795,-0.00747743187082776,-0.004604856
2025-08-07,0.00644444836776259,-0.001946856309690468,-0.0013775641043879319,1.8450978413390073e-05,-0.0007412885874202906,0.0010834293799421519,0.0017589842,-0.0017714520245786327,-0.0011789699946685276,5.752365502566329e-05,-0.0003506173459806107,0.0011041266903300457,0.00051908084,-0.002329068019096123,-0.0017400720326808694,0.00021838533522665216,-0.00018674689535756468,0.0015450701976143326,0.003028812,0.0001025495359138894,0.00010469181412127752,-0.0002912898104382362,0.00033802579904499243,-0.002201474062178305,-0.0042609586,-0.0007818502111161789,-0.0007439650196674885,0.0015042976690333436,0.000597660665847545,0.001562607294268885,6.783155e-05,-0.0037225497097346685,-0.0028170692482952565,-2.279029324611541e-05,-0.00018638887233212521,0.0004062749674928933,-0.00066931534
2025-08-11,-0.009839965307706144,-0.0014331736845024394,-0.0011809986406642568,0.0034647180474122246,0.0005939494310599331,-0.0017803009456054167,-0.0029391702,-0.0006971147565255169,-0.0004380658830183482,0.003651222528606799,0.0013583739775553931,-0.001285202858788959,-0.00027276648,0.0010463398708967931,0.0012954591528816927,0.004189517239856973,0.0013008226783483763,0.003171370668854396,0.00020665929,0.0007781216631572558,0.0007776239564985087,0.0009667809268375812,0.0008018699768515096,0.0015470988615755145,0.0024713941,0.0028677648512898486,0.0027796833329976132,0.000946203012722136,0.0006505640087274624,-0.003206764409609414,-0.001008363,-0.0018573434055640103,-0.001026250592299906,0.0039057629597857245,0.0014032686147533821,-0.0033998627163766954,-0.0003070498
2025-08-12,-0.009333187510119245,-0.002194426373352487,-0.0023183953424588555,-0.0024629300793212283,-0.0025173672767133913,-0.005629797244883265,-0.004027882,-0.0011895029736099928,-0.00131925007025154,-0.0024467528804158643,-0.0020462950934700508,-0.004680690619698853,-0.0042519625,-0.003033236814702173,-0.003141891795709557,-0.0026190032548483746,-0.0024579022182643754,-0.006576164588024729,-0.006168486,0.0015683932989756155,0.0015648073874094115,0.000839669897784351,0.0007404243670105084,0.0012427838770069826,0.0013156632,-0.00018476255376778292,-0.00019255174406135182,0.0004032571997253757,0.0006839351373428751,0.0005765635646117225,0.00089811464,-0.0031928167964781397,-0.0032087325874476545,-0.0021337864513186664,-0.0015472653981052362,-0.004175571574967236,-0.0033918153
2025-08-13,-0.003762110356642978,-0.0018757430476242865,-0.001601755452488477,-0.0013235505865182256,-0.0017322466357370025,0.0023029573734889247,0.0016503913,-0.0009603939622294367,-0.0006819359182908542,-0.0012646597338510093,-0.0015088293429411327,0.0003575058520078883,0.0010398588,-0.0019128476777875852,-0.0016196248328603853,-0.0015499981005164581,-0.001769920553373989,7.815198032313294e-06,-0.0020524957,0.0011178763877810636,0.0011160509956020996,0.0004390007979887757,0.0007878584921605295,0.0010567033700893125,0.00047624254,0.0007553526366724946,0.0007365060680830512,0.000736376701419454,0.000680534966528957,0.0005425431540364216,5.8939662e-05,0.0013511928190999148,0.0013320976788506384,-0.0014230407138921429,-0.001328755503613805,0.0006984760634948062,-0.0023852393
2025-08-14,0.0009400621420301292,-0.0025354391623379643,-0.002221720274855189,-0.0020165122166668744,-0.001317083460656998,-0.004929513932608141,-0.008276533,-0.0030623695501345856,-0.0027248178428176334,-0.002003001377964804,-0.0011388990141799134,-0.005279971970515441,-0.0066018733,-0.005159195555029797,-0.004813856504644253,-0.0021005205082722748,-0.0014124313279011368,-0.005404674555875994,-0.007604279,0.0004499231288383227,0.0004507079486911779,0.0005820076653613005,0.0006796564736335236,0.0004084154326131863,0.00033905316,-0.0021230194569703087,-0.002035939905043527,0.0012958789831152926,0.0006192423904537028,0.002746355664415739,0.0016124067,-0.003925076308798885,-0.0037106813823290087,-0.0020835359907142377,-0.0010504959854694394,0.00024451744871603685,-0.0045382236
2025-08-17,-0.00978099833451207,-0.0009961917549466343,-0.0009079087098396391,-0.00045437355067621323,-0.0006369377063768055,-0.00397801928405143,-0.0039981664,-0.0006034831027130565,-0.0005119113481322167,-0.00043662715173910206,-0.00016620239729821083,-0.0039302051267102525,-0.005909544,-0.0005399445618949636,-0.00043457986574857096,-0.00038618774720111383,-0.0005209416632068207,-0.0030494570247760313,-0.006576687,0.0008302124291709446,0.0008295111634421967,-0.00011290973073649962,0.0006937589549972421,-0.000752442121187889,-0.0032708412,0.0009383609809064174,0.0009589258851288356,0.0003700817154258394,0.0006622226531129064,6.127839831009325e-05,-0.00026014732,4.031981738338627e-05,0.00014752560765985215,-0.0013204895481212597,-0.0005589479975190094,-0.0045406277430151175,-0.006326305
2025-08-18,0.003315493463963648,-0.002535700980199127,-0.0024947942945730134,-0.003228327552111227,-0.0025602860119066347,-0.006416355753805539,-0.0081214085,-0.002039547201262852,-0.001988190952996434,-0.0031722731164190677,-0.0021617839312251955,-0.007493052809335016,-0.0066054636,0.00024873348253264254,0.0002945922998783987,-0.0028325380998752967,-0.0023632383893319635,-0.0047680212841027065,-0.0067033726,0.0010486549348889922,0.001047100044675216,0.0007275179672922557,0.0007522590399821363,-0.00167813998210045,-0.00095778034,0.002926193256814471,0.002833877081089456,0.00012129129454974254,0.0007140977938646903,0.0010376918230315094,0.0031246806,-0.0024935386614032607,-0.00200721693995453,-0.002539175909310931,-0.0015268699906172071,-0.0047414698617390515,-0.0054020965
2025-08-19,0.0023470930809637025,0.0008822524745815226,0.0010312472893970323,0.003142710036397333,0.0002821399744724533,0.0012531740984282754,0.0005615542,0.00044844882024537135,0.0006140398303529638,0.0030038790313890555,0.0005855577834869876,0.0028580752889201385,0.0015522983,0.005101621563584726,0.005261022791496622,0.0037495532176923417,0.0008789869368088787,0.0034353233490932197,0.004215921,6.524121535645409e-05,6.752928614124284e-05,0.0006123105684840547,0.0007039638019028048,-0.0027375510645248715,-0.0015828578,0.003053548655814816,0.00318060304433987,0.00041824659879602903,0.0006840524271205664,0.001869627544835294,-0.00069749553,0.004093959081888741,0.004372389783977444,0.003230137702438537,0.0006249589131239366,0.0025227050542039977,0.0035951738
2025-08-20,-0.0034992189526388273,-0.0020906505488440313,-0.0018497133440299567,0.0026982327685933253,-6.795052994095561e-06,-0.0034392298445278147,-0.00595852,-0.003434432015396431,-0.0031682305703866105,0.0026287880254179364,0.00034650910487973933,-0.0028526060807258224,-0.0032275203,-0.0014677859103911558,-0.0012104805039521705,0.0027346986323325416,0.00030021677529234927,-0.0013589881592810768,-0.0011362216,-0.000376025477411691,-0.00037201303502561894,0.0009915716221499079,0.0007500543980827729,0.0038327185413399604,0.0025904705,0.0003375417964397478,0.0003855265997916539,-0.0001560794432419241,0.0005858419592167968,-0.0009517163564100042,-0.0015491619,-0.0017011922616046939,-0.0015022724224856036,0.0025509446504028777,0.0003356896552738621,0.0007535796702093356,-0.0019620354
2025-08-21,-0.0033410767762980242,-0.0024284580919871775,-0.002165387375123933,-0.002372080657309974,-0.0014108614186345142,-0.001450974626581674,-0.0031724842,-0.0018363390063176224,-0.0015639866621488408,-0.002344986932752315,-0.0013004770239824156,5.131696864225449e-05,-0.003673096,-0.004363336862365909,-0.004076296407944077,-0.002464687458157847,-0.0013647327963354932,-0.003754771012226159,-0.0047359634,0.0009586804627332787,0.0009574771726451621,0.0007587836405495461,0.0007523035500100884,0.00020314402258825006,0.00011811021,-0.0015942933981797163,-0.0013704909976558024,-0.00018489463224007785,0.0006503554202021963,-0.0023126009006432025,8.437287e-05,-0.003730217795435422,-0.0033808322861495666,-0.0021697357408763224,-0.001035340989088576,-0.002887435980263032,-0.0029300766
2025-08-24,-0.0065552298062279135,-0.001169226122929534,-0.0009633326081107409,-0.002372080657309974,-0.001268835236941622,-0.0015935570322879638,-0.0022090222,-0.0009599709858306923,-0.0007464205194993698,-0.0023778284876050594,-0.001290794369653815,-0.0019036650551034905,-0.0033380452,-0.0003630412762172183,-0.00015779401662130714,-0.0023985891463901457,-0.0012968433915673003,-0.0013631267220375303,-0.0027650793,0.0007819182096947783,0.0007814056669807869,0.0001447049736681969,0.0006972825077155547,-0.0003211269885893845,-0.00438768,0.0011327533501285221,0.0011438691527916735,0.0003700817154258394,0.0006622226531129064,6.127839831009325e-05,-0.0010272767,0.0004508333024687526,0.0006519980437422809,-0.0040175248109458215,-0.002228876681311073,-0.003352612204193111,-0.0037212656
2025-08-25,0.007747425235547389,-0.0006263481920095546,-0.00072309563687097,-0.002606466843727415,-0.0017846189322424705,-0.003713198321435082,-0.0049476763,-0.0009099243495798734,-0.00101483500867724,-0.0025995759379141077,-0.0017215407189840875,-0.0045398928322221985,-0.0042726253,0.0007998196081337258,0.0006891471921875092,-0.002188208664558553,-0.0015085540206344222,-0.0032372974521871303,-0.0024937526,-0.00024619819438629524,-0.0002426930880026683,-0.00010357930177434898,0.000494139682256094,-0.0010779555756702517,-0.0038946264,0.0012962272691686156,0.0013450662468577701,0.0018249150706819237,0.0007871168034106733,0.0023160798448668505,0.0012139247,0.0009487874648667219,0.0006253786410204247,-0.002441155732627712,-0.0013347367442444605,-0.003471979893633358,-0.0026106813
2025-08-26,0.0017476733803292177,0.0015792017180611328,0.0015819137702859894,0.0033261319562013624,0.001422756737233695,0.0043238525181612765,0.0030750886,0.00024637276530480143,0.00026910513423092976,0.003249989161211452,0.001606657132381585,0.004996085258732357,0.0010893114,-0.001977696814831025,-0.001942439493345451,0.0035832537785517814,0.0015671423361308023,0.0006836242868526889,-0.0006038711,-0.0006573407190732575,-0.0006522289596037126,0.0007732436495135605,0.0005985021710207763,0.0003963965847019463,0.0027188652,-0.002855490474424285,-0.0026690706469023554,0.002308141769951821,0.0005005561238900023,0.0050935269954122,0.001780324,-0.0015862011384822025,-0.0016315347586184996,0.00332032425306901,0.0017789468543546795,0.0028486492142134876,0.0029110678
2025-08-27,0.01898291440081934,-0.0020168235765918264,-0.0017738591598717062,0.0013358541620619325,0.00013420448994330773,-0.0017707863229528386,-0.0025244867,-0.002829558997811971,-0.0025648004527093317,0.0011192921369673888,0.0002996568000461082,-0.0013908527772346136,-0.0029022912,-0.006591913302509568,-0.006319454173718468,0.0014815634663009594,0.0001445439968827219,-0.0017985667622570157,-0.005583818,-0.0007023593962529405,-0.0006970717138557708,-0.0009732725023581132,-0.00021207222702783333,-0.005601435667027209,-0.007820908,-0.004390587322751042,-0.004366176812868267,0.0023584301049722426,0.0003232709362866184,0.00419596592619598,-0.00063845096,-0.00899300001203549,-0.008081164251048961,0.0012934329615444373,0.0002872337788004925,-0.002658919731178059,-0.0027912888
2025-08-28,-0.013607109823164265,0.0049695240056989096,0.0046766356421405674,0.003684353576222499,0.0023079304575170266,0.004801548861880927,0.0045352113,0.0055523782452825896,0.005244072038722613,0.003412209601744562,0.002580923180076446,0.004621535030253195,0.002061261,0.0033157346481599644,0.0030080318668624846,0.0028957710891458098,0.002414490496895817,0.003449517664105763,0.0029325522,0.0006576077144684017,0.0006575809493832728,0.00027223718764267656,0.0004639064107673195,-0.001596961112205949,-0.0011639753,-0.001102431859407374,-0.0011991788723584459,0.0004026241474400943,0.0004921074425982714,-0.0011601761072013129,0.00062962784,0.0033842134897623497,0.0030844997317134577,0.0030466133267963796,0.002480038526014576,0.0029391137646901226,0.0022930573
2025-08-31,-0.011271483665988846,-0.0031385769248989453,-0.0033399335633513072,-0.002488476254135069,-0.0018610255474660988,-0.0035255576316605597,-0.0042713042,-0.0029235767057840018,-0.003135427259830759,-0.0024793407867488505,-0.0016220524050781877,-0.0037138359229048176,-0.0052739778,-0.002560181052898193,-0.0027792580950481718,-0.0025435811957864236,-0.0021954586221276055,-0.004161650353689737,-0.0061064055,0.0008771370062527261,0.0008762523697655499,0.00030827328876118436,0.0006972825077155547,-0.0003211269885893845,0.0010813524,0.0006787244854434477,0.0006932201120848785,0.0003333042570929319,0.0006622226531129064,6.127839831009325e-05,-0.00026014732,-0.003661596911583695,-0.003930676555813816,-0.004258253347819171,-0.002698580969868087,-0.005485555863819297,-0.007680547
2025-09-01,0.00436527420927213,0.0002391868036980974,0.0002692656839185202,-0.0007618381431119884,-0.0013140647962162884,0.002573437859810769,0.0009748137,-0.0002250434685749826,-0.00018791302518765822,-0.0006055605705742417,-0.0008618866367279517,0.0014563730638001782,0.00048614884,-0.0024755004771552956,-0.0024306587678442756,-0.0008946519762856108,-0.0013848184042875807,-0.0010941584831422057,-0.0015476183,-0.00016119104245557213,-0.00015801812502048225,-0.00014807170705274009,0.00048176505506329864,-0.0008467742902577368,-0.0021839319,-0.001139300742756914,-0.0014728659090530037,9.42641638625845e-05,0.0005620991123935673,-0.0016231507692078483,-0.0037999023,-0.0017981477248533383,-0.0020480489907493842,-0.0009326568983633476,-0.000975910948965761,-0.0025990752313261208,-0.0026773044
2025-09-02,-0.007227725633877746,3.456919094740364e-05,0.00023741456573017627,0.003115514320370327,0.0009513884878962344,-0.00035201083164494354,-0.0016059574,-0.0003471053769980605,-0.00012920664698322685,0.002892252414083947,0.0013044860148964167,0.001015691284692614,-0.0019943882,-0.0012664020101413901,-0.0010597355010738842,0.0032979295646966885,0.0013215676043609155,0.000650287259605112,0.0005540812,-0.00010460360366324514,-0.00010165181729025904,0.00034938576729445184,0.0006733698264469631,-0.001502919486308214,-0.0009937214,-0.002146673447640077,-0.00212820696262294,-0.0004658631785770456,0.0003108001175490596,-0.003883552950882742,-0.005304671,-0.0015540599136602286,-0.0013393545672353278,0.002689942238794388,0.0010907399548153746,-0.0032189923837381723,-0.003525925
2025-09-03,-0.005720257720608579,-0.0043185321806419935,-0.004013604244095938,-0.0026098707397152286,-0.0019317486056942836,-0.008495506552954134,-0.009011689,-0.004388185095086017,-0.004062207678895471,-0.002533391502622587,-0.0018356782551833845,-0.007145836370210153,-0.009905585,-0.0020669486508637703,-0.0017643834027345519,-0.002465317634351718,-0.0018967133299728023,-0.007677456762877402,-0.007012664,0.0004520116296372128,0.0004527882880957784,-8.186710598877049e-05,0.00045080342401311634,-0.001481814452308268,-0.004908082,0.0017195029212407863,0.0018964664932822274,-0.00039282751802112247,0.00045960505750419376,-0.003428273998154808,-0.005445341,-0.0017059704710225255,-0.0012521804090678684,-0.0022189251250006366,-0.0013879055689468942,-0.00815823151802028,-0.01091004
2025-09-04,-0.0024090645315473225,-0.00031851067062997184,-0.00018445201889917247,-0.0024670225690284113,-0.0016447540245401312,-0.0018857014270735107,-0.0035804869,-0.0009661287790082645,-0.0008251187299343331,-0.0023789848662071336,-0.0015741165817236419,-0.0012497716505781094,-0.002570147,-0.0025418232508870524,-0.0024066740748254424,-0.00209011060807637,-0.0014115076991061887,-0.002269534169465461,-0.002131903,-4.4325319797778e-05,-4.1609087484443044e-05,0.0006964549209333556,0.0007204174596218592,0.0007152409683155135,0.00059610064,-0.0018940614713523155,-0.00189570987451826,-0.0002302216330690967,0.00046032339607563193,-0.0038241717435058154,-0.0014532411,-0.0020441738748493217,-0.001946984049532577,-0.0020332163372589656,-0.0011793330984476384,-0.004233669476830487,-0.004252683
2025-09-07,-0.004244648065538037,0.0002670593561427052,0.0002679920836759662,-0.002325676573415603,-0.0010839444463088242,-0.004303684606828953,-0.0060706018,0.0005846001874504146,0.000585248645322099,-0.002308525416716599,-0.001181141835473333,-0.004434396818701913,-0.0069687744,0.0012257800359470653,0.0012198449099112667,-0.0023297877984751574,-0.001278492943109346,-0.003962716018601812,-0.006539794,0.0008450925010129954,0.0008443330872895541,0.000542491190223903,0.0006972825077155547,-0.0003211269885893845,-0.005112315,0.001133371784261797,0.0011496513884917416,0.00034792347854370806,0.0006622226531129064,6.127839831009325e-05,-0.0011687924,-0.00011599243687334608,-7.991725980534584e-05,-0.004309259554202491,-0.0019260640647003292,-0.006369378455775835,-0.0071119806
2025-09-08,-0.013381855671621423,-0.0006361460074401073,-0.0005733167112595395,-0.0023037890677563007,-0.0012503960753769017,-0.0021705964052129963,-0.0014948782,-0.0005429987481960039,-0.00047717938950377005,-0.0022815305071394046,-0.001412884473131594,-0.0027568828240643883,-0.0031850366,0.0008544906632460586,0.0009118945319199624,-0.0023951807295354214,-0.0014679216640662435,-0.004800901654623739,-0.0062496024,0.000680144702305611,0.0006800298677095945,0.00035975454832375657,0.0005290484278877934,-6.554629350913473e-05,0.00070581643,0.0012567075997312344,0.0014196794560749925,-0.0001376677874906418,0.0004939218084048701,-0.0009454812865819401,-0.003093871,-0.0001320223147636355,0.00023056900511075,-0.002135472691708044,-0.001063388252309355,-0.0038947316343488636,-0.003116427
2025-09-18,-0.06187739423328242,-0.0009121336735244436,-0.0009972083631903932,-0.0027506587240135657,-0.0020962161550102153,-0.002098679751559823,-0.0036442822,-0.0014547583324354138,-0.0015422649085683046,-0.0026580460401646527,-0.002093548310594023,-0.002070409066148369,-0.0029922575,-0.003543917042678822,-0.003625667233503469,-0.002625563786387956,-0.0023321646570364325,-0.003294715168144526,-0.0025095234,8.981464731066765e-05,9.200669061615232e-05,-0.0004574822882177441,0.0005148688684926938,-0.0035498853012160543,0.0016215561,-0.003173147578936705,-0.0030492848536552426,0.00120342076817139,0.0005865971458302275,0.0002852384909659178,0.004556472,-0.0021352442295264093,-0.002273104704973668,-0.002350519333929734,-0.0016577919524839591,-0.005040454004763354,-0.0041566547
2025-09-21,0.04351162358303107,-0.011311398128930615,-0.010824472459935048,0.026929323431837036,0.020664214576425182,0.028575732831326316,0.012187218,-0.011664640918304053,-0.011151132676521625,0.024365246793744563,0.01702975387848464,0.023808814222246635,0.010512351,-0.009922372922063423,-0.009434185582297219,0.024070274897609222,0.017004671009485585,0.022537387961125185,0.004991309,0.0005857793582283775,0.0005860332823040169,0.00046882722528397507,0.0006981272619388398,0.0005493432792529945,-0.0013547092,0.001227786808967446,0.0012429119597002526,0.0003798956177553909,0.0006622226531129064,0.000689498172635087,0.0013285731,-0.00744096384298875,-0.0070717001353580574,0.018950178855863028,0.005456538018615572,0.02190475236580634,0.013212743
2025-09-23,0.02210095101305143,0.016407531899535602,0.01556074719163053,0.0008641194741186898,-0.0021714930290227807,0.005279097048445264,-0.006890027,0.01783144151922276,0.016930106433366357,0.0011253141207517433,0.003569457455807118,0.0039274340492378166,-0.0022516618,0.017237580476018505,0.016365615644991213,0.0042277823080623545,0.0034193437610942567,0.00793275412326543,0.0011073285,0.0006671786609866783,0.0006671144947819033,0.0005275486077946965,0.0006715162137801628,0.00107464194314408,0.001719755,0.00023239067053801668,0.0003670371544861819,0.0004876443382103044,0.000690660511029568,0.0015180070351890893,0.0020444556,0.02062318401876871,0.019635501905042003,0.00502931875836772,0.005157677776530978,0.00629035777184133,0.005276077
2025-09-24,-0.010456190906670493,-0.005038581972008919,-0.005053616496644908,0.002063117870473463,-0.00042666110798520433,-0.0041878477147233055,-0.00062519015,-0.005280341913748414,-0.005293218784932594,0.0018240614868610503,0.0015648071665976286,-0.0030944731144772098,-0.005273019,-0.008387397549115034,-0.008391717992742997,0.00238858711495569,0.00015029586983040833,-0.004971459379412415,-0.004667404,0.00027869906947025695,0.00028015299467429896,0.0005779378276347567,0.0006067957424743577,0.0006791951041969582,0.00079164555,-0.0031855675456836357,-0.003313964640764522,0.00047911936054785255,0.0006806218595496168,-0.00018433390234129536,0.002908039,-0.007807024539510375,-0.008007319510705357,0.0038879120389705233,0.001503123244219229,0.00046944708842271745,-0.0002081091
2025-09-25,-0.0008857313044314807,-0.0030835306193690223,-0.003063421192518539,-0.004449126270465318,-0.0037821275493111505,-0.006683258441682512,-0.008249214,-0.0031726590691240446,-0.003145614566749099,-0.00524205438131602,-0.0033281007889169162,-0.004351904101105099,-0.008772342,-0.006645274792019099,-0.0065908341847154325,-0.00598858916924355,-0.0036822214338696614,-0.006427503760772276,-0.0063814083,0.0003599497897941934,0.0003610862053447598,0.000543861606460964,0.0007217800717998921,0.0015459092104234452,0.0012957688,-0.0034691205136668773,-0.0034546860474625333,0.000840829451046545,0.0006507415916403377,0.00027539790334449874,-0.0044887657,-0.0040983775108725425,-0.004120027881393041,-0.005398729817103534,-0.002480585615021475,-0.004866947254717339,-0.005055111
2025-09-28,0.004330729502671993,0.0005815005014188665,0.0007672750311444407,-0.0021401016467703536,-0.0015378858017788236,-0.00045632159328648936,-0.003925257,0.0006960331443903392,0.0008891388495099794,-0.0024085935898455818,-0.0008691356502197163,0.001163904401154772,-0.004034704,0.0006741656751703012,0.0008654679487396955,-0.0034866574441493226,-0.0015534242826444541,0.00040926135882675825,-0.0015964524,0.0002445588980369188,0.00024614623539974607,0.0007168152795196243,0.0007193672162659174,0.0008313004575996295,0.0017398967,-0.0007545797344976479,-0.0007407972231956763,0.00026964716920186197,0.0006556238066106137,-0.00033737404842885857,-0.00010583911,-0.002788773682921254,-0.0024424212855763557,-0.004861911357631067,-0.0011514567513514976,0.0019503364006833062,-0.0023367312
2025-10-07,-0.022227481825220607,-0.002954624733087002,-0.0025740406567964563,0.0039052547005822597,0.001282898250887446,0.0016177038123348481,0.0015415525,-0.0040886227809692555,-0.0036725621445754556,0.0034708489066770935,0.0015218647967090678,0.0007122442877375728,0.0024118142,-0.00842359303502085,-0.007990452001036628,0.002815368220159229,0.0012638289614097433,-0.003921184745642713,-0.004569019,6.91753788585399e-05,7.144807581174707e-05,0.0009647552435293565,0.0007355748684207216,0.0014466262881062183,0.002206457,-0.005602859327038972,-0.00533679805250066,0.0019871830287293887,0.0007090249442735962,-0.00023958337122297545,-0.0034187562,-0.013028142959746351,-0.011856819119883046,0.004022104880178501,0.0014616871818704453,-0.0021066342479055325,-0.00019906234
2025-10-08,-0.017570230585977953,-0.00323522282639513,-0.0033486677714672907,-0.00373262579817364,-0.002980183854247618,-0.005775496872992873,-0.0067561395,-0.004460654150207396,-0.004561012377306895,-0.004152105223957981,-0.002684909834374259,-0.005950060192512097,-0.00800895,-0.004296674441161053,-0.004398427122679763,-0.0036176849965962594,-0.003154104452181024,-0.005760886299486852,-0.008086118,0.00012080335530939112,0.0001228743016707611,0.0012062994694454637,0.0007664903118015327,0.00164320078710121,0.0043846304,-1.3695378550258723e-05,-1.0522987467606712e-05,0.0011442330101619548,0.0007659206898666352,0.0016359832253968665,0.002917656,-0.00512363032816868,-0.005395929705169419,-0.0035423173431367873,-0.001948772557580429,-0.003142303112077513,-0.0035358267
2025-10-09,0.008786913979959898,0.0028314333367431906,0.002484734061557163,-0.0008442863326684369,-0.0012909460002972046,0.0025910499191788335,0.002587559,0.0021993266917153076,0.0018404841859562219,-0.0012408128910251,-0.0011633170210932067,2.9448358001796824e-05,0.0036354866,0.008367715186708006,0.00799148984006401,-0.00027629443287325564,-0.0005577511983704211,0.0011820228870719738,0.0037167221,-0.0003638215411803723,-0.0003598567890492116,0.0005119872713048393,0.0006567103361785263,0.0010982810494573187,0.0009469555,0.00638915960634179,0.006306689131762961,0.001036010429173924,0.0007257455735408988,0.0006366178703117461,0.0011841647,0.008672693152441496,0.008043084633383962,-0.0008985802164283112,-0.0008033708526533468,-0.00022319911810440008,0.0010972775
2025-10-12,-0.031004168519665143,0.004038698804504237,0.0038425311106484424,0.0034599153371565115,0.0020798550759238603,0.0026493631592193127,0.0017384897,0.004611893521043967,0.004404810018916739,0.003639506314101339,0.00188610944308338,0.0011256480199913388,0.0021672358,0.0050407884843722784,0.004837687326933419,0.0046538870398769435,0.0017641383132141442,0.0019119404474937146,0.0033942852,0.0008005402932033414,0.0007999549795494963,0.00021815364145385418,0.0006972825077155547,-0.000752442121187889,-0.0028593994,0.0010284959569581127,0.0010425642028687398,0.0003638683414584809,0.0006622226531129064,6.127839831009325e-05,-0.00011863128,0.005843027403823669,0.005602243855470731,0.004622025347130142,0.00303405431487446,0.0037961487351432528,0.0028553267
2025-10-13,0.017521904639688834,-0.004946538510933696,-0.0052455443458075054,-0.011065396090807955,-0.004041928073381715,-0.017960177059653488,-0.012029154,-0.005477917561066614,-0.005774983865198355,-0.01020525356446995,-0.003873588470660572,-0.022988385744383985,-0.014598781,-0.012305226845644677,-0.012555102712259129,-0.010838623636102447,-0.004054237429909211,-0.01582837698530491,-0.017927147,0.0002671597746568827,0.0002686587928457353,0.0007449385002811379,0.0006764177592851354,0.0003207396009932086,-0.0013527042,-0.006761972102208538,-0.006918981611534091,9.861765012370935e-05,0.00045246509034158907,-0.0007616968561465152,-0.002752204,-0.014355651710637836,-0.014906936247286723,-0.00815884487423324,-0.0023710016018047507,-0.012760764702301025,-0.0069736647
2025-10-14,-0.007659974094021749,0.009024852250257598,0.008980241258332406,0.0059937633470605635,0.0035259487670329416,0.009390509063608388,0.011162047,0.009464726440262972,0.009416769731953564,0.005117547995474627,0.0032989238120659397,0.00782034480965873,0.00893478,0.004050750650220673,0.004057940389363884,0.005167420572858789,0.0020685946812744843,0.005388261978661546,0.009124151,0.00010429413918274161,0.00010642959987051666,-0.00031682888188696814,0.00022979238742879945,-0.0010396359807657916,-0.003824196,-0.006588559377098722,-0.00621484739412053,-0.0001687022506942895,0.0005978062655398866,0.0009126850589456975,0.0018911585,0.008502886473764803,0.008068969140798576,0.004170473215254926,0.0029540071682747932,0.004283661691121151,0.009398693
2025-10-15,-0.00897152075861296,-0.005020856002378728,-0.0046983477579539456,-0.004580285685136726,-0.0022567345709985395,-0.008105352837620382,-0.007605916,-0.0038737323054160236,-0.0035433110812179876,-0.004630423119220693,-0.0022252941957242316,-0.0050650990380455225,-0.004369483,-0.003740994197392318,-0.003414050131241757,-0.004661508493965685,-0.00224556499905438,-0.009402169630449748,-0.009649439,0.0013583613766982726,0.0013555962229369859,0.00161189371666316,0.0010368032412838694,0.003291960691327125,0.0027705764,0.0007271485448018739,0.0009631352088486725,0.0004419667082084256,0.0004395073732317978,-0.0013082733462137655,0.0007469115,-0.003265018966913296,-0.0029170756531728685,-0.0043311206065378225,-0.0012670672249959877,-0.005093938146095502,-0.0025835803
2025-10-16,-0.00737472672896633,-0.00046896636758149077,-0.00032905254583577527,-0.003078593486280311,-0.001931274760664231,-0.003170289804295632,-0.0065168673,-0.0014271001851262942,-0.0012756287301197444,-0.002726412263119507,-0.002069489646076856,-0.0033606406453538973,-0.0017912078,-0.004027542044065905,-0.00386209378074548,-0.0031936139796799965,-0.0021182536241639064,-0.005059965982350804,-0.0072888965,-0.000617217831953351,-0.0006122628637582001,4.503769193027606e-05,0.0006678377391785839,0.0015635401724885501,0.004781262,-0.00396404675365994,-0.0038020776452041723,0.0001189217863806886,0.0005738741064763693,0.0008611418348514123,0.0012317046,-0.003945835777739525,-0.004156159116259981,-0.0026697273096748775,-0.001409962983304282,-0.004671013772217407,-0.0037219059
2025-10-19,0.006684029356700094,-0.00013774831305513524,-2.1252351733828945e-05,-0.0034256541862388453,-0.0017068356124520204,-0.0018663018369865843,-0.007263835,0.00017309792621760873,0.0002971738453156528,-0.0032337871924588975,-0.0017671676730614933,-0.004771540819754093,-0.008075537,0.0007914386424506384,0.0009068767536642404,-0.003244649062152832,-0.0021594500608999733,-0.005268154240098826,-0.0068447376,0.0007072265356725949,0.0007070058713252395,0.0002513360508840521,0.0006972825077155547,-0.0014644599622558965,-0.00054752023,0.0008765988628398169,0.0008907383332549119,0.0003700817154258394,0.0006622226531129064,6.127839831009325e-05,0.00036236458,-0.0008782577756006764,-0.0006476251456154588,-0.005479971411229758,-0.003126170388765169,-0.0076596183517745,-0.0075785723
2025-10-26,0.0020706625736472972,0.0017302931957155834,0.0017822928003215204,0.00346485462650484,0.0015463590114586083,0.002271588101961535,0.0017208292,0.001999173198053235,0.002055168880610774,0.003694030048526989,0.0018040185697746737,0.00075679911651824,0.0007678748,0.0021376969618345136,0.0021888221687083706,0.0042331801156912825,0.0016825595596907722,0.002103994903181866,0.0041018114,0.0008115256797128538,0.000810897437624036,-9.107440342572821e-05,0.0006937589549972421,-0.000752442121187889,-0.0017792076,0.0010493496696722371,0.0010645195958169495,0.0002821577560781606,0.0006291671556304084,-0.0012354222280254248,-0.0018163067,0.005997906032487502,0.005927773428523256,0.0050328203481440036,0.00199695521223088,0.0041862952093631375,0.005550945
2025-10-28,0.02452695393936377,0.00032765759192818233,0.0003381204063017903,0.0027896520368768446,0.0003870124791515189,-0.002065105231030378,-0.0014743665,-0.00039031026079300985,-0.0003653645293850479,0.0027470627019838584,0.0003204504165063474,-0.0022517591923141376,-0.0013587611,-0.006135021144434712,-0.00609377028739181,0.0021783356627105197,-0.0001337767944211267,-0.005904123113088779,-0.008056533,-0.0002175074959491235,-0.0002141145064019068,8.877789658299987e-05,0.0006161206993189697,-0.00013213220253317537,-0.00042561238,-0.007278013346192185,-0.0069722498640519565,0.002168276886710928,0.0006698555450450983,0.004123813087043483,0.0045098485,-0.0066520682120875686,-0.006452962226247356,0.0032016711617715633,0.00035175983955153847,-0.0006074384216731037,0.00030852386
2025-10-29,-0.002016545695514793,0.006643922080403602,0.006367198681626658,0.0035421843524085644,0.0024694876849018785,0.0017633127972608328,0.0006955181,0.006550542066528185,0.0062674167773764085,0.0032845239870780167,0.002311677683261918,0.0014336122547893865,0.0024098647,0.008023682535224043,0.007746717123151706,0.003625547092458143,0.0029152898657856326,0.0049014285826802315,0.0034452076,-0.00012570111993379443,-0.00012266688918304253,0.00044654382509732747,0.0005434565406011317,0.0006078276456267821,0.0008422021,0.0016084531613948416,0.0015103319833122738,0.00020612942323634275,0.0006507981803675309,0.0048834193301830996,0.00047877905,0.008864321620373407,0.008690822524199678,0.0032347223024429372,0.0025973900782260517,0.007654242533327856,0.0063120304
2025-10-30,0.013246970086489007,0.0002289491661579459,-3.424439126249474e-05,-0.002304080581215682,-0.00043860865892842024,-0.0018560595834196103,-0.0020149702,-0.0002547593952723035,-0.0005145778307554518,-0.002288036971464246,-0.0004338966739358997,-0.0029859033520787635,-0.0021178867,-0.0023618117368231287,-0.0026027788299114642,-0.0023743297048013402,-0.0005994208564051885,-0.0031306539761950755,-0.004529567,0.00023473587637998824,0.00023636159991575914,0.0001301090910028891,0.0006195164445877806,-0.0005721502631876175,0.00020346821,-0.0019841992966863043,-0.001996195808709895,0.0006668074727265538,0.0006956648845730472,0.00839233994563708,0.0050367434,-0.0027109612140955278,-0.002704609319801723,-0.0019468283551578548,-0.00020537525993163496,-0.0008400840657684409,-0.0007288422
2025-11-02,0.011759624154881188,0.007274853193360917,0.00674558103828083,0.003831046799780788,0.00297335047662152,0.004234580344027282,0.0041389554,0.007677493704260182,0.007124388962372972,0.0038650042813592415,0.0030775693635705873,0.005752454384474865,0.007058467,0.007488031880402657,0.00695259873877615,0.004590380854235889,0.0031850862534133014,0.00732171862817663,0.007064591,0.0007125947226043199,0.0007123530805823584,0.0007611799004158315,0.0007052235096724753,0.0010662781191323172,0.0006797403,0.0005306852993975352,0.0005433838110796364,0.00033664638501092935,0.0006622226531129064,6.127839831009325e-05,0.000102093814,0.009047694644062085,0.008390111314360063,0.005229261446899939,0.004465125500519279,0.00781802869496993,0.008269215
2025-11-03,-0.0031404490573576638,0.005277100861380785,0.004753970075236615,0.0039499438344221295,0.003508561665427919,0.005232277887421331,0.0051857824,0.006420203755122059,0.0058682171150808635,0.0038098969366895507,0.003319814692662365,0.0055650700831781875,0.0055407435,0.0005677304631147343,6.478610804508552e-05,0.002930460453371146,0.0028594956281521927,0.0008738510962446293,0.0016008728,0.0011339144007514485,0.001132026335602691,0.0005454907592222321,0.0005035177250752101,0.0008320054929915959,2.7267164e-05,-0.004137564344307422,-0.004101984068399795,-0.0010325024819389213,0.0005195516179230041,-0.0021196635172284375,-0.0029661255,-0.0010289033898926297,-0.0014644720974047788,0.0033302996706527344,0.0032342536318322075,0.002026211538384109,0.0019261767
2025-11-04,-0.01059776540122126,-0.0014263286605642016,-0.001338369649046634,-0.0021724462492265554,0.0001663567404278237,-0.0025527876858179575,-0.0039049604,-0.0017298894777424724,-0.00162923404993996,-0.002205264452068444,-0.00012483002563852202,-0.004446911275792689,-0.0042091105,-0.0044912235627542684,-0.00435067261714522,-0.0023741858804555756,-0.00018457143433215584,-0.0050371666755724175,-0.007294726,0.0006894335186944987,0.0006892823854803165,0.0005632936221967248,0.0005547209197407272,-0.0006889710648491347,-0.00086393557,-0.0025540731608335097,-0.002411013061052536,-0.0001303226605885522,0.0005350568888211613,0.0020603690821782727,0.00067683274,-0.0035970603766810176,-0.0033847916773742707,-0.0019723529329887858,0.00014019152921640829,-0.0033677090504483256,-0.0031612038
2025-11-05,0.004682228803000399,-0.0015892522582537632,-0.0013384868706727707,-0.002422068575374637,-0.001373698062853336,-0.004777756046998925,-0.008375822,-0.003130996617279976,-0.0028613373562242617,-0.0024019409621798154,-0.0012600467622404085,-0.0050762189270292125,-0.0057193665,-0.009695520134156681,-0.009395906467722152,-0.0023388097877923134,-0.0015343281350316735,-0.006385194883727683,-0.008578887,-0.0007982061080464746,-0.0007925438781237269,-0.0002680805289489347,0.0003069852463389263,-0.001561061423826134,-0.0020931752,-0.007649055958442998,-0.007582039149939543,-0.00014321745695995372,0.0004576330797914075,-0.003120275722411881,-0.0034244263,-0.01012652499689942,-0.009764909478634879,-0.0021306762309197154,-0.0009404755059523948,-0.005496660696825539,-0.0039115963
2025-11-06,-0.004343203958478092,0.0006023622686900133,0.0008978974207994733,0.003249341101413476,0.001991669439367602,0.0035587747465494735,0.0010398686,0.0030389075833907207,0.0033328483305837264,0.003305221579637854,0.002111465245558153,0.0017153396807846868,0.0027851956,0.0040845160908816154,0.004367148343146939,0.0032568100325516343,0.0020551234522534494,0.003237022918208282,0.0031383394,0.002227272098958911,0.0022211114363181374,0.0008169498397832744,0.000655738003392237,-7.106951844361732e-05,-0.0025335199,0.0033562769177939793,0.0032962229422375208,0.0007548229649563251,0.0007012944063563029,-0.002088574739145014,0.0021173442,0.006190962122099975,0.00662780631490887,0.003442048660013673,0.0018981795982831024,0.0019493251542877814,0.0044740574
2025-11-09,-0.011634683111410915,-0.0014666897417212402,-0.0013452045924513293,-0.002357518359273029,-0.0008465111143600279,-0.0062188673867727565,-0.0067333756,-0.0012088671498125044,-0.0010765317261315695,-0.0023416933404461597,-0.0007430412677682767,-0.004110597561593187,-0.0077431845,-0.0011742589228557828,-0.0010477630915423195,-0.0023867839745706334,-0.0008719364847957728,-0.004080124154057812,-0.0053995196,0.001002557691647752,0.0010011829391566873,0.0002460963157761259,0.0007047097242126545,0.00025471698154362973,-0.00054291944,0.0006615349517450719,0.0006870643525921078,0.00025999951919602923,0.0006291671556304084,-0.0012354222280254248,-0.0018163067,-0.00256074609582975,-0.002393255179529706,-0.004522244012828875,-0.0014328969232616702,-0.005911315736496805,-0.008274976
2025-11-10,-0.0016185556270098544,-7.341933933618363e-05,-5.5192161119687385e-05,-0.002487269275457255,-0.0017673090552378593,-0.001683910348425836,-0.002821836,-0.0011667503180293683,-0.0011465479226006132,-0.0024452922532182918,-0.0015614067341700403,-0.0010682482389340958,-0.0029611727,-0.0035249985156168336,-0.0034968895998403263,-0.0020695848840702495,-0.0016213056964757518,-0.0013592472066812735,-0.00201668,-0.0010550223746295616,-0.0010483565641418164,0.00021084637221843304,0.00011600987136883103,-0.00011112207279570555,-0.002241527,-0.0030120083136653754,-0.0030781827169039638,0.0004870738351768548,0.0006416753064448216,-0.0010670519389407392,-0.0015017082,-0.0018253929895962243,-0.001904130645075833,-0.0019396298680079754,-0.0014529022278159495,0.0014234755794512706,-0.0024694642
2025-11-11,0.0012560708483757566,0.0019371285651388734,0.0019799288858029615,-0.0006880585337618174,-0.0002663309280535024,0.0017097882991421343,-0.0006822047,0.00289707838112606,0.002934549737397975,-0.0006504530488750504,-0.0004093383926420679,0.000865665875271276,0.000102369304,0.0048967344095480776,0.004906267829475372,-0.0007100260580297794,-0.0001780658374141584,0.001737678484365775,0.0012727553,0.0010351524384689952,0.0010336503129930884,-0.00016278223635675225,0.000445234711027492,-0.0032491649862815847,-0.00049870583,0.0029831389610179594,0.0028735112053709824,-0.00021525029778821623,0.0004603394055420816,5.630624328408311e-05,0.0013175345,0.0052379103580505425,0.00522508354469591,-0.001097426211918654,-0.0002753856016318677,0.0018606057545361228,-0.0007329099
2025-11-12,-0.008051318016945253,-0.0008231256276096991,-0.0006627064588136586,0.0004152368063409768,0.000239132332953793,-0.0027877571222732216,-0.005093701,-0.0019046286004720152,-0.0017402569476006702,0.00048223426317939056,0.00021564958746472855,-0.00304063095545906,-0.005370531,-0.004434844329423565,-0.004271663475495439,0.0003827448475187695,8.059995479389674e-05,-0.0027867254921705494,-0.0049335593,-0.0006944157388083503,-0.000689159098448863,-0.00029518790530717767,9.605625885068358e-05,-0.0018782976643885879,-0.0014798028,-0.0027806649841784913,-0.0028827450223184456,0.00012984844538276605,0.0006300846018968611,-0.0039094794140638826,-0.0007656984,-0.0034309561938444867,-0.003404718185295427,0.000562358511828713,0.00033588687574276767,-0.0012065882940744197,-0.0020732884
2025-11-13,0.0004479089798126168,-0.001617375298847128,-0.001521734475391598,-0.0027277341351446397,-0.0019592277347472904,-0.0039019701213512292,-0.005121358,-0.0005370913895802094,-0.0004357532382686664,-0.0026851368003971334,-0.0016823158882866482,-0.002732970130606271,-0.0048448704,0.002376174643962738,0.002453904779664096,-0.002671007305185168,-0.0017443789408222016,-0.0021696541187477686,-0.0025283424,0.0015939541733936409,0.0015902683756437014,0.0006004800000647433,0.0007454718028337057,5.8278505744823685e-05,-0.00046838916,0.004495882878418651,0.004437027585898691,0.0016911923649165592,0.0007358884207114693,0.010122547727555288,0.006489313,0.002414397442167076,0.0025657858130305558,-0.002177901411666964,-0.001307988598113378,0.0016835188409901223,0.00038781817
2025-11-17,0.0038460603732328735,-0.0014948421242013512,-0.0014741005625642616,-0.0024576120264914255,-0.0009114852378009024,-0.006138786644499837,-0.008180661,-0.0011216204319328229,-0.0011051832892028338,-0.002374157447578389,-0.0010313021443513508,-0.005762020758132647,-0.00572781,0.0004837199851359424,0.0004982365139594611,-0.0021452814561716466,-0.0006066174637479043,-0.001868886089101433,-0.0019904831,0.0003519612901361004,0.0003531289229577026,0.00029400319479676307,0.0004704891726147831,-6.836422994450555e-05,-0.0019416391,0.0022169671481717572,0.0022001570366811693,0.00024970198190196253,0.0006326139825742399,-0.00024227788494423405,-0.001699999,0.0022779221122782543,0.002267735449984272,-0.0018665485336508893,-0.0007511502351201031,-0.0017782322362343065,-0.0017896125
2025-11-18,0.006141019957833116,2.1687357478251696e-05,3.6507085859434005e-06,0.0032686920893582293,0.0007531709981876061,0.0006264483478331752,-0.0008686195,0.0001457317616636194,0.00012426188390213884,0.003265581260821937,0.0009904232151984925,0.00022430248538655808,0.00093714445,0.0002513375601027264,0.00022288816831423828,0.0030372307991665586,0.0011962036714250372,0.00012853406592264172,-0.00027532814,0.000809144678178005,0.0008085257405109761,0.0005882523971108743,0.00045890951133861367,0.0016263558365634111,0.0018360293,-0.00041018431804786123,-0.00021635121903517383,0.00016255960334162227,0.0008296515592574267,0.0019522282201958942,-0.0003858086,-0.0005558346837158274,-0.0002775754725580517,0.0031362617862375473,0.0008602889511665638,0.0007136074283457983,0.0011708935
2025-11-19,-0.001946501107062737,-0.0002890693351801025,-0.0002772213583263415,0.0036706489923400824,0.0015479495008992197,0.002282964797938913,0.0016850462,-0.0015041612747233469,-0.001506918986249271,0.003581999652363116,0.0018904361573759674,0.00286208573917491,0.001288065,-0.0033676704105506973,-0.0033483244141028646,0.003369303114030642,0.0019461817153598531,0.0017345230554417193,-3.0371335e-05,-0.001320561349613979,-0.0013128578721665412,-0.0009271258159536368,0.0002112834821748121,-0.0016576957246571607,-0.0032324824,-0.0030968269897035526,-0.002783353611166293,-0.0009395345046843966,0.0005253583264852955,-0.004526364106918683,-0.0056199264,-0.0023065986804893172,-0.0019946616028079962,0.0031856758023081004,0.001786448562615621,0.003536423837552366,0.0018330461
2025-11-20,-0.0003085112015988045,-0.0020967342837288363,-0.002027737299703867,-0.0021363602118553487,-0.0005720385343695933,-0.003220209830507976,-0.0045036706,-0.0008470260017711759,-0.0007950818707945586,-0.002142166011148054,-0.0007513423141478166,-0.0027194835512451034,-0.0025796304,-0.0009004190787762106,-0.0008408756757305848,-0.002062061386842517,-0.0003130247372835815,-0.002882493415693597,-0.002124422,0.0012283059865698445,0.0012260490602025755,0.0010723622733527494,0.0006890711930354105,0.006076406062147637,0.003679695,0.0004769793650864448,0.0007835353623468369,0.0006070032152446737,0.0005964362095446817,-0.0033850641833335668,-0.003776761,-0.0005519293132510071,-0.00022517807135308927,-0.0019540124871470334,-0.00047076853000454095,-0.001876047120298386,-0.0021771302
2025-11-23,0.015475523506737865,-0.00020026542182466443,-0.0002494854998591543,-0.0006224716383095363,-9.030422182265734e-05,-0.0011965404738393441,-0.00020769451,0.0002489604378658974,0.0001941810706504837,-0.0006260860076009529,-4.1687246762563524e-05,-0.0015991460286236252,-0.0006555118,-0.00014999684332506755,-0.00019137305708245844,-0.0007259943415133176,8.759445553968826e-05,-0.0007545382837163881,-0.00076577923,0.0009134282378581196,0.0009124017833498203,1.0487585503081328e-05,0.0007050441612549169,-0.000752442121187889,-0.0023094313,0.0004360455092212947,0.0004615106384015339,0.00034792347854370806,0.0006622226531129064,6.127839831009325e-05,-7.61355e-05,-0.00013932414060847682,-0.00018591837516184612,-0.0015614932129980853,-0.0005403508640279515,-0.0006481388433833133,-0.0017955271
2025-11-24,0.01921260876008457,0.0029361778174024395,0.002707118177905406,0.0035749107750038373,0.003051828176050001,0.004774123900403969,0.004758769,0.0037642447449277965,0.0035002885340960905,0.0036681265712775264,0.0029633582595874875,0.0046152723283375136,0.004655472,-0.00180557987292172,-0.0020144294637761363,0.0033889793947591952,0.002793865550284641,0.0032613638771621643,0.0015542886,0.00010603561039342893,0.00010816426580097802,-0.00027862347481762975,0.00014354592587793337,-0.005641617636893871,3.8015627e-05,-0.0035924822220157653,-0.003580008970180751,-0.0005812824744036501,0.00034543392717470173,-0.007082349711500469,-0.004189777,0.002874374128059339,0.0024043965432993335,0.0032615072263771482,0.0029433123082122864,0.0023761506344895213,0.0017647902
2025-11-25,0.0020088009544014795,0.0017103690255748406,0.0014929905906578443,0.003671660188114576,0.0035074864158052975,0.004336054027512398,0.0023299311,0.0035763004974495513,0.003328578457916054,0.003796059131553163,0.003977563563354193,0.003963173902571917,0.0042716144,-0.0029887180094987087,-0.003176723953671043,0.0033234933810096664,0.003329877129524572,0.00030593801906644234,-0.0007644539,0.0015647983327766151,0.0015612264695347613,0.0010111628245578904,0.0007717177007172969,0.0027429668128971223,0.0045746923,-0.004090703712625044,-0.0040059627564269715,-0.0004003113953997503,0.00055559642217154,-0.005186771276203136,-0.00097550615,-0.00037442924266932,-0.0005349866885942628,0.003402348058748303,0.0031651313350106952,0.002831257689990072,0.0047132755
2025-11-26,0.003611706443527929,-0.002226442546432262,-0.002179430045082715,0.0018173127371603306,0.0017442047210220733,0.001091785148753258,0.0001335102,-0.005050844820141661,-0.0050061139805674315,0.0017836445181670679,0.0016763313288746466,0.0010120437230021666,-0.0010190768,-0.007595933364022934,-0.007530909128194676,0.001797597380818467,0.0013842736415028548,9.521230265606051e-05,0.0008891554,-0.002561965543869776,-0.0025494109363158263,-0.00043199989494939646,-4.8586790500417795e-05,-0.007630818318943773,-0.0010204416,-0.006013398360096643,-0.005857609651163798,-0.0020007258566557646,0.00011598703160634584,-0.007279135615019818,-0.008264257,-0.00888709771060275,-0.008662586249704873,0.0017464872630846965,0.0015389802866942381,-0.00026025549167965856,0.0003200526
2025-11-27,0.003905179975087769,0.0006152204478690072,0.0006041591783693852,0.0038500219876764093,0.0024434269760492365,0.00395311016469909,0.002971788,0.0006118736742503876,0.0005928826120804753,0.0035475219614915033,0.0022719604888447277,0.004214326549763107,0.0033155503,-0.0032290779654913135,-0.003220792643936175,0.0028659753026635056,0.0020310619487036077,0.012695662336636326,0.0037256235,-0.0002050182137746105,-0.00020167402955046277,-0.00024199909531656187,0.00023166596486022363,0.0005414708163887418,-0.001500809,-0.003959579769684651,-0.0037403398572252297,-0.0010305671489702463,0.00020040565892514165,-0.008708418540008492,-0.009547356,-0.0017033865326701266,-0.0018208754486305919,0.003414137229135595,0.0021821889852230423,0.0018218655502391982,0.0003894248
2025-11-30,-0.009955861449210346,-0.0010011979557834256,-0.0009203019570422563,0.003554664404111474,0.002456680115620484,0.004930778323966074,0.0038597933,-0.0006309379642371207,-0.0005486958852109287,0.0035464376872209034,0.0023377181920051808,0.004725066832756818,0.004621831,-0.000913822559133069,-0.0008321450465927126,0.003968124045718439,0.002357664982479109,0.005154240049207678,0.005271062,0.000978127153024884,0.0009768478696179257,0.00023860547897541095,0.0007047097242126545,-0.0005496160139678724,-0.00087945577,0.0005209968429774207,0.0005449921893165025,-3.7760190318968204e-05,0.0006225683091281161,-0.0016340746747643758,-0.0024053683,-0.001121212650729201,-0.0010679719001615677,0.004485683121964884,0.0026207392651289873,0.004682604570264593,0.0033738217
2025-12-01,-0.001616693082299392,-0.002497391368029192,-0.002504649373086512,-0.0023922785325624454,-0.0009602988610198146,-0.0032308803619914236,-0.00486444,-0.0016331604397952252,-0.0016379643112461074,-0.0024024861425717783,-0.0010291660840513381,-0.004275278834839624,-0.0029881191,0.00132194536417597,0.0012943038192683208,-0.0023114112776901,-0.0010134412950860033,-0.002749659621306501,-0.0027520715,0.001371434362745898,0.001368618122677268,0.0008194760518135709,0.0007941245112330805,-0.00107650679641862,-0.0009796589,0.004306451543724076,0.004106545069200775,0.0004075757787471133,0.0007198099235488698,0.0005817178688444951,0.0005248258,0.0017285381127710693,0.0014199438481810418,-0.002079289405373172,-0.0006248504903820604,-0.0021568132570233506,-0.00013121977
2025-12-02,-0.0002041611065068949,-0.0005210362605165752,-0.00024944649118283785,-0.0010300123343603151,0.0001875837782168684,0.00095271744850872,-0.0007640286,-0.0015577211117418204,-0.0012606529316963623,-0.000994919398915438,3.1587342920340095e-05,0.0018659665654848874,-0.00086127437,-0.0010567057829976496,-0.0007826208022448187,-0.0009282016783364328,0.000105671603158248,0.0008307626609646939,0.000361805,-0.00012206463025640866,-0.00011904461009446942,0.00014322773530839217,0.0006389389684633498,-0.0037996872460727845,-0.0022708206,-0.0013685903159566764,-0.001246521342247954,0.0010711748886723424,0.0007508494130056687,0.001827512245095487,0.0025064212,-0.0011279621563855396,-0.0008239152263573697,-0.0011995014937190016,0.00013938882592227315,0.0033655670454780197,0.00029655773
2025-12-03,-0.005129023141583033,-0.0021452290068334776,-0.0018551312907609352,-0.00044171600062683906,0.0004686046119222685,-0.0019771421832178704,-0.0038954322,-0.002021859720471124,-0.0017216340748415623,-0.00043787237287340144,0.00041449179892507753,-0.0015391105386070745,-0.003034611,-0.003310687441030905,-0.003015940089682558,-0.00020483789646072716,0.0005098346703758283,-0.0020516056117259305,-0.0016472433,0.0004899920667019958,0.0004906203061020827,0.00037010706444806093,0.0005113952577868091,0.0007372160824328829,0.0014248156,-0.0014600451908912755,-0.00128576714990195,0.000827270949275208,0.0006474020265395934,0.002366334876734866,0.007092796,-0.004256448959411564,-0.003446893572024492,-0.00021245518834586634,0.0002742056513537744,-0.002874407946247744,-0.0006116323
2025-12-07,-0.008197173851816508,-0.0015224470674501177,-0.0014265900375096457,-0.002245486143383222,-0.0009266067548044206,-0.00045690777937211377,-0.0022959372,-0.0014057139882719012,-0.001306427802509115,-0.0022918860719491944,-0.0008118848696582723,-0.00045367224868846345,-0.0023196677,-0.0006465584305420892,-0.0005620845834597133,-0.002332034224417427,-0.0010812505840150513,-0.0012753009629779225,-0.0013784851,0.0007685915526662611,0.0007681310875490986,8.068077822056861e-06,0.0006972825077155547,-0.000752442121187889,-0.003283942,0.001099627691724213,0.0011159341863348185,0.0003700817154258394,0.0006622226531129064,6.127839831009325e-05,-0.00011863128,0.0007877475768032568,0.0008022666883880535,-0.004043048800910393,-0.0017638304115837036,-0.0028647088271023377,-0.0034995873
2025-12-08,-0.0011578956733870882,-0.0005998513232693919,-0.0005676055692666001,-0.002432177496952846,-0.001474948681848931,-0.001080761845212038,-0.0015330291,-0.0018023259263239204,-0.0017562836305102742,-0.0024423851069621787,-0.0013751916376147102,-0.0009199129618891074,-0.0022233084,-0.000744492417655324,-0.0007192755327194546,-0.0023676904738126506,-0.0014175135189067808,-0.0005742995242812374,-0.0012586184,-0.00016413113594857887,-0.00016094672928530177,0.0008277582998931676,0.0007198071621758975,-0.003508453747627521,0.00183895,-0.00032047474395130676,-0.0003502802881525715,0.0017401247700520267,0.0007354527279111252,0.004944652755890608,0.0061942795,-0.0016927721800886523,-0.001669925193158847,-0.002159967625279245,-0.0009415439243102332,-4.740846785520768e-05,-0.00014353002
2025-12-09,0.0028348490657492675,-2.211835231276686e-05,4.1332115687546175e-05,-0.0016050019809473012,-0.0003993640050107663,0.0009970841280943653,-0.0005562907,0.00030423428090285676,0.00037146031870476836,-0.0016532236626822018,-0.00043285951047116264,0.0018586019159336626,0.00021268836,0.0010089529542404287,0.0010601948330798393,-0.0014961706798878008,-0.0002198325083471795,-0.0009549598015882761,-0.00082279666,0.0007871367138207809,0.0007866037783591273,0.0010110083222450291,0.0008072618907879981,-0.002696389164280912,0.0011877372,0.000656202866474172,0.0006155699796888043,0.002571833876499149,0.0009306211622618147,0.0035416169003182384,0.0064713815,0.0011798422722862716,0.0010975057857120624,-0.0012754035079974193,-0.00035489723598010006,0.0040734477494763785,0.001808538
2025-12-10,-0.0019298889794479024,-0.001444780209982767,-0.0012636021835970557,0.003045876657403066,0.0007705996582924455,0.00023620733474379513,-0.0020682877,-0.001809058216321823,-0.0016148810047209483,0.0029909898252790967,0.0007862330158648831,0.00014005174830773788,-0.00057422486,0.0010616613417050546,0.0012237113666586582,0.003706383660158122,0.0010395869354105514,0.0025824024891099246,0.002035126,0.00036257787237210223,0.0003637040179633948,0.000851874798054891,0.0007423908211957737,0.0012392725625930002,0.0021598092,0.0018698110947916878,0.0019443545513448796,-0.00044465397757080137,0.0005027027562995764,-0.0033881241447104794,0.00026650203,0.0010246545253085467,0.0012565976067406706,0.0031836953458850258,0.0006406646564267675,0.0007408717082477141,0.0004624252
2025-12-11,-0.000636454281126575,-0.002167331676654119,-0.0020048951512899784,-0.0022036654275175756,-0.0007576994257557725,-0.0007055077313593386,-0.001299836,-0.0015596957391268798,-0.0013929877839961632,-0.002225945083744853,-0.0008206782848675606,-0.0006341663422808703,-0.0011807802,0.0008112881045991414,0.000949509292093745,-0.002355217430898347,-0.000787148086610453,-0.0025315997295614874,-0.0031194747,0.001187727808690929,0.0011856294527725754,0.0007704756118963793,0.0007402252306907345,0.00050045189219603,0.0009940073,0.003371181941277284,0.0032924782952520053,2.5216147118021864e-05,0.0005957930870929189,0.0003083135760206424,-0.00066088536,0.00028967349016888167,0.0006415623990548041,-0.0020649927731242294,-0.000584458237850272,-0.0021647283631997844,-0.0015821517
2025-12-14,-0.004805631441970881,-0.0013012184041882554,-0.0011527296192138765,-0.0011393493535685414,-0.0003598170145796943,0.0024211252492538425,-3.1202682e-05,-0.0011021423499140797,-0.0009513879746893496,-0.0012022699265000208,-0.00039992190997806195,0.0011050452775765265,-0.00070416613,-0.0006494757232450756,-0.0005104997151016532,-0.00117918554450819,-0.00027656510649715186,9.50161818632802e-05,-0.0009987246,0.0007224200109838823,0.0007221399739311293,0.0006314079758773966,0.0007052235096724753,0.0004671309688404648,0.0013340252,0.0010386002891495983,0.001050557900664672,0.0003512656064617054,0.0006622226531129064,6.127839831009325e-05,-0.0012318606,0.0008384965529914008,0.0009607270691302353,-0.002118493328216475,-0.0009748058960185591,-0.0006264064654221596,-0.0017125577
2025-12-15,0.0025940651285303318,-0.0018709332339937193,-0.001838439665416248,-0.0022617301968105795,-0.0012373492964928396,-0.0037284625894266686,-0.0046025086,-0.0010644953591314758,-0.0010391425812809856,-0.0023081301253765514,-0.001277883494140461,-0.003964306315769665,-0.0046237186,-0.004657812673713305,-0.004616499466585809,-0.0024591991957605957,-0.0013122677923090925,-0.00503071870662532,-0.0048292475,0.0010875018569211914,0.0010857951616193688,5.777302169989942e-05,0.0004716776399331562,-0.00119878450283414,-0.0012055443,-0.0016773850553074882,-0.001797489037345782,0.0008446841961537904,0.0007225467083058163,0.0021127499611537236,0.004022514,-0.005276103423338632,-0.005263372107185753,-0.002060209768545337,-0.0010653174540412624,-0.0020056121149631357,-0.0019045374
2025-12-16,0.007040016819423123,-0.0003545885261524767,-0.00027574676278361806,0.0031956949599638617,0.0006374074011511802,0.001318374733529595,0.0013938342,-0.0014064689761868,-0.001332865208556144,0.0031299723192374936,0.0008510657927967183,0.0006711882252968123,0.0018577081,-0.002300590682661576,-0.0022154732954217287,0.0033284580381655526,0.0008875059758844329,0.0029685638151539812,0.003032022,-0.0006296213604771105,-0.0006246179220649884,2.511523961941207e-05,0.00017046152952850626,0.002370368791190494,-9.1188755e-05,0.00013913167495896938,-0.00011984283202424583,0.0005428458067962546,0.0006431969550397903,0.00045037213613449337,0.0031611735,-0.002431188264450115,-0.0023986876010764894,0.003122991528105837,0.0005930550045681472,0.0029803236437415705,0.004376904
2025-12-17,0.002173217673729688,-0.0008091635014481758,-0.0006958816373156831,0.0035775941177985902,0.001755528758492152,0.0026699743339871074,0.0017226824,0.00046115706380790055,0.0005725008299794752,0.0035600005178291565,0.0021260180777557154,0.0025553379636994904,0.0027841786,0.0008137679024513337,0.0009236819119472771,0.003900408266366209,0.0023330326894180995,0.0024452680721078384,0.0037001153,0.001633599258412448,0.0016297585365319166,0.0011287607827373163,0.0007804944580146362,0.0023785234460558685,0.0020364933,0.0028728750778653457,0.0028218880792655,0.00101330830054424,0.0006650486049079342,0.0014526981613640188,0.0045132535,0.0008733939496941086,0.0011195072845286561,0.003461807160939232,0.0019675205371361888,0.009674194140849001,0.005879954
2025-12-18,-0.004068148919142978,-0.0013748118577461147,-0.0013610363938749296,0.00301726983091444,0.0009054310384396915,0.0007513811513394874,-8.539969e-05,-0.0014794207321084433,-0.001470769971382018,0.0030134606162784006,0.0009845550756969771,0.00042966795389751876,0.000883893,0.0018928615656131978,0.0018980210989261652,0.0035745384764329026,0.0010585616048117738,0.003273531061937308,0.0026206411,0.00015842181061226238,0.00016034575245897251,0.0006644515060381008,0.0005355797496606689,6.428359885158285e-05,0.0031264296,0.004028021025967654,0.004043404244146685,0.001623559874762273,0.0007748602296867675,0.0008799319453688054,0.0038954613,0.0011738239920820153,0.0013698509613967883,0.002910293300969869,0.0008391333533267026,0.0011554450666908377,0.0029428622
2025-12-21,-0.007650518205569945,-0.0011966831862500345,-0.0012375977959155357,-0.002178180927720995,-0.0008981869693866537,-0.0037284625894266686,-0.004344787,-0.0007877749209478974,-0.0008349936934708496,-0.0022107194900173855,-0.0009887962456714167,-0.003944194388463661,-0.0035703927,-0.0009404283671873702,-0.0009776412932746494,-0.00224758242732166,-0.0010410242829652725,-0.0025353423197040236,-0.002467772,0.0009369570136100365,0.0009358386139053639,0.00019041936594757253,0.0007060988173293982,-0.000752442121187889,-0.000879798,0.0007089133250277323,0.0007315918895647946,0.00024624096085744954,0.0006225683091281161,-0.0012354222280254248,-0.0018766146,1.5087952309930023e-05,-9.240269875935008e-05,-0.003815997987321298,-0.002008208276176738,-0.0036982300556042975,-0.004986435
2025-12-22,-0.005366770281747257,-0.0012927568684353032,-0.0013153448801691927,-0.0023922785325624454,-0.001638554565945939,-0.0039714708611259,-0.00471984,-0.001001737600597625,-0.001028379234776224,-0.002421466331154941,-0.001511896173245918,-0.0043765925065552425,-0.0030986262,0.00449173258851019,0.004456380018271842,-0.001980506812026035,-0.001177980966015956,-0.001664632825711094,0.0010611601,0.0005793421710589204,0.0005796212502231473,-0.0002480779217889225,0.0004017665402114271,-0.0010099155713966526,-0.0006477905,0.005159237160512712,0.005279780748169757,-0.0005366037640915308,0.0005565761909286466,0.0008894642083226663,3.87733e-05,0.0043344703488603035,0.004541312042829002,-0.002302975682520017,-0.001144043378154788,-0.0032676299914384133,-0.0019968965
2025-12-23,0.0012699151870219083,-0.0018476855804354154,-0.001708687826319593,-0.0022786680773432162,-0.0015426872611553847,-0.0035944603218062026,-0.002891903,-0.0029419195527725524,-0.002793635305231589,-0.002311255241885683,-0.0013558683766199126,-0.0033883116360069695,-0.0024061769,-0.0038969748588897667,-0.00373343877868254,-0.0022359901611208434,-0.0013736238627313339,-0.0027623582913338385,-0.0021937268,-0.0006538153795615901,-0.0006487173963308503,-0.00036255750263766674,0.000314941928908546,-0.0013167922131803926,2.2189557e-05,-0.002385266835482436,-0.00212836041669592,0.000867975473024387,0.0006383081476349383,0.0005693323580414615,0.00086113886,-0.0046724063062789575,-0.004205539442741515,-0.00205248641202404,-0.0010629516627697134,-0.002322281924428417,-0.0027059196
2025-12-24,0.0005338119716107315,-0.0013964880611592196,-0.0012407217476801235,0.0004289591338083952,0.00010370747422907466,-0.00430064743054031,-0.0032393606,-0.0020723306619952865,-0.0019049098691075713,0.0004904235575599299,-1.1058564821417588e-06,-0.004945148771497816,-0.0021322877,-0.0015902057265077276,-0.0014300969216786874,0.0007836188942979541,7.811973422836959e-05,-0.003598827179422064,-0.0021952314,-4.443397382902054e-05,-4.171731692002292e-05,0.0008850745121614573,0.0007411822473838002,0.0005638917430649372,0.001790257,-0.00039566612046947915,-0.00026329060206078134,0.0010444708037592998,0.0007098726048645949,0.002396950323690185,0.0022764571,-0.0011075667920398538,-0.0007983245084492223,0.0008738578049659563,0.00017037762915617438,0.0025423697213924536,0.00051436
2025-12-28,0.018221373257972573,-0.002012394930060462,-0.0018441640750211023,-9.694500213157001e-05,1.1266766560706725e-05,-0.0011244792876801866,-0.0029981742,-0.0018382042199544613,-0.0016656658992501875,-6.459393395163858e-05,-0.00019182582956936783,-0.0014100882962978247,-0.0014346414,-0.001487391004604835,-0.0013255877832326333,5.555941567107042e-05,-0.00026168608791192764,-0.0005379189352507804,-0.0010038104,0.0007970802290604277,0.0007965084365638428,0.0003391576853768609,0.0006972825077155547,-0.0003211269885893845,0.0011801114,0.0009033228738163936,0.0009165829641770597,0.0003333042570929319,0.0006622226531129064,6.127839831009325e-05,6.538046e-05,-0.002001009471611887,-0.0017948148180728573,-0.0008564827796932639,-0.0006811182887089337,-0.0008590558744094482,-0.002061583
2025-12-29,-0.004010430959693778,0.002951846838486733,0.002762154688297065,0.003551139381997829,0.002420649212915742,0.0025683212153271495,0.002946159,0.003504056754377251,0.0033054946604234125,0.0034600164733829914,0.0028075389843109557,0.0025215232287317283,0.005094936,0.003685808726416574,0.0034834110214182097,0.00414839630531998,0.0031345832119106408,0.004064380319607896,0.0042780237,0.0010995834159932823,0.0010978295086591292,0.0008772360624898178,0.0007915133132557687,0.001979171780884447,0.00073047634,0.00024027950852683835,0.0003006113088367996,0.000923900504251677,0.0007597617387932218,0.0014090386434232032,0.0024175849,0.0035280428639526333,0.0025748706591938912,0.0034833503691567166,0.0026903135942975337,0.003856988156957857,0.0045807566
2025-12-31,0.004139532300628801,-0.003431508758007046,-0.003432427095245943,-0.002178180927720995,-0.0006932531673321123,-0.0033003758711688306,-0.002739176,-0.0030638514795672802,-0.0030665036354073937,-0.002205600667703805,-0.0007109568938822848,-0.0036546283220809704,-0.0018237891,0.0002588819710929644,0.00023179909807103706,-0.0019846315083023648,-0.0005281306619612104,-0.0018340567067416126,-0.0018145173,0.0013281665585380901,0.0013255193993768786,0.0008830130140384681,0.0007573774278084722,0.00042973186717247953,0.00046306103,0.005114218286035168,0.0048336981950006614,0.0006612253779884784,0.0007032668944869578,0.0012351583925735215,0.0016611224,0.00019561481523661854,0.0001596285427239982,-0.001977109679632169,-0.0005236434781610073,-0.0018392011666280344,-0.0020209234
2026-01-01,-0.004887081822454675,0.00132301544444631,0.0012580365618861202,0.003705188832634375,0.0017837138254151333,0.004366920838937389,0.0034602375,0.0017658076217391301,0.0016901594663365038,0.0037962465448157993,0.0018505244481113485,0.004654983691110097,0.00352597,0.0011978463762697808,0.0011224739880444441,0.0035672660483594878,0.0018721204919868437,0.001649382792373739,0.0022595217,0.0008632597318124486,0.00086242932461187,8.413196889261433e-05,0.0006937589549972421,-0.000752442121187889,-0.00047158852,0.00014482867498108367,0.00016892983656201607,0.00027946760300664867,0.0006556238066106137,-0.00033737404842885857,-0.0011944954,0.0005090663660395846,0.0003743517592437606,0.003667129531589612,0.001741625222257891,0.0034305847167681943,0.0038191853
2026-01-04,-0.003933829656534549,-0.0021276148559451267,-0.002074807390342584,-0.0022224476655650824,-0.000868097366224264,-0.0013163111047440174,-0.001098461,-0.002068438030777357,-0.002014620625478658,-0.0022688475941310547,-0.000828587178958934,-0.000851320238256097,-0.0027104402,-0.0017355961277665012,-0.001692698029486914,-0.0023247210055507583,-0.0007370158055233986,-0.0019108028710013156,-0.0023351267,0.0007461234183032329,0.0007457507536329755,0.00015915001873101022,0.0006937589549972421,-0.000752442121187889,-0.0009082745,0.0007159160470437466,0.0007349471722876433,0.00023251798950523503,0.0006225683091281161,-0.0016340746747643758,-0.0017905341,0.0007726445998266047,0.0006770350264763815,-0.004045322753895949,-0.0018177188332312278,-0.0037064244479489273,-0.0036315569
2026-01-05,0.010948680798752441,-0.000933979273967316,-0.0009160237903458222,-0.0021551424499028555,-0.0007948476293200775,-0.0009725479131227461,-0.0018328939,-0.000539238412623919,-0.0005217209180492564,-0.0021825621898856652,-0.0008475187696981733,-0.0007574273294162213,-0.0004931116,-0.0035670178053983995,-0.003547196760006194,-0.002307788842704763,-0.0009214746535894719,-0.0032867088400849597,-0.0036146648,0.0012297924842829663,0.0012275297490148985,0.0010952736960840128,0.000730607244769948,0.0025265013297575203,0.004377341,-0.0032891241627971647,-0.0031415643909146677,0.0004121210836707195,0.0006371111270627861,-0.0007583192527160003,-0.001556635,-0.008740915357970235,-0.00820189765876265,-0.0019891535426060447,-0.0006528685461297791,-0.002790249091905905,-0.004472227
2026-01-06,0.003755201844327871,0.0025197475207961346,0.002350714323258981,0.0035784938702902837,0.0024465732932829783,0.0038494343531135914,0.002154879,0.0017449305511270262,0.0015681407352502728,0.0034705801942728925,0.0026347719069722353,0.0036020880871595424,0.0034743212,-0.0024719361351316915,-0.0026333960990989874,0.002979395811598102,0.0026178088389091298,0.0013171620918400958,0.00070061185,-0.0003019785392137345,-0.00029825545571081184,1.4741609938753748e-05,0.0005717509917157971,-0.00045014696983844096,0.000660947,-0.00679593466395255,-0.006386809159453488,-0.00012583238147149557,0.000497045919196106,-0.00048232724623999135,-0.0016668611,-0.004294029183566456,-0.0039450682643317435,0.0031989047523555934,0.0026736879112371236,0.0029727431919206408,0.003763968
2026-01-07,-0.0050555995397640885,-0.00016836211169155187,-0.000342021525854397,0.0034420428447051506,0.001763982371745475,0.003052362758019059,0.0016243526,-0.0012920893847113276,-0.0014620795917744765,0.0033563986484909797,0.0019137770003900387,0.003241751789943519,0.0027082085,-0.009034741404707277,-0.009166311829894785,0.0024828630443870263,0.0013911497230968386,-0.0011486576966799299,-0.0017362124,-0.00043935029588565,-0.0004350903942636538,0.000343170432834206,0.0006389967861099028,-0.0016115567424730404,-0.0018269796,-0.0077712352898002554,-0.0076491439731276615,-0.0004499788198985362,0.0003840174286790945,-0.004791113633656386,-0.004687821,-0.008311632292715821,-0.008473366096524671,0.003319455504300872,0.0017665340034618885,0.0014796354667840912,-0.002365548
2026-01-08,0.0017435870752358085,-0.001553602181729465,-0.0014207900302585594,-0.0021551424499028555,-0.0009829546804019209,-0.0007109164785095847,-0.0019870205,-0.002069553782527902,-0.001914853694263816,-0.0021825621898856652,-0.0007282150650341703,-0.0009835552160432403,-0.0020832869,-0.00918613257098804,-0.009008094278491741,-0.0025476442049605324,-0.0014439772245478755,-0.007508339266965649,-0.0070545315,0.00022870943854209316,0.00023035871204987258,0.0009586161591272794,0.0008097233069655688,-0.0017311667570804026,8.48647e-06,-0.005122676499459073,-0.005416647039690117,-0.00044265576649960453,0.0005363770300331362,-0.002137675187004294,-0.0033503904,-0.008763618686034919,-0.008468011518880861,-0.0015787036311091475,-0.0005789380870776577,-0.001491116839121786,-0.002694519
2026-01-12,-0.0021002597028747516,-0.0002619121301499932,-6.704175155055605e-05,0.001685249902796075,0.0010611863112972909,0.0021321514274784494,0.0019663046,-0.0011660384359257307,-0.0009608635165519845,0.0015748878912462535,0.001350687135959733,0.0022129891314361474,0.0022174593,-0.003474080317656848,-0.0032618149156868935,0.0013433316373578344,0.0010358412676197484,0.0021265897266653355,0.00067593594,-0.0002799977224042737,-0.0002763605350201826,-4.45545124563629e-05,0.00039692257722407265,-0.0003820781372035596,-0.00041246385,-0.0037408929134865676,-0.0038050685524295084,-8.856169961500184e-05,0.00046859451812464564,-0.0035939190030200166,-0.004871782,-0.0028327453469871797,-0.0030099524292720543,0.0016201417239536393,0.0010137578720535684,-0.0002547384150584887,0.000223748
2026-01-13,0.0018616436747000975,-0.0006728595585212649,-0.0006942967974418062,-0.00215322069842761,-0.0002002612889958111,-0.000344656858737546,-0.0010043865,-0.001260186785816586,-0.0012834143608023948,-0.0021806191769684685,-0.00011849291623030138,0.0001688318598991319,-0.00110873,0.0005689499676669954,0.0005420704664301568,-0.0020865580111671155,-0.00016431542499898734,-0.0004045681267284165,0.0008098655,-0.00011580638046427248,-0.00011281081614364483,-0.0001820774234715161,0.00040703428043995025,-0.0016331168847912938,0.00011266444,0.0004540439767554669,0.0005866557051273148,0.0007650256864223958,0.000700411382941387,0.0005995090558848154,0.0012853241,0.000462466769821512,0.00024521307110718143,-0.0020357403736297602,-0.00011594269674385881,0.0002974123748055285,-0.000936446
2026-01-14,0.0005756115084301072,0.0013904730933125163,0.0012495197681458093,0.001715838586580932,0.0006131643211953116,0.0010856388816021772,0.00010270582,0.0009759368503722814,0.0008335571829081374,0.0016327631725530623,0.0010214396256167427,0.0013361099592280477,0.0024679834,3.0458526685945425e-05,-0.00010940097783439066,0.0012379635997216898,0.0006399639968886752,-0.0016783994163403733,-0.0011079955,0.00029805521859770177,0.00029943350429753254,0.0007879565538882384,0.0007146971226272933,0.0020811424171919583,0.003076548,-0.0011298328471294,-0.000971299392328878,0.0010511795196223549,0.0007505254903328338,0.002889783065093058,0.0032190175,0.0011417251673875427,0.0007553181490556465,0.0014829580795870686,0.0008281097538095247,0.0038114176520546474,0.000174091
2026-01-18,0.011712635639495872,0.00013557993316809253,0.00012084491934938714,3.715654806742372e-05,0.00034869376044417694,0.0015796746978374793,0.00054564455,0.00016988958420572253,0.0001541730821891298,2.0215912532006848e-07,0.00047939936968542445,0.0015049643556170004,0.0005536457,-2.632183768346984e-05,-4.4399415877223914e-05,-0.00022194758230869316,0.0002955568010596827,-0.0008732452131487865,-0.000814823,0.0006260033792796556,0.0006261001168720929,0.0007696498946553752,0.0007151295468292237,0.0020909829353177494,0.0034161964,5.15188081870086e-05,6.289728052010673e-05,0.00030392697609065203,0.0006556238066106137,-0.00033737404842885857,-0.00084340654,0.00199955964075836,0.0019279112809536337,-0.0008409689395186277,-0.00021843198203934814,-0.0005192668432800908,-0.0010905997
2026-01-20,0.015688896537327857,0.003637855467312761,0.0033406302349276466,0.0036469051082577888,0.003063310165526741,0.004567254707356229,0.004528121,0.0047732192899418244,0.00445748014209861,0.003640236914846787,0.003076775952296613,0.004377940790016838,0.004863877,0.005972931755815279,0.00566392044524089,0.003836505474135318,0.003276074845339391,0.004566647376095529,0.0056855683,0.0016565575267061075,0.001652627089044827,0.0008792079244232233,0.0007898868790410814,0.0037495017018408256,0.0003664315,0.0033271317132038047,0.003247650305280369,0.0007420996249331153,0.000658646455365315,0.00354389026729839,0.0020455543,0.006961448031687372,0.006579155044738266,0.003584466715706593,0.003104028200277867,0.0037899109612138655,0.004537373
2026-01-21,-0.0034795863298118235,0.004572898400497189,0.003974598554099091,0.0036319788097929425,0.0034891072310774675,0.0036198132131897293,0.001595512,0.005420354908642872,0.004788337926793704,0.0035554820732546307,0.0035131476362709494,0.0035661698892473013,0.0039511323,0.0015451775831895817,0.0009466899243057694,0.0032967416496116524,0.003290393929014739,0.0015938922616309326,0.0011954397,0.0014315965959903721,0.001428545255361978,0.0010707514759973912,0.0008425837381858006,0.0011548977884478925,0.0024878043,-0.0012153004085311485,-0.0014302282753449907,0.00011707966830091201,0.0006798124188210011,-0.0013906953136076973,-0.001940619,0.005455991983989864,0.00413437304828341,0.003506165490367655,0.003314777176515465,0.003205815221443553,0.00037335916
2026-01-22,0.0034059136354578357,-0.0014407106090396013,-0.0014636196205553764,-0.002139891681462127,9.840300495533748e-05,-0.0018765834263680132,-0.0013571979,0.0007023416662001602,0.000657761454492118,-0.0021496635365952517,1.898937844351613e-05,-0.0012565435232278807,-0.00017554128,0.0003237971314093467,0.0002875923544836324,-0.002291443684842899,-9.374127855272174e-05,-0.0031945395460319056,-0.0018792559,0.002192669254581726,0.0021866438121221823,0.0013495823789204137,0.00074352343879635,7.985329158483636e-05,2.3252596e-05,0.00326872623226706,0.002957723718711364,0.0007949404781615886,0.0006632566985428059,0.0016560287554231927,0.006242078,0.004383203150487956,0.0037327235129811765,-0.002002555007314967,9.747721292991396e-05,-0.0005188625141265089,0.004338681
2026-01-25,0.020982110349600624,0.001721658585379796,0.001705949216981118,0.003797764032283292,0.0022420574381952353,0.003333231813426356,0.0051938337,0.001960723275583852,0.0019432410582484075,0.0038543778765831012,0.0022331401626500967,0.003110985057670219,0.0023357044,0.0029961864613085587,0.002971556012347432,0.004288134170214536,0.00223249971106321,0.003464855030511,0.0036621718,0.0006937966366138023,0.0006936284533100533,0.0004392638170587037,0.0006946103612168378,0.00012717725909145095,0.00031902466,0.0014749870740841291,0.0014904036197155458,0.0003694483082724414,0.0006622226531129064,6.127839831009325e-05,-6.7728695e-05,0.002205464966027068,0.0021700444253093024,0.004212414937310105,0.0023098846616796207,0.003036719702473173,0.0017615783
2026-01-26,-0.001111660639343981,0.005308510947760078,0.004790926819629041,0.0037095093535193897,0.003634131297515194,0.007098985644271007,0.005959456,0.006956808835191945,0.006400227391941162,0.003850130216213471,0.003735475245782028,0.006560021874785968,0.008462843,0.0064590038641369404,0.005925828845505408,0.003554520969232333,0.003886643841726047,0.006154790057927422,0.0073349276,0.0015679326696690773,0.0015643485581392424,0.0009696961907330294,0.0008075584840133315,0.0019036499169042982,0.0017980494,0.0011847633890136344,0.001174904012167377,0.0008443807857542462,0.0007062668205461334,0.0031476665465729474,0.003106136,0.006254454992532528,0.005614063071287979,0.003395307090388403,0.003517415991347617,0.006444710539832521,0.006315142
2026-01-27,-0.015496343286079295,0.0010329549151434896,0.00036410782625640077,-0.0015402288208298115,0.0007817653743595345,-0.0017152761395763916,-0.0051910165,0.0013145822471197252,0.0006125051197842063,-0.0015328203696789258,0.0007286077633669909,-0.0018872224526335299,-0.0027632532,0.0027368324094831117,0.0020544055137450214,-0.0011766959459642917,0.000846631649160008,0.00034712402555560866,-0.002639712,0.0006765888045155768,0.0006764878655732898,0.0008129142917746461,0.0007472944276880041,0.0017675658966432874,0.0020366944,0.0014775638258038568,0.0015914599816807215,0.0012555258291439195,0.0007178460224489681,0.003144770477059561,0.0031602266,0.004031057115042021,0.0033837073683900703,-0.0013553498082570453,0.0005801192965861131,0.005328610902959501,0.0017676585
2026-01-28,0.0018614541568879872,-2.2199665167100743e-05,-0.000301260504984446,-0.0023692400547443058,-0.001303876373882674,-0.0032132567371386334,-0.0025289147,0.0013501235715776064,0.0010489002006528179,-0.002381953996402229,-0.0011873453994763773,-0.003635152207083613,-0.0036672899,0.00021597297088418635,-6.230863370521142e-05,-0.0026066562302405165,-0.001611935404464418,-0.006040836159082939,-0.0038111496,0.001544642326472871,0.0015411492283982785,-4.7516408572597166e-05,0.0004997948549351975,-0.0011690651812032403,-0.0031807057,-0.00024386481684392388,-9.832379503355655e-05,0.001363803741360013,0.0007378289467947465,-0.0002589673698926222,0.00033845668,0.0005513701369935089,0.0003418126195827688,-0.002087461892022839,-0.0007646867067230543,-0.0032876149436421955,-0.0032656286
2026-01-29,-0.006441873005121224,1.8148127798567684e-05,0.0002912215001545336,0.002097326632635094,0.0017215624240651856,0.002907057938316046,0.0033664717,-0.0011319467634078298,-0.0008367758097660852,0.0021635394575984933,0.0016151062279046318,0.0017347967916927745,0.004405563,0.005051426794795678,0.005330937346930393,0.002889592184787147,0.001438547339843152,0.002841229779126737,0.0023867055,-0.0009585645064142236,-0.0009522756317147396,4.1022310628174985e-05,0.0005557005376405437,-0.00048698654954406825,0.00067442056,0.005981252834742153,0.005928767491431015,0.0011851345778576608,-0.0015780710979771493,0.003836584446402064,0.0061984323,0.006348336166459611,0.006529096799143654,0.0021429932707555744,0.001507579516442148,0.00263413777902262,0.0062896525
2026-02-01,-0.007340669952539791,-0.002448222126617208,-0.0024927554649291014,-0.0032307408026271646,-0.0012008410450219944,-0.01007279105006242,-0.0096732285,-0.002317520667425328,-0.0023612709846955954,-0.003345167526857056,-0.0008942484087199859,-0.0072094996909582276,-0.0096035525,-0.0018074564276459332,-0.0018530366585379154,-0.003292607126820948,-0.0013853583141277739,-0.007638685649189148,-0.009795306,0.0006480375814134247,0.0006480482142691143,0.0008017148449353485,0.0007052235096724753,0.0005174297240754128,0.0036463626,0.0004936531160954116,0.0005051692645270502,0.0003253164883017085,0.0006556238066106137,6.127839831009325e-05,-0.00015395175,-0.0008949857803148873,-0.001027592150439557,-0.005526685567162004,-0.0020114246334146883,-0.007904985538651883,-0.0085294945
2026-02-02,0.0005677253845952634,-0.0040344373673227105,-0.003363464412324055,-0.0023692400547443058,-0.001360125614936116,-0.0019490665953947309,-0.0021283263,-0.00639636815878153,-0.005670498743511739,-0.0023984278533368012,-0.0013134426383766716,-0.0012382205608497318,-0.001953146,-0.012674407833846104,-0.011939693957678832,-0.002763533557307367,-0.0015843050108014657,-0.00409313442055954,-0.0063678008,-0.0015397900436707895,-0.001531229869490036,3.6270681977026124e-05,0.0004400303711841803,-0.0010070443986416296,0.0013843229,-0.0069164905852872275,-0.006908152418147304,-0.0036971518685961517,-0.0002828207730484331,-0.00525868100201568,-0.0051109726,-0.017230322436515146,-0.015991371980487546,-0.004060065160176638,-0.0018568984853253136,-0.009714952012283331,-0.009251231
2026-02-03,-0.004677562220051001,-0.0023989816317062703,-0.001828709227606671,-6.96469419342782e-05,0.0001170948634064016,-0.0017572852548068606,-0.0039535966,-0.002444797892517808,-0.0018546375197266906,-0.00016591154396652927,0.00027174722922229086,-0.0009943653923861807,0.00020556465,0.001931706011298383,0.002476430516536227,0.00038076604317996594,0.0003417466695059281,0.002108179420947282,0.0058484115,-0.0005624662200981033,-0.0005577252089637422,0.0011156429582202638,0.0006304056931390868,0.0017452893523758478,0.0019577185,0.004617779129223779,0.004454112725704776,-0.0008423499923004184,0.0006637775788670971,-0.0060449048779558515,-0.005047893,0.0011143448277640246,0.002200132439207011,-7.595076354441934e-05,0.00038130968052251657,-0.007627835184086419,-0.0047101057
2026-02-04,-0.0006151380060313016,-0.0032886720564208527,-0.0029625809632897997,-0.0023756004124594853,-0.0014266002553817091,-0.006698762049635363,-0.008873344,-0.005388248973069667,-0.005038367169921357,-0.0023586084684927944,-0.0014096466235993688,-0.006573977985503633,-0.00998413,0.0016015575270261586,0.0019214853514021159,-0.0022294426671019938,-0.0015718212078834795,-0.0031251442170274267,-0.0058698137,-0.0018323055693807175,-0.0018226023099099586,-8.53779138836091e-05,0.00022319815480739206,-0.0015901977496029472,0.0007579512,0.004364392012543767,0.004451464265470766,-0.0008335958896593766,-0.0012159638329520919,8.122660677033157e-05,-0.00046728793,0.0015757698669365168,0.0024640321369797428,-0.0020967807391269865,-0.0011997516983627827,-0.013410076155092978,-0.0075898278
2026-02-05,0.01009247555856252,-0.0015739695919359626,-0.0012102239681628397,-0.0011591367214238038,-0.0004995328853379181,0.00021551755287818028,5.128778e-05,-0.007797304636357012,-0.007394144296373886,-0.001211111218669195,-0.00035815816326714137,-0.0006540320559727368,-0.00084384315,-0.015566742911530618,-0.015119833296833507,-0.0013101714829944055,-0.0003530029283396369,-0.003879774668277892,-0.002967772,-0.005683641720571241,-0.00565888830029083,-0.0007001417235608411,-0.0002494923369851689,-3.9252634479615246e-05,-0.002875862,-0.012707224370745755,-0.0124992691695211,-0.0012196130005286752,-0.0003731188993391122,-0.00382388115480808,-0.0055565396,-0.016042994501496117,-0.01545797285891882,-0.0008606524084287799,-0.00014720356745709327,-0.006646366923360594,-0.0056420974
2026-02-08,-0.0037912809068085807,0.003602268308489434,0.003206528799208885,0.003786767095805182,0.001678483379630815,0.004210758114222753,0.0036930812,0.004300785220743446,0.0038788222680979025,0.0037745522739916115,0.0024358664823759136,0.004081720085761593,0.0041760867,0.003210936480539772,0.0027979696158587143,0.003303309667195281,0.0025275745025043705,0.0021284253040665417,0.0010081121,0.0008386514431980582,0.000837917199688821,0.00037057410992068993,0.0007050441612549169,-0.0003211269885893845,-0.00028118232,-0.0005508242427159333,-0.0005267179473040969,0.00030582272740213763,0.0006556238066106137,-0.00033737404842885857,-0.0008492096,0.003781159922493078,0.0032412947165162244,0.004821674885332767,0.0033017322918496056,0.006052429314061629,0.0059897634
2026-02-09,-0.009704330985210063,-0.0005697738070221114,-0.00089006872107755,-0.0022224476655650824,-0.0012486834553858165,-0.0029482268067841707,-0.0047508623,-0.0009523784832345175,-0.001298954811775092,-0.0022688475941310547,-0.0010562076766062385,-0.0016039379234784323,-0.0031557204,0.007203963772048713,0.006831010538277014,-0.001660649054827161,-0.0006636122627358917,-0.0006532451855733319,0.0021822727,-0.001050155872852,-0.0010435090795654143,-0.0008926050652078085,0.0006244560971453686,9.838040191468758e-05,0.005848108,0.00620478159741414,0.006299365187000462,0.0008804819836560175,0.0008738628911263776,-0.0008614548168411334,0.0020193474,0.010943007105429964,0.010429812447720385,-0.002087707441365387,-0.0007699057509334908,-0.003705521141324347,-0.001858769
2026-02-10,-0.003842892481316973,-0.0007537157765589615,-0.0008737561359989637,-0.0024055546428426544,-0.0020315942734077798,-0.0027862307971028024,-0.004218597,-0.0026651808690459572,-0.0027861438890857126,-0.0024347424414351494,-0.0018851317531849271,-0.0046785313138573035,-0.0051320023,-0.004031314338581787,-0.004134777116038073,-0.0024760211941041266,-0.0017878276245375277,-0.006106747291896976,-0.00772672,-0.0016298225753364145,-0.0016209105741464126,-0.000834972575708947,-0.0003514986318853791,1.6265556854796494e-05,0.0037892496,-0.005598839660628333,-0.00496965631880812,-0.000861585100179555,0.00023753450311639107,-0.018209335271002245,-0.00645774,-0.008830411913828004,-0.008034807734635517,-0.0021798125785982554,-0.001330646971280041,-0.00513869055123036,-0.007100527
2026-02-11,-1.878205862659854e-05,-0.0015020453765633426,-0.0012518032680515464,-0.0011943745726631222,-0.0012946243495218454,0.0003922960266230597,-0.0018189241,-0.004495400712228825,-0.004218410360744218,-0.0009682330790334301,-0.001147833498364321,9.600907744145942e-05,-0.000905571,-0.006502355153404496,-0.00621141152249154,-0.0008358913376271597,-0.001073052360793761,0.001263144548315103,-0.0012678063,-0.0025740047247071584,-0.0025614030707255585,-0.0021122429168235002,-0.00030721395797718263,-0.003858258285208425,-0.006089732,-0.005301549191077327,-0.004888744826822087,-0.0006057208126149008,0.0006075059767767312,-0.0003716220495298997,0.0012585232,-0.008464403032651113,-0.007850634613628444,-0.000948038656100847,-0.0009782187477285693,-0.003937847736709594,-0.003484789
2026-02-12,0.003367612629926242,-0.0022336160737324593,-0.0019595981136675076,-0.00040461608206273313,-0.0006501950127739857,-0.004742653531560655,-0.0059535885,-0.0008366804958196065,-0.0005491998757553391,-0.0003253542826893859,-0.00043224667679049063,-0.003838988390705575,-0.0047990414,-0.00669561495708974,-0.006380706984114034,-0.0006151431291150565,-0.0006257253043578164,-0.005879685302112522,-0.0073307594,0.0013803311642702658,0.0013774801574899362,0.0004265291776491465,0.000476878319970839,-3.494143100873907e-05,-0.0007086953,-0.0039644528015114365,-0.0038841575916453933,0.0004878614871002065,0.0006384131169018606,0.0035464086193014994,0.0023844177,-0.006162026930161671,-0.005564397407121833,-0.0004382036670029493,-0.00024345927904385965,-0.004400438615847505,-0.0036348458
2026-02-16,-0.0030596314068347397,0.001055618485182215,0.000906598221872142,0.003135303482061971,-0.00020248877661268255,0.0023259916913803656,0.0025868118,0.0004919791458108161,0.0003441918483400793,0.002965534230044111,0.0006330453719823936,0.0011933294752243212,0.00234143,0.0014767418914907596,0.0013415292421733527,0.003564985630345453,0.0009163185384314986,0.0026706675462884926,0.0027287079,-0.00013256208635369353,-0.00012950104447976727,5.4718376154099575e-05,0.00046786204638585185,-0.002261889672066174,-0.0032412028,0.003364149454450631,0.003023588926532782,0.0005416280997635458,0.000648167920408936,0.0022724931260057466,0.0017216447,-0.0001892081577470106,-0.0006083845351337794,0.0031813265270714277,0.000698851620759514,0.0035072821289801395,0.0036083749
2026-02-17,-0.007826530131724851,-0.002235299115372405,-0.0019610123130094437,-0.0022071968971243538,-0.0014183361241668548,-0.002030925204321527,-0.0019040758,-0.0005679762693868934,-0.00028968050880643877,-0.0022524227977752135,-0.0012415714006203881,-0.002392607443559686,-0.0040847915,0.00016122837974610785,0.00044514181898409574,-0.0022755040073038826,-0.0010450755257263703,-0.001501813757339069,-0.0010644082,0.0016521686395338726,0.001648255352662636,0.00016112780179803357,0.0005470091043052893,-0.0005880743321997923,0.00014841428,0.0019759034624419964,0.0019107429208045385,0.001296441688955191,0.0006777906717631356,0.0007945210266599557,0.0035473441,-0.0022698641300733335,-0.001744093157704846,-0.0020499787445202857,-0.0008150268079087879,-0.002062677184049279,-0.0007490863
2026-02-23,0.0009251613957736993,-0.0029253551383845366,-0.0025963338146966037,-0.002566000973703414,-0.0021943496472106934,-0.0015155013899120111,-0.0037467154,-0.003900717746167625,-0.003549415125659504,-0.00254182852496995,-0.0018675145653483122,-0.0031016972953606587,-0.0023884645,-0.007936716900981956,-0.0075698915755756,-0.0024190953331588642,-0.0021103983520470936,-0.004121780172924175,-0.0048394194,-0.0003453620528582112,-0.00034146943628125706,0.00032662837270429254,0.0006439752401555066,0.0009075806549649497,0.00051427074,-0.004682264046316354,-0.004633167331320308,0.0005002582778833404,0.0006365205803888704,0.0005716502520345775,0.00037477113,-0.011483860266181355,-0.01040104532401027,-0.002297291496014677,-0.0013829264954298374,-0.0032178577100128885,-0.0025955301
2026-02-24,0.008231313493070935,-0.001665886080169235,-0.001211729581327172,9.421248668650739e-05,-0.0003368225119610753,-0.00303348897628827,-0.0047864616,-0.0014475205793639113,-0.0009634939231646961,0.0001150262754642839,-0.00015001338636871976,-0.0036518527743144595,-0.0021184653,-0.008355421164767418,-0.007848556840714581,-0.0001839742213553452,-0.0005493888788075124,-0.00685414035128291,-0.007246252,0.0009569378444961364,0.0009557413641705705,0.0008177874799575807,0.000793069122300099,0.0018705328046504735,0.0018084247,-0.006359805193149407,-0.006306362237669548,0.0004650811686829049,0.0005580666098102517,0.00018944213592855114,0.0034789166,-0.013824224259442713,-0.012433511386845002,4.323114841223124e-05,5.400766150074235e-05,-0.0008781893665451485,0.00078665675
2026-02-25,0.0038959860154657022,-0.0014826515780083601,-0.0011048701152766584,0.0030986381629479888,0.0014688956991111227,0.000654220131102775,-0.0020237558,-0.0011737531833780354,-0.0007743139395804532,0.0031063802780728358,0.00150881742020332,0.0010713068313469413,-0.0004887005,-0.0011275209851713845,-0.0007349647303664798,0.0035703460284051735,0.0018821305823591315,0.0019352512364544442,0.0022425605,0.0008142030386239787,0.0008135643340149907,0.0005417809338538537,0.0007793175932649599,0.0012764092185943367,0.00089709123,-0.0002588521935508292,-0.0001181869175936308,0.00017558035455033557,0.0005965565484753369,0.00012342815479380822,0.0009332147,-0.0032360411475367674,-0.0024435137001611153,0.0030698006922175703,0.0018737964456602973,0.0020690382641231995,0.0030311008
2026-02-26,0.002273829514925829,-0.0018290375102980694,-0.0015901041801077292,0.003244500004240696,0.0006713977251027542,0.0008857604976168563,0.00071247446,-0.0022788144092151068,-0.0020191825766429925,0.003157155553894378,0.0008426657353182977,0.0017924658295775976,4.4701508e-05,-0.0062917195682948455,-0.006030258646181283,0.002513872498155321,0.000768981588881866,-0.001981294631909573,-0.001964525,0.00048824680571885135,0.0004888818652087498,0.0002884035553413492,0.0006720848501139813,-0.0006055699752025294,-0.0010644543,-0.0053898813848794495,-0.005124584479467912,0.0005075318747213114,0.000521818632774879,-0.0011172628420257871,-0.0003474473,-0.009615841488232161,-0.009067940236194762,0.003170766925810691,0.0008783331551977068,-0.0017786402152566894,6.5872914e-06
2026-03-01,0.007145970471540863,-0.000549492472916197,-0.0003916034210455486,0.0031082684211366507,0.0006707812879612677,0.0031127461382336316,0.0023619458,-0.0001930386417771867,-2.8209653738611924e-05,0.0031581316462232657,0.0008448585106844945,0.0030183713766718744,0.0018605943,-0.0010173686235836561,-0.0008597409505492898,0.0033356554085240764,0.000687133350865762,0.0026119231928072176,0.0016366579,0.0009727966144939743,0.000971538161640087,-2.5955537370436036e-05,0.0007140378901405869,-0.0003134261418574757,-0.0013063768,-0.00014859500138414633,-0.00012477900087836302,0.00019574053117232769,0.0006225683091281161,-0.0016340746747643758,-0.0024053683,-0.0028569555241585434,-0.002645938740665782,0.004069162198826744,0.00040228905663544645,0.0020288969665417113,0.0009424245
2026-03-03,0.014302772754366089,0.001497093351048035,0.001406129244810257,0.003631060721919513,0.001995070247196432,0.004875401110672943,0.0039551794,0.0020872502084790497,0.001996767250231036,0.003348573104866534,0.0022364349126083234,0.005217322515646197,0.0035574327,-0.002646965818685207,-0.002709558032541035,0.0036455567460281775,0.0024315394083962226,0.003534994035462423,0.0027778223,0.0007277676641581755,0.0007274667296721462,0.0009026857870686423,0.0008677104903157049,0.0020736263636743123,0.00092170836,-0.004759246388159851,-0.004606581559185683,0.0018058924208647032,0.0009357398798298787,0.002084815388966985,-7.123269e-05,-0.007990802146399715,-0.007519477101786357,0.00351973417128354,0.0021556615573926933,0.004255194524557647,0.005781058
2026-03-09,0.05833519605910542,0.0023534053625871125,0.0022028155416472417,0.0037593212105194256,0.0031900441761206527,0.004758963423809678,0.0041951514,-0.006298257896228155,-0.006432322723512529,0.003496525805694912,0.002756032987304635,0.0040924718281157456,0.0015430971,-0.007480898105447111,-0.007579914465724031,0.00019594512730574027,0.0013400654676097024,-0.01936183326162326,-0.015376182,-0.008571297953162237,-0.008535260217787681,-0.0006848712068615146,8.365159911609216e-05,-6.344204318350763e-05,-0.0068516596,-0.006960925955540674,-0.007112019015555463,-0.005934641391589075,-0.0017978830498109086,0.0010617386599507284,-0.0078778975,-8.051909719207896e-05,-0.0006340690127950261,-0.0005109074163590291,-0.0004266863107734422,-0.007929027114545541,-0.004061482
2026-03-10,-0.011219293799931584,0.0037453991512140386,0.004451133359577572,0.001528685961193193,0.0015118500601510024,-0.00316888343551958,0.0018657641,0.0023607136190980683,0.0031005710782338654,-9.220011877056854e-05,0.003416181238343874,-0.0004364000350173298,-0.0017028864,0.008183451551994063,0.008893408192163136,0.003941702877009451,0.003090496651557449,0.007212228495198273,0.008227828,-0.0025439692375939594,-0.0025314849555823212,-0.0008581183661819579,0.0002452381715619457,0.006453092221110023,0.002650686,0.006389321410569133,0.006081037574345201,-0.0021841810234886276,-0.0016978799812519788,-0.0019099561531015024,-0.0063257245,0.015823348730540917,0.0167349239228084,0.003394463115579979,-0.0020307831730687364,0.007070588547598966,0.001855908
2026-03-11,-0.016589268227671816,0.004042430017920601,0.001878294038544056,-0.004521658248989902,-0.003350284934680207,-0.013014351648880667,-0.017362557,0.0011902944418953891,-0.00108141689972149,-0.0043755151427987676,-0.0060414097559029455,-0.005978250241414776,-0.017929418,0.00764366717387979,0.005417800550802496,-0.003998763449988478,-0.005990418243342382,-0.007663056980716554,-0.0129681695,-0.00363139608269958,-0.0036146623796441428,-0.001287119166345972,0.0013272449113954903,-0.0045149922560142365,0.004176054,0.0026061490429588685,0.002575326812091698,1.86528365305773e-05,0.0006818373459543605,-0.0042847112472574654,-1.1459873e-05,0.009617805834071097,0.0073086464259096194,-0.003979594970098132,-0.006839384204544961,-0.021332547797713094,-0.009891857
2026-03-12,0.008499234892316743,0.004012513699869333,0.003376012730496792,-0.0016214899499045546,-0.0005661509383264032,0.0014445344538105472,0.0035266813,-0.0021083391463586716,-0.002761519326822782,-0.0013539335160424402,-0.0017391634676246297,-0.0007798757274913747,-0.00087268616,-0.004009540648800393,-0.004605458028937597,-0.0017198357686282945,-0.0012947186273286693,-0.0018047818408039782,-3.0551804e-05,-0.006526046828736375,-0.006498001477591705,-0.0012240819856874526,0.0004945136133912653,-0.0022211796062224847,-0.0050155474,-0.008062856820737515,-0.007853865853849189,-6.95528972273414e-05,-1.2470917742822957e-05,-0.002405702817662447,0.00050739077,-0.001994837827801518,-0.002869405157004231,-0.0009084979958138086,-0.0006942025565620951,-0.0025087495291268606,-0.0027925381
2026-03-15,0.001580064594127073,0.0049177920250049415,0.004424319898832973,0.003981157761865575,0.003793962752616067,0.00012356005371773806,0.0009777679,0.005591732430835771,0.005069691276191374,0.004312820144196823,0.00345171614012806,0.0009663405483086176,0.0020220734,0.00516925592455414,0.004665323627371662,0.0037902286920572627,0.0035358284686777593,-0.0005761057741779092,-0.0011338503,0.0007377396647166488,0.0007373997618814307,0.0003603141176671716,0.0006972825077155547,-0.0005932199002767144,-0.003344844,-0.00024987615511481965,-0.0002266056467315,0.00028700661843800385,0.0006556238066106137,-0.00033737404842885857,-0.0010538668,0.0013413688935947667,0.0008296851752647457,0.005194894686012985,0.00455632286339806,0.0034818261997291724,0.004937116
2026-03-16,-0.00927149303010566,-0.001047596656039096,-0.0012846586199140395,0.0005149772568509621,0.001594376661382755,-0.0029645742220854357,-0.00016656477,-0.0022341748776379964,-0.0024728942804336526,0.0003933229698629638,0.0016429777204960683,-0.0009371042488399078,0.0019353498,-0.002396637260056817,-0.0026116531123002683,0.0010986014364503497,0.0019911040268610074,-0.0006831797259914899,0.0027719745,-0.0014681710366033697,-0.001459890733493609,0.0004791702948888058,0.0007492412240506675,0.0011794419817127955,0.0010900493,-0.0003355254646838481,-0.0004504763251239407,0.0016043088481323357,0.0005830566685747482,0.004008057111414453,0.0040483503,0.0009748125424234813,0.0008501545493025598,-0.0009246350189638356,0.0014224745417659918,0.0011196387838740738,0.0029773316
2026-03-17,0.004815404311737659,-0.0030854409678777936,-0.0025657581669876316,-0.002540319505962061,-0.001272855261273947,-0.003305278189278187,-0.004039383,-0.004412076722279973,-0.003856786742024305,-0.0025182273185193733,-0.0013108979034539886,-0.007369889233125784,-0.005300332,-0.0014683488183409167,-0.0009512351544490689,-0.0025665075444867274,-0.0014563279867446772,-0.006011145979678508,-0.003758733,-0.0009954024620580793,-0.0009889696328621324,-0.0006106638600683416,0.00022861456912955154,-0.0035477109026344445,-0.0050255912,-0.000885849661177006,-0.000627030905960914,7.669575862604574e-06,0.0005170855881239064,0.000464221576056738,0.00037686012,-0.004139961290357911,-0.0032028539966153582,-0.0021862821554014707,-0.0008075230169390852,-0.0032327164446873213,-0.002962553
2026-03-19,0.022741635020304685,0.001839527435083534,0.0020475293373999476,0.0037843664937489115,0.002008159164875876,0.002991789637618792,0.003048053,0.000888806847176245,0.0011208640371779318,0.003595106042490637,0.002152962884603897,0.0026028078064155866,0.0017927879,0.001732833353552941,0.0019453737820576272,0.003718668132294588,0.0020068923775094023,0.00206192366491615,0.0035502135,-0.00033751224601079387,-0.0003336503047243716,0.0005108677644175896,0.0005920063752859553,-0.0018612588374878882,-0.002342868,0.001974613528589434,0.0015954285607270731,0.0008149082810620502,0.0007162493132743433,0.0019587461163015217,0.004864677,0.007195195136425208,0.006630975149781002,0.00372166338469931,0.0019541836404443204,0.003564638382440537,0.0037917932
2026-03-23,0.001707534868056193,0.007062888923605367,0.005980649590312923,0.004435357713478031,0.00460521247269421,0.007986452062168562,0.0071048406,0.0071228130819058245,0.0059933965214257106,0.004504115944963507,0.004826463482212962,0.008192452413529104,0.008180494,0.006317255277922888,0.005216173484741892,0.004094940328803278,0.0034918064940244993,0.0022736838092764075,0.0033718324,0.00044349648847091805,0.00044430642219781967,0.0013538359719078611,0.0012493250682320052,0.0027562447480938197,0.005322373,-0.0018034845104999398,-0.0018356278339821557,0.0010679408454851453,0.0006388105821781723,0.0016265871287664709,0.0035474345,0.008562469848144074,0.007205937927182847,0.004879180183233014,0.0036683470206583485,0.00710165731600751,0.007027032
2026-03-24,0.008085566081822648,-0.0016910697773888407,-0.0014136814439062086,0.002453259198143194,0.0020264374005788464,0.002742693544070654,0.0048381495,-0.002391494416332459,-0.0021430265714521223,0.0024766776002274403,0.0022769437003159598,0.0037731386599040837,0.0048739435,-0.0002944149013481309,-5.7182330767781026e-05,0.00312981659388026,0.0018628877011621298,0.0012086328380831247,0.010024584,-0.0019109529490644059,-0.0019009423532134848,-0.002838171005899055,-0.00021367592283012216,-0.002653589821483285,-0.004971586,-0.0009812571131375403,-0.0006682700976595063,0.0015838295091092228,0.000737739232341056,0.002355519300364503,0.007381974,-0.0033517715705928095,-0.0024771043045840597,0.0029997419457732737,0.0021622572685544438,0.00453094787500686,0.01128069
2026-03-25,-0.008296719765024996,-0.0014937436450848853,-0.0010046048079377593,0.004010136428182793,0.003429032181531629,0.007067100159828054,0.00836492,-0.0022323588034190794,-0.0017296343956964121,0.003922961580315744,0.003416282924421038,0.004306420975572075,0.006698521,-0.0077808451912398085,-0.0072796623857837705,0.003468065798162717,0.0034018873323690448,0.0033044855772318225,0.0014995792,-0.0010392910502164058,-0.001032686714228115,0.000254274098754999,0.0004667185912139953,-0.0015321790640715894,0.0024805393,-0.00899912694461095,-0.008387800513164003,0.0008245850915081025,0.0005155120709250479,-0.00053479027977158,0.002481288,-0.013625919320677235,-0.011653593307698058,0.003652533901346277,0.003657219966280586,0.005067721126077831,0.0065320283
2026-03-26,0.004831731592926047,-0.006065893731172941,-0.005506798433527169,-0.0024920383240067375,-0.0006509090800908615,-0.008030787429715787,-0.0048339977,-0.008916129869346767,-0.008344319899030573,-0.002494646046994627,-0.0016789193568643812,-0.009245181272302104,-0.009411348,-0.01433068470657208,-0.013738989088552677,-0.002755660866936434,-0.0014863259697063484,-0.006280297327513722,-0.008198315,-0.0035809874628458145,-0.0035644507454091886,-0.0009311864771947688,-0.0006948558968347792,-0.0045960508954600784,-0.0059205107,-0.00916979988759461,-0.008844458473051634,-0.0015524418571141543,5.1668096119522613e-05,-2.0793800012882216e-05,-0.0033116513,-0.013580854879148532,-0.012647429865176607,-0.001974143713798943,-0.0012974145076293222,-0.011152532571675441,-0.0065903137
2026-03-29,-0.02437818755792165,-0.0007106524865454714,-0.0001712056928106654,0.003775698397214461,0.002427112540374261,0.003816406633845088,0.0006766307,-0.0005325267987600956,3.726776441618964e-05,0.0040349776519832785,0.002664489418576459,0.004496156645417517,0.0058627278,0.00016685008704204996,0.0007165500159183168,0.004550343708558039,0.002729342004797286,0.00434114563367639,0.0037958997,0.0006472560102718334,0.0006472696973328438,0.0006136504607057976,0.0007020861312756887,0.004470820685887114,0.0030835764,0.0010982612965679216,0.0011081673973887592,0.000416265491525571,0.0006622226531129064,0.000689498172635087,0.001812248,-0.003609343336431849,-0.0028597866850887835,0.004894191528190026,0.0030758486114057433,0.004382647295916723,0.003827205
2026-03-30,-0.016713461460844847,-0.004147187884973265,-0.004173413246676176,-0.0027359467518569057,-0.0016504805781053877,-0.009124722727051808,-0.008573506,-0.0032359352492162302,-0.003259701400320357,-0.0026263685148456527,-0.0014711052696380104,-0.008288254223856,-0.004797356,0.003279091104670702,0.003227794484405522,-0.0025096192945459894,-0.0019341230865215539,-0.0002702216256411673,-0.0029184734,0.00023419655943653496,0.0002358243905023745,-0.00021359478069861586,0.0008735279517165492,-0.0015638050188669672,0.0047784923,0.007447783642793459,0.007260348076020531,0.0009521627725341512,0.00025143210500843457,0.000512295416946757,0.0030193697,0.006975018394832037,0.006569847610837237,-0.0023054314853513127,-0.001136106820108565,-0.0033897439639859763,-0.00078475336
2026-03-31,0.00693362015289356,-0.00033663782400641766,-0.0002010824744252647,9.004246683533913e-05,-0.00040800967340017376,-1.1482496036619104e-05,0.0021098373,-0.0036478149556732793,-0.0034949103352667297,0.0005830698227160409,6.777547105791907e-05,0.00013421344356025076,0.0027385904,0.002801783994560105,0.0029436763897773624,0.00017033024246389166,0.00035191615649651147,0.000308587201551107,-0.0005761202,-0.0031661565822362625,-0.003151240931156071,-0.0006691260905672719,4.7815051028490477e-05,-0.006405453045328646,-0.004469258,0.0034524334747198654,0.003368930454215175,0.00023877590223690326,0.00039437511074133015,-0.0005691488886597015,-0.0004513174,-0.0003812537481269375,-4.21291350678019e-05,-0.0004921184781134751,-0.0005980408315799641,-0.0006178509120618869,0.0011162148
2026-04-01,-0.026560660069639752,0.0005778138616566748,0.0009483967791080617,0.0033772729353668063,0.0012888824927643117,0.0013491415521356882,0.002174508,0.0022235607031127224,0.0025943743625970513,0.003013285725451921,0.0019654944700531747,0.000774447978416948,0.0041518346,0.010013643422138887,0.010366896723053024,0.00449739311860683,0.002621005745467321,0.009404288467989998,0.012519474,0.0004055340702869017,0.00040649235265852337,0.0009219272775262282,0.0007343032260429708,0.0024805861469369365,0.00459765,0.008871064422026531,0.008870344646932829,-0.00041297436775017556,0.0002279265546737024,-0.005957451940608831,0.006501046,0.012867963705174089,0.013336587868009116,0.00327562250588747,0.001980242689214402,0.001449414666437967,0.0028229756
2026-04-02,0.002094075828113162,-0.005688274418645976,-0.00557743103651909,-0.004478539276503402,-0.002679981823928644,-0.00781404807336407,-0.004907653,-0.008809786551492572,-0.008679512111373733,-0.004448587041911048,-0.0025885634016714165,-0.0017817119506977677,-0.0041949847,-0.004087802027396459,-0.003958611375657549,-0.003879837649282761,-0.0019869314064960264,-0.003659899607372853,-0.004989828,-0.002587285137573758,-0.002574631586707167,-0.000709020985541534,-0.0002699914985877518,0.0009056648562646084,0.0045535853,-1.120923048007511e-05,0.00020558066860675917,-0.0006467857552377573,0.0005952377511963456,-0.0032408660230378735,-0.0058835265,-0.006529063454603884,-0.005984509294095678,-0.0037223550474989493,-0.001974363068916739,-0.005679892955624085,-0.00245933
2026-04-05,-0.03865757246347279,0.0018119758755010956,0.002241838217576826,0.006141336848151007,0.0007450131810171826,0.010128035756083394,0.005944591,0.002443070103573574,0.0028942414942852044,0.005706595943068554,0.0006762458735197233,0.011386083535787656,0.009829931,0.002882514029704044,0.0033333907729032755,0.006892686415798393,0.0009251462260230363,0.008491050920659148,0.0074809077,0.0007030862696593291,0.0007028817845461015,0.0005791472517093656,0.0007052235096724753,0.0006149746409387771,-0.0013694471,0.0009942926725604586,0.001005632699274813,0.0003512656064617054,0.0006622226531129064,6.127839831009325e-05,-0.00013481174,0.0014422939509344326,0.002043631196992989,0.006297201740917291,0.0005562741117092541,0.0048380555025178545,0.0068439906
2026-04-06,0.030660705481412087,-0.006796391948556794,-0.006943432804246801,0.0002768057490008394,0.001093875837071155,-0.0026526741913247137,-0.006202243,-0.006417384640273604,-0.006574225567925947,-0.00041651190533520627,0.00040817611117438643,0.0005572314994768203,-0.00335789,0.00286016403311754,0.0026790756526601325,0.0006433600452472741,0.0001176150519773159,0.005266817542919386,-0.0032415586,-0.0001831082122025939,-0.00017984964736716144,0.00029779470514246334,0.0004830034671979177,0.0014262644324988289,2.5393376e-05,0.00809385467953803,0.008053631010495324,0.00176057551045358,0.0009888862625894918,0.002058951895835984,0.002067109,0.004975817762047712,0.004941534791178297,-0.001504546840223401,-0.0006798593524058228,-0.001524275670736643,-0.0019709377
2026-04-07,-0.0009497193242236079,0.008633114307115232,0.008521893874292051,0.004267297232342731,0.0017676742653614768,0.005999011909543716,0.00050441397,0.008646113853819845,0.008520800295153652,0.00404264347881581,0.002544684414944562,0.008086639597182949,0.005317702,0.004084628166085451,0.004008299785499591,0.0035728723948603713,0.0016817220568448173,0.008522593288674015,-0.0005156309,-0.001398654043790348,-0.0013906453975497254,0.00035498919254188803,0.0003002479343284337,-0.0008386915146815069,0.00016201622,-0.005772745340514048,-0.005603843836629432,-0.0018262793236621599,-5.6965956451810555e-05,-0.0022342735296614962,-0.0033460918,0.0031281364393686995,0.0033678920618854203,0.005370246351423128,0.0034811286776294955,0.004931450282532161,0.0031547078
2026-04-08,0.016230805668602244,-0.010418839110025172,-0.009745792037163699,-0.0037398426575342403,-0.001473068915595554,-0.0063553663533019895,-0.0036015073,-0.011552096629510239,-0.010835348945881817,-0.003451320967689082,-0.0009480961986580008,-0.0037480572576948233,-0.0011252988,-0.01141887061186768,-0.01072327936178028,-0.0032355033928960775,-0.0007489138523744176,-0.007315892587462378,-0.005473993,-0.0009467250540222043,-0.0009404824452562514,0.0011159885643448738,0.0004688607283223947,0.006681203750119594,0.007851661,-0.0002012024309227411,-0.00014382761385882024,0.0006461924538843071,0.0005340533581525623,0.00241860683806338,0.00325982,-0.013082098214814531,-0.012115830470556734,-0.0031126580258579533,-0.0005700694107494561,-0.0011719675942159897,-0.0016358821
2026-04-09,0.01723497495264681,0.0014030007470019097,0.0015533424763150127,0.00410695138046916,0.001998310328571973,0.003814966738314316,0.0056840125,-0.0015286655768700285,-0.0013730181342061047,0.0035138389692064243,0.0021033162403877232,0.0022805687324909596,0.0028780983,0.0037764223842488218,0.003915136236109191,0.003070523026986927,0.0023540860846915203,0.008623585847374268,0.00592906,-0.0030648201011724205,-0.0030503004504090067,-0.0020929365364700677,-0.0006214390206419034,0.003432115449917884,0.0085115945,0.002125898917592531,0.0020794385775959705,-0.0017271654886683156,0.0001914438613513922,0.0020674761194075333,-0.0007106718,0.0065854617273098034,0.005916150278418651,0.0025981287127873226,0.0013377399375174646,0.0015301720590803524,0.00038172654
2026-04-10,-0.004731931023417069,-0.001222418860377039,-0.001142195918764028,0.005941660526055599,0.0021212039310950764,0.0035774620327546493,0.0045874002,-0.003838834946041856,-0.003744784670966364,0.004668684941528043,0.0035873878410125548,0.0018624719448438172,0.004911131,-0.012884293354832373,-0.01274290904118865,-0.0016302687858049194,0.0011467280499153198,-0.004163532780339136,-0.0048188986,-0.002931595562581237,-0.002917596523535658,0.0004899898904830543,0.0015044969563375765,0.007290150201449589,0.0012014566,-0.010997959073463974,-0.010893221064824092,-0.0017031824102646013,-0.0008700270652032691,-0.0023879490081773593,0.0020639983,-0.00950040722376779,-0.009873703519484727,0.00584175503938791,0.0031165811445216375,-0.004284265545617557,-0.0006032197
2026-04-13,-0.0014740683067913096,-0.004117428378841085,-0.004004946243822137,-0.0024928767479374166,-0.0012286370625866046,-0.004067997921155377,-0.003928224,-0.0029123976324464465,-0.002775800441140094,-0.0023552134216043618,-0.0007335036253760466,-0.0016861293969040957,-0.0026631756,-0.010018968024072556,-0.009851425572154085,-0.0029061028817456425,-0.0019292507236135447,-0.0002384431570679572,-0.006158792,0.0016185256302496964,0.0016147438127386902,0.0024815924099335822,0.0015223212142366244,0.015385141170659486,0.0055070766,-0.007953032217206361,-0.007698945879015178,3.549526725461582e-05,7.397204931982751e-05,0.0008399095529683506,-0.001616488,-0.011510908123705107,-0.01132284708965831,-0.0023429453535013627,-0.0007620769483308389,-0.007542495813557057,-0.009835914
2026-04-15,0.011672854262047672,0.0008002935639493643,0.0008475542512111,-0.0021399693675888927,-0.0004974466878265259,-0.0012570528904338317,0.00032790445,-0.00024867644479859095,-0.00018585272385841594,-0.002096250121458557,-0.0001038840146415181,-0.002289758900058183,-0.0026634596,-0.0022242166589034594,-0.0021475705325561065,-0.0018589915983664473,1.072585638786593e-05,0.0011829394411759916,0.0002448816,-0.000638404471490901,-0.0006333667106441852,-0.0015094692823634389,-0.00014594685412210016,-0.0033951996566940956,-0.0058626765,-0.004723477340632533,-0.0045067682456783,0.0015212789940414985,5.3759721067814166e-05,0.0062564059227079695,0.0006228269,-0.004937194581038932,-0.004410477147252421,-0.0018900273412734015,-0.00015521478946944686,-0.003305211074237074,0.0024159427
2026-04-16,-0.011874032035053439,0.0017419781888638412,0.0016274212377829118,0.003863942070785975,0.0026678975781032678,0.004076558912626064,0.0050416575,0.0010519128541940461,0.0009327914290839234,0.003553851432878633,0.002889379845174442,0.003756951722792782,0.006578614,-0.003456920682443883,-0.0035358313041303152,0.002872698431115927,0.002643710347699236,0.00014025391861500035,0.0004442972,-0.000437201048306518,-0.0004329495454636484,0.00046845741703291686,0.0005733681933901838,0.0013753313598342855,0.0028402419,-0.005199683911062067,-0.0050788815308431936,0.0002671792012312368,0.0004895114427211975,-0.0027753417603649396,-0.0012122964,-0.006844791166296788,-0.006136488842584107,0.0036002220516049787,0.0028144779640638185,0.002938654612745427,0.00043267058
2026-04-17,0.0018937028596965888,-0.003645732541520539,-0.0035390038885632774,-0.0025061343712907865,-0.0017437293823298259,-0.003045208555361257,-0.0034345144,-0.004194751769579196,-0.004058582645070389,-0.0025163419813001185,-0.0013317419503480934,-0.00338595459470618,-0.004054209,-0.0038098360706033943,-0.0036659087888028215,-0.0025460982314761686,-0.0017531559420217112,-0.0028860209903531233,-0.0034136816,0.0005991576333984922,0.000599359278165138,0.00042044579809703066,0.0006461067405627977,-0.003910206685802347,-0.001731994,0.00011507535771102331,8.759296524030646e-05,0.002879637214936951,0.0006568535479412338,0.012121534577141862,0.009834055,-0.0032264919421256017,-0.0031898801203985587,-0.004028177306670269,-0.0018163522851172079,0.001781418205466725,-0.0028068603
2026-04-20,-0.004650735919612181,0.0009734571072124807,0.0012473224342984812,0.0011313777334785394,-0.0003045701416258992,-0.0005720214738676925,-0.0016308496,0.0008301880101265333,0.0011183814323587357,0.0010601250227475786,0.0006304606249364564,0.0011682910228423028,-0.0030591679,-0.0017293417524415601,-0.0014259062267403142,0.000914985007152791,0.0007112628572597246,-0.0028531641182246545,-0.008739694,0.00012171807657042105,0.00012378544840556426,0.0006529633478690424,0.0007344702278279316,-0.0016776559669331413,-0.0012256779,-0.0023565622248015584,-0.0023594371669636675,0.000566625429581905,0.0006995414468594404,-0.003128550527280522,-0.0022576642,-0.0019470988808798144,-0.001794416396224385,0.0017943070334952391,0.0007086199469198814,0.0011231248275280633,-0.0018208143
2026-04-21,-0.006430730480342817,-0.002653136862700658,-0.0021131460825471477,-0.0025900159899303827,-0.000981988497596795,-0.0057014212123440485,-0.0067012454,-0.002253398285809499,-0.0016669567945552786,-0.0025404355284576875,-0.0008305545601776471,-0.004911323550380931,-0.006267279,-0.00023164424738624032,0.00034365139335053297,-0.002510281957963565,-0.0012284730560683584,-0.004275487999745101,-0.0069769416,0.0013751154944768858,0.0013722848693682743,0.0012396245420440925,0.000942105213067119,0.00029090652288051917,0.0012731286,0.003080173620010183,0.002990694003602257,0.00036401552917513793,0.0006802934050135057,0.0037595524504534924,0.0057371925,0.0009455268217360972,0.001221148141863375,-0.002398661833363073,-0.0007655052725382817,0.000810988371435902,-5.042514e-05
2026-04-22,-0.001051451723857788,-0.0010490621423501038,-0.0007490199263796848,-0.0024151566275716707,-0.00162385908648496,-0.0014846953411367643,-0.0021658787,-0.002013739954052817,-0.001676484862376826,-0.002390440337552261,-0.0013001927389915977,-0.0018423996363799175,-0.0019107828,-0.0034824778091780643,-0.0031472556473359143,-0.002471201183545478,-0.0017314298751222412,-0.003258690398247457,-0.0047563324,0.0002677432993093496,0.0002692400372142923,-0.004661943973315948,0.0009196001932249496,-0.005131275771705699,-9.841947e-05,-0.0021510326860706246,-0.0021989823173759505,0.0014549249488482576,0.0006797853209752307,0.004125892865917655,0.0037946003,-0.003389854355849479,-0.0032011274540063393,-0.002122966332989191,-0.0010454946920780716,-0.002233014188104916,-0.0007622791
2026-04-23,-0.006088026644573752,0.0029201438643956237,0.0027967479061142726,-0.001545798946217191,-0.0005341986257232897,0.0011555014778541742,0.0018036545,0.0023767896400783022,0.0022577002544853994,-0.0015673801747209384,-0.0004467305518393985,0.0016937145431420314,0.0014017745,0.00291657897234133,0.0027868603081144597,-0.0012181486275317423,-0.00016623472583242218,8.544353216116972e-05,0.0012558905,0.00011817653805924668,0.00012025774943526767,0.0008284229531163272,0.0007492372571917352,-0.0028490904223565103,-0.0042295093,0.00037731322296275286,0.00045514169086420157,8.821870158851881e-05,0.0004907084506148675,-0.0016056629188187746,-0.0030972776,0.0031429104281491317,0.0031776601426926547,-0.0013641402156791666,-0.0003264473483300615,-0.0005797092798149892,-0.00023812495
2026-04-24,0.0005559690593983646,-0.0006140171667407537,-0.0004292734709473176,-0.0024102816580726487,-0.001586833520066011,-0.0019751808804777107,-0.0028436182,-0.0009114757119979288,-0.0007056486154312582,-0.0023994267343228214,-0.0014634785990765451,-0.0020132482032308844,-0.0023562652,-0.000483578477998041,-0.00030016172223278764,-0.002466326214046456,-0.0016997487792003944,-0.004186872922488214,-0.0058963466,0.0007249170417551007,0.0007246272468642387,0.0010051033248431995,0.000800759294907888,0.004295432535281578,0.006596538,0.001819824120912493,0.001752791463198504,0.0006572245990116368,0.0007982740876854414,0.002561193846963083,0.0038875728,-0.0023182294553657744,-0.0018964570143989536,-0.003951213956770478,-0.001911937903993661,-0.0031801568519258276,-0.0034349086
2026-04-27,0.002768066252970769,0.0016902887298709465,0.001740122586972907,-0.00025414917075033435,-1.0793248514827933e-05,0.0015904927281610022,0.0011040961,0.002158004129636432,0.002213106155794804,-0.0002033984275618038,-0.00011782147889599424,0.001702299078970542,0.0011490048,0.0029105231608636314,0.0029375120379607905,2.5831981734650314e-05,7.936964149569065e-05,0.0014380973356784576,0.00019566648,0.000745398363748256,0.0007450285324291301,0.0012605625239014372,0.0008422578422635839,-0.00012557840600943213,0.0025013841,0.0018481500690847724,0.0017505593142366225,-0.0006199979939093169,0.0006287288187317433,-0.0012804282545104343,-0.0014840494,0.005948436663321614,0.005586255895370275,-2.115793383801542e-05,-3.0965803508058245e-05,-6.347052414952752e-05,-0.0021271803
2026-04-28,-0.009402425066812548,0.0002644380873593078,0.00041841683383983487,0.0030554883782108726,0.000544777483206534,0.0017148588694914522,0.00064094976,-0.0014463592691260608,-0.0012689335859833325,0.003056390025146786,0.0005957475319759767,0.0009889920474342503,-9.686656e-05,-0.0040899602560423584,-0.003921363985078178,0.0027711068670997446,0.0005686464447842498,-0.0006698679629088573,-0.0029631124,-0.0006461434461499688,-0.000641075443120135,0.0011586788069685833,0.0008614465695633586,0.0021918814562874923,0.002709011,-0.003911791895805541,-0.004077300514080181,8.988425100943647e-05,0.0005611127190601113,-0.0022691854596965837,-0.0010557448,-0.004101782992135423,-0.0040154942914397,0.0032279529663957283,0.0005801391214567971,-0.001119883875811591,-0.0010500649
2026-04-29,-0.009360488023132163,-0.00022031919191942834,-0.0003413301915328442,-0.0024123266813347744,-0.0019220349019006796,-0.0036690789718910343,-0.004159941,-0.001518485108061286,-0.0016357478440827853,-0.0024086729250745254,-0.0019907418871424644,-0.0027241146432782277,-0.0026428588,-0.006070257014231518,-0.006170555661916559,-0.0026057253393111713,-0.0021264456642087477,-0.00613732222051859,-0.0054073627,-0.00046499747932903955,-0.0004606373542469244,0.000854162396485828,0.0007579739809405327,0.0011051329402420231,0.0037819527,-0.0043664466603140165,-0.00427638039292914,0.0003702615675296376,0.0007259121588977722,-0.001589245872640282,-0.0018456206,-0.0041980509628375086,-0.004546214172104253,-0.0020192388599052213,-0.0014662697699201377,-0.002554742480484328,-0.0036369113
2026-04-30,-0.0020900326219441823,0.00018561143346017793,0.00019548851644083038,-0.0016644708853515962,-0.001745400033750434,-8.204808794171054e-05,-0.0020447173,-4.5954270765192996e-05,-2.7669595175797775e-05,-0.0016300133284055556,-0.0018211216382611483,-7.82963309967992e-05,-0.0026334794,-0.004338600333855013,-0.004311358380941331,-0.0019787932333319353,-0.0021156231360994152,-0.0042759115611410575,-0.0057811434,0.00034104089044618665,0.0003422511977487969,0.0004954018667514962,0.0006890305570638237,-0.0002860456498533486,-0.00090143905,-0.0037253582782104232,-0.003641565906809633,0.0003029337097158071,0.000772748465969665,-0.001652186319218594,-0.0016038542,-0.0004154885701718587,-0.0007676197923045339,-0.0016387631220797095,-0.0013038987181118883,-0.0015041238462336884,-0.002741304
2026-05-04,-0.01272891442333357,0.00038273827657627196,0.00042873976837279814,-0.001542929851096036,-0.0009470721970934483,-0.003980935705074788,-0.0062770206,-0.0012806561400808244,-0.0012273682461955227,-0.0014801220237113653,-0.0010121831837840716,-0.003139842666623439,-0.0067617567,-0.004273628543979814,-0.004205709437339638,-0.0016683465339294423,-0.0008344099480534708,-0.005574559915056005,-0.007023753,-0.001220809171456732,-0.0012134955032244489,-0.0002912226175991471,0.0002914640093713949,-0.001848542145268496,-0.0036227533,-0.004953098806873672,-0.004738713011937836,3.0509477448773695e-05,0.0005700429190347305,0.0006563088833371797,-0.00094624097,0.004530649948042895,0.00031906877277373795,-0.0016878870560135888,-0.0007326298180364416,-0.0026035765736434594,-0.0024445336
2026-05-05,0.0032416854123304972,-0.0026090423783719906,-0.0024943235382819213,-0.002659639489600363,-0.0020762797737718334,-0.007202179938969265,-0.007903261,-0.0028335642022721983,-0.002703709559966635,-0.0026239221211082696,-0.0021339923523666566,-0.006830654886522577,-0.009201015,-0.003701966865000101,-0.0035703299948640754,-0.002728403435357966,-0.00228685799341714,-0.007411218897009252,-0.007185587,0.00046353357234751175,0.00046426520562940646,-6.0065828441310115e-05,0.0005338642091844972,-0.0014307150125849046,-0.0022829538,-0.0012645696811163024,-0.0010727268912387638,1.9329317117092342e-05,0.0005381462526837994,0.0007842709445122956,-0.0013498013,-0.005031242527002909,-0.005381845779156848,-0.002289490366155874,-0.0016829172759450048,-0.0054340028366530865,-0.00619956
2026-05-06,-0.000604710863400193,0.0005428648830139108,0.0007443085060956124,0.002786361376999316,0.0006054374088665787,0.003124951811273638,0.0012798209,-0.00043293213426677697,-0.0002179401261719955,0.0027419902488433796,0.0006631457318905421,0.0026502825771696197,0.0020793437,-0.001960573414167649,-0.001716420430889768,0.003211758897256883,0.0006549925701039938,0.0017027313240475753,0.00074012525,-0.0006893658271914145,-0.0006841289207577456,-0.00015405145042365168,0.00032492078210866833,0.0005090691691201292,-0.0033969611,-0.0013265224517996933,-0.001291627382174311,9.060273137805804e-05,0.0003445091768058726,-0.0009692589827374626,-0.0015702546,-0.001770912764299584,-0.001200409305732752,0.003249095788053666,0.0006710589766631988,0.002523251555988193,0.0034139452
2026-05-07,0.002556462719389252,-0.0025186336704300597,-0.0023196009031959675,-0.0016357009959179372,-0.0006671788947892075,-0.002129758479011069,-0.0057585416,-0.002833075086905048,-0.002626280759795737,-0.0017102459948478046,-0.0007801209332456264,-0.0037618652347028124,-0.0059550274,-0.010864940320608975,-0.01060678785491281,-0.0018627349139125479,-0.0010232491365899027,-0.004459302978817211,-0.0075467546,6.071901256441022e-05,6.302475510688529e-05,-0.0010345153863966685,0.00018000473838426345,-0.0004914833211963498,-0.0015631666,-0.004665473268824033,-0.0049017831902088485,-0.0008732226954806095,0.00028766113194436845,-0.0036324299394858922,0.0007819432,-0.009482211538900378,-0.009618114247650864,-0.0014879399813828443,-0.00037710178648853274,-0.00580954952776912,-0.003911381
2026-05-08,0.010062660291196401,-0.0007867104948001231,-0.0006372756421913427,0.0028981133462424964,0.00030828413614061043,0.0005988623737744232,-3.657309e-05,-0.002106893069938496,-0.00192666457952906,0.0028991446199524867,0.00038786721729318677,0.0005691687057660346,0.00064990745,-0.004072718752232749,-0.003862311791288123,0.002462452246675512,0.00021754435923478655,-0.0005091433389320516,-0.0011849737,-0.0004917720850093046,-0.0004873073307529838,0.0014677631567101437,0.0006824234283099307,0.0010318966612043203,-0.001624519,-0.0023432496680378043,-0.002479956500293135,0.0013396137726948067,0.0004263244026803232,0.0102176931189899,0.0043832944,-0.00889310117658167,-0.006854013078507575,0.003058925649133107,0.0002641779238541513,0.002261872491636596,0.002810022
2026-05-11,0.013817020608886565,0.0005154146786611686,0.0005837197567449392,0.0034980826008616057,0.002168695951652343,0.002399296755190063,0.0026430872,0.0005571964742013138,0.0006414075021969541,0.0030419079398949144,0.0016817837819919773,0.0021048543166633576,0.002266598,-0.0019405985857250223,-0.0018326735487992122,0.003479656171468607,0.0023085107498088935,0.003925205218384691,0.0023715717,0.0001772160791503461,0.00017906657719658542,0.0005506163026608695,0.000663610642473282,0.007886192022287093,0.0028349804,-0.002094942022794005,-0.0021395677864867466,0.00010469542312253468,0.0007341153208246264,-0.0017534502707855126,-0.0011298996,-0.0007983437099775497,-0.0005187953003825434,0.002795963380289282,0.0021296820069578756,0.002744415464067214,0.004424996
2026-05-12,-0.014272389875687352,0.0012427147427700263,0.0011264659852246969,0.0036930132816204186,0.0025595043241359665,0.002566074919719894,0.0028561044,0.00046875310138332364,0.00036436334660102537,0.0036291742642455094,0.0027107638651371283,0.00276547644306069,0.0019094239,0.0035272761038475115,0.0034133900351617204,0.0036140913907299166,0.002978932083138901,0.001390998705575217,0.00074103224,0.00018300662763587875,0.00018483449751296912,0.0004627580335918955,0.0008232616590460808,-0.005107134968115858,-0.003531361,0.0024012687298373245,0.002574158941297426,0.0008464408746309078,0.0006673181022147245,0.0021648858460370257,0.0039642355,0.0028105610047322025,0.0031222540326201194,0.003748499209542209,0.0026881583023545454,0.0009617652080784448,0.004335886
2026-05-13,-0.0015133147209027697,-0.0036359805972336224,-0.003727429588901838,-0.002460430363749455,-0.0018526387646785917,-0.005639980504509791,-0.0061275302,-0.0058709356963047524,-0.005950331835755065,-0.002451294896363236,-0.0018709719685158727,-0.006142646775578593,-0.0063286973,-0.001921545225699938,-0.00200733857608869,-0.0023479651192946237,-0.0017215286378185124,-0.002684768692731112,-0.005508659,-0.001562406818813131,-0.001553758263330534,6.066643641874702e-05,0.0004921092955468668,-0.0001468588285875167,0.0027342616,0.0020008064143528567,0.0021158968938294344,0.0005627154158640444,0.0006480363871569209,0.00075416868571506,0.003085987,-0.0031973547094407396,-0.0030319306545958185,-0.001834859804721877,-0.0014031633722199595,-0.00555579387332681,-0.0027893903
2026-05-14,-0.0036852787933181475,0.000409632891513008,0.0005588475026816289,-0.000427444640793864,-0.0002695864048382791,-0.0012487036957008718,-0.0013597378,-0.0008285917359881058,-0.0006562601531865629,-0.0003917373416631288,-0.0004075532522494405,-0.0016547989577329306,-0.0027891705,-0.003298339504293541,-0.003125517120146035,-0.0006582669202523057,-0.0002998420507202327,-0.0012791343631811333,-0.0018777882,-0.00033730906857231367,-0.00033344792125790824,-0.00038353910723341785,0.0006378696259649125,-0.004383273269115233,-0.006350424,-0.0027015031655884657,-0.002840613510675934,0.0006242039174412799,0.0007217885441586307,0.0011441523891390377,0.00045985272,-0.0027743388237881778,-0.002346265819707091,-0.0005442144574398749,-0.00015657014909311757,-0.0027129283317019943,0.0006874664
2026-05-15,0.000648101214348884,-0.0023291990356093667,-0.0022066803663702422,-0.0028588272807758526,-0.0009346843743572955,-0.007399155669378758,-0.0079835085,-0.003062185198909907,-0.00293972292592101,-0.00284120551199123,-0.0011582290285302075,-0.006874446409315135,-0.0072948174,-0.009585584282791791,-0.009438210474450088,-0.002908702411954488,-0.0013291954091893046,-0.00879122890279038,-0.010528009,-0.0002535418959341857,-0.00025000809200640653,0.0003924023601632006,0.00047177072844244454,0.0008205909859814988,0.00088504865,-0.005439412605133734,-0.005588513594343288,0.0004725399074736584,0.0005601368472722218,0.0005247171090653338,0.0012737069,-0.00453443664175727,-0.005353444279709432,-0.004588575221223862,-0.001416255270562288,-0.006222059637042037,-0.0060824435
2026-05-18,-0.00037709254773776735,-0.0006710427509948589,-0.0005797577044346748,-9.234799195819782e-05,9.663602902457457e-05,-0.0010561626806545896,-0.0015812046,-0.0016063460112392108,-0.0014987499917649663,-4.130567332831104e-05,-5.2576033212266656e-05,-0.0009830080661192675,0.0003295532,0.00261805458292107,0.002706724392418207,0.0003348229918691991,0.0002747199671072018,0.0017361460680661994,0.0031487609,-0.000506560205953,-0.0005020376630255387,0.0020465373240526065,0.0011555398352482073,0.003959955518335201,0.0035277284,0.0027560701946861177,0.0028740199841871886,-0.0009165420459485747,0.0005808845958623816,0.0016314439371692242,0.0011294066,0.004861026322228961,0.00468295747215326,-3.507435534303734e-05,3.835198589688719e-05,0.0018041243596336283,0.0019858484
2026-05-19,-0.0023903371416604813,-0.0005008585948372798,-0.0003547762700368371,-0.0011664582606708749,-0.00020767607855188614,-0.0009348352432568179,-0.0014200949,-0.0003078010485730834,-0.000156821080753359,-0.0011226925577423011,-0.0002327254769037353,0.0013748867522495813,0.0011337341,0.005974902046608649,0.006093965484527147,-0.000614206831833336,0.0001218385302513031,0.002242488335563134,0.003443119,0.0006966827213686782,0.0006965032598908241,0.0010808119573750053,0.0012866287569159654,0.0013569176804916195,0.01082767,0.005376133192734406,0.005560246108836418,0.001107858483866812,0.0008209769858709281,0.0006877065958009745,0.0062804576,0.0014653087378004616,0.002158511955878847,-0.0008791093799478416,-0.00015221217322299857,4.5153345554199403e-05,0.0014119163
2026-05-20,0.010984127213057526,0.00023788815459172019,0.00022718748628362513,-0.0021400492336273967,-0.0007399802655429625,-0.0016079628284080161,-0.002750479,-0.0016049022802123061,-0.0016145421264289967,-0.0021291244461895415,-0.000925127246418965,-0.001789842767042136,-0.0013092228,0.0028463331057698694,0.002825946607781441,-0.0018667466926422498,-0.0004985901174518124,0.0008295845753409275,0.0002397044,-0.0014420914136481064,-0.0014339130238754077,-3.542280289169573e-05,0.00037349833545277677,0.0006138183897682293,0.0032581706,0.00401416605719467,0.003869408067264908,-0.0009600183364647196,0.00040507128312456216,0.0006712726007833757,-0.0015971741,0.003327300404445783,0.003639171797265801,-0.002131558651988113,-0.0008037221594242104,-0.0011567230256867495,-0.0024962851
2026-05-21,-0.004500980019780165,0.002898106217203612,0.0027949763209439713,0.0037079395800852645,0.002688028559083314,0.004952952417907292,0.0044877594,0.002609785783700457,0.0024949902748280803,0.0037296546835729623,0.0025047267107585324,0.005113835307068254,0.004280169,0.012723849973551467,0.012574120672552041,0.004298866390869774,0.0030388630105557535,0.009295783147706784,0.009406234,-0.0002840471174303861,-0.00028039410591567055,0.0004893439262169306,0.00035737088476119413,0.002294634702145478,0.0017078049,0.010166212266545223,0.01006688307192129,0.0009068190930911718,0.000687112757430109,0.0032999460625531864,0.0073209726,0.01147519143111078,0.011549348143779925,0.003593391896236357,0.002528018281914259,0.005960191998786602,0.009090654
2026-05-22,0.005955731526571029,-0.0013636672942897057,-0.001430859227343078,-0.002245486143383222,-0.0009858623259061936,-0.003331603922712168,-0.003627707,-0.002552309175584565,-0.0026141879781849354,-0.0022347205686776795,-0.0008434199937849087,-0.0017482632067709585,-0.001968739,-0.0019730981749019076,-0.0020296198125124795,-0.00242583348498462,-0.000939379530041721,-0.0015788667327501498,-0.0033284947,-0.000785490523320405,-0.0007798779830605145,-0.0011227462921605097,0.0005034564634360805,-0.0007571169717242781,0.00042312595,-0.000196847893281983,-8.373182990647034e-05,-0.0005411269962549497,0.0005713531929749836,0.006440478038970478,0.0048350035,-0.003797804319733578,-0.0032677888879623705,-0.0035653228510123232,-0.0014853577693532778,0.0002162560652808258,-0.00022815994
2026-05-25,0.010049067042587012,0.0030300349617398276,0.00285752175020275,0.003692313431836558,0.0019323308940511325,0.0015485777173461798,0.0027706346,0.0012030928251825436,0.0010366783404316985,0.0036246447632502154,0.0020906115895112528,0.0018679030106867423,0.0025253445,0.000606865471113551,0.00043818608816534245,0.0030994473644596686,0.002033047045827219,0.0018856025190542001,0.0022815769,-0.0010681426851732055,-0.0010614256034445688,0.00012616226158541506,0.00039177677623908504,-0.0006505617197452951,0.00031885796,-0.0031529089332771286,-0.0030558956651487792,6.19010501214233e-06,0.00011973609288362971,-0.0032652683671257877,-0.0018643736,0.0016863046066748779,0.0012695777668923522,0.0036642654897802696,0.0019966839526152744,-0.00027991872735779334,-0.0013253692
2026-05-26,-0.003325277848625241,0.0019989960092633807,0.001732928900317436,0.0035176682468382025,0.0027352436661534103,0.005435711245259803,0.0036612705,-0.0010692425748524228,-0.0013331713164632425,0.003295283167266932,0.0025255405072757537,0.002545329871943734,0.0007714492,-0.0023698418459421455,-0.002616794888194696,0.003937109783259278,0.002398806482977316,0.0003291694473589805,-0.0005846222,-0.002704013880594847,-0.0026909041798923103,-0.0010162577654817754,-0.00012408841604698702,-0.0034607989789824955,-0.0022566922,-0.002654633550101656,-0.002577135819820337,0.0006149224691465696,0.0003107378852453314,0.003723931588981238,0.006560497,-0.004321219297091183,-0.002703449970212138,0.004783788509388468,0.0029906321019732875,0.003699773847611148,0.0057062944
2026-05-27,0.0017988204591414814,-0.0010610410580351815,-0.0011032128150651743,-0.0021629301592802665,-0.0003321786179895699,-0.00038943096590348406,-0.00061171164,-0.0024553423917524748,-0.00247689911438544,-0.0022081560599311266,-0.0003202551273933142,-0.0007602766696012397,-0.002029749,-0.0022965185984343077,-0.002315304115824122,-0.0021771992507073953,-0.000354277847852986,0.0018790315910379538,-0.0014379248,-0.0007296653409864045,-0.0007242709530607713,0.0006230171049963855,0.00048605862492424363,0.0005975834171657481,0.0010564766,-0.0011426555830889185,-0.0010606231635619835,-0.0004907237676994757,0.00024690758538292306,-0.00034756135548350605,-0.0027417545,-0.001650517378708213,-0.0020118466058170587,-0.001798271887027198,-0.00024106718357355444,-0.0037834393650249933,-0.0051920316
2026-06-01,-0.00965430336059292,0.0024506516724442096,0.0022676183472899636,0.0015869041260638333,0.0012098526016019475,0.0024018260156309754,0.0024592844,0.0024087769242535466,0.0022252639183100386,0.0015202795360224725,0.001342083320572006,0.0023814842393430017,0.0037171924,-0.0003292763946771962,-0.0004997956845629301,0.0013489565255733055,0.0009451675836828857,0.0005602973202823249,0.00075034716,0.0005234375850404294,0.0005239351268307542,0.0002552592794820682,0.0005081340421918893,0.0025352506694840604,0.0044665155,-0.003937957984861558,-0.0037067290732736412,0.000513925987762461,0.0006419688641842419,0.004144796275724545,0.0024789337,0.0022089184252326345,0.0012385279003086806,0.0017918508637026946,0.001325769876479064,0.0021769661203926045,0.001232166
2026-06-02,0.008028310139454042,-0.0016495632453182728,-0.0016763249485352407,-0.0024595837482246715,-0.0016584082783612773,-0.0022818712174239556,-0.002446142,-0.0033978898014385443,-0.0034132806704390527,-0.0024559299919644224,-0.0013394543649990415,-0.0023539501293319567,-0.0021668398,-0.007967694606575149,-0.007960167830848904,-0.002659676106996441,-0.0017616730322388451,-0.00441695660052921,-0.004662068,-0.0008752671141191988,-0.0008693037470097653,-0.0003806271136622997,0.0003299422094900034,-0.0005174974075148977,-0.0014611692,-0.0076820955438848025,-0.007416185046469703,-0.0005763808361290873,0.0005410195912200737,-0.002619887506159672,-4.1232226e-05,-0.01101457776729148,-0.010841267825711128,-0.0021773021054479025,-0.001120188887441644,-0.003066910529414115,-0.0042165783
2026-06-03,0.0009608067196733572,0.0023470547160162284,0.002355795184416212,0.0034244596248134153,0.002602791898878374,0.0060255116400823126,0.0057208072,0.0013886352573569136,0.001403382252075654,0.0032535711635211005,0.0026390352681451663,0.005728113991634331,0.005649208,-0.0009057780461264964,-0.0008777967535042004,0.0029871235116967917,0.0024137148186517067,0.003503750874171934,0.0032098203,-0.00041536842878207685,-0.0004112022429361734,0.0002900508001384556,0.0005865247337532881,0.00475344592507868,0.0012435591,-0.0033910233915554174,-0.0031297027212508093,-0.00028625209998430683,0.0005068710722068788,-0.003069988279498172,-0.0025337478,-0.0030020150632317924,-0.0024376741987524146,0.003421766315630759,0.002562083916214093,0.0035854246581492675,0.0040575783
2026-06-04,-0.004856662565946301,-0.0008256413499294867,-0.0008483508449473507,-6.261283016581165e-05,0.0005674052230990702,-0.003778351828386261,-0.0035218394,-0.002635700127493832,-0.002635472284651907,-6.48422534933883e-05,0.0007365864211231907,-0.0029519171921697095,-0.004544917,-0.0035459626262688013,-0.0035338548518381845,-7.09673341842165e-05,0.0005892770474533591,-0.0043757194882811535,-0.0046299286,-0.0010650624802048848,-0.0010583574352287688,0.00012650207448584026,0.0005039938455393566,0.0004601361642751816,8.37003e-05,-0.0006616204351436362,-0.0007264463672482716,0.0011933676056989483,0.0005113618848972612,0.002423256991559356,0.005394481,-0.005564385158948189,-0.005260186699667326,0.0013359087587260156,0.0006097500587458109,0.0013638872887023455,0.00057710847
2026-06-05,-0.004117937291957752,-0.0009565051485436464,-0.0008431977938173026,-0.002178180927720995,-0.0009189511104402826,-0.0005907684825496991,-0.00048259785,-0.0024274999736925615,-0.0022892312230030254,-0.002205600667703805,-0.0008309193055401131,-0.0006133794380457983,-0.0026655335,-0.0019212385604080277,-0.0017885738932548146,-0.0017753284870548368,-0.001080955890018655,0.0002653369230715084,0.0003523701,-0.0009419888788413135,-0.0009357647779893198,0.00021160958300377584,0.0004335356467963379,-0.00016804831616973277,-0.0006076492,0.00028308648054657117,6.649903221284256e-05,-0.00021452950262272708,0.00042558328569258666,0.0019456667222261619,0.0019140554,0.00032007034363045557,9.456686654045346e-05,-0.0038646989472779403,-0.0012585339845664857,-0.0029199635449826556,-0.0019384592
2026-06-08,-0.007383628995224711,0.00012910911469268815,9.031073417576242e-05,-0.002178180927720995,-0.0010477414109619637,-0.0014389968392889158,-0.002688506,-0.0022728794983200083,-0.0022957794734822117,-0.002205600667703805,-0.001048848099808933,-0.0008641628533136715,-0.0012745374,0.001598029909550464,0.0015677602763512202,-0.0017736651961306172,-0.0008186575861124219,-0.00046937989839995314,0.00032674332,-0.0019331568113699958,-0.001923059447788304,0.001770732004419604,0.0010640727853021136,0.005289442022738834,0.007724536,0.003461109247822845,0.0033018307706876525,0.0001138789345249893,0.0004630057273451177,-0.0002499585667055204,-0.0015839066,0.004117053581400212,0.004146454418993937,-0.0020796830521187313,-0.0009374234045568848,-0.002621986808158524,-0.0008823974
2026-06-09,-0.0005668592311218745,-0.0022576636307687025,-0.002067586515701521,-0.002436545270406532,-0.0016237878448327658,-0.0014969022140845138,-0.0017401655,-0.003070751264539151,-0.002885856520038368,-0.00241641765721171,-0.001577876733682667,-0.0006209010960486965,-0.00026542717,0.006850219688047882,0.00701354446154826,-0.002549231529184798,-0.0013141346699867332,0.002871209426016009,0.0023628462,-0.0017654110711392277,-0.0017559692204150172,0.0014657949069863806,0.0006554116642432311,3.014377633259171e-05,0.0033982634,0.008343147964911956,0.008465818590976452,0.0010551606071363233,0.0005141829523740673,-0.0014946725253340719,0.001183984,0.006779552142445619,0.007360969675600416,-0.002309276774705074,-0.0012858623976394114,-0.004130530650321126,-0.0027649421
2026-06-10,0.0009433687003959079,0.0015876422554375342,0.0013979835756831017,-0.0011691095773698431,-0.00033398852258447956,0.0007284676902643731,-0.0005500736,-0.0012416347308813836,-0.0014393401167493922,-0.0011772912813291221,-0.0007526080322001467,0.00010613687455828398,-0.0007169939,0.0013055303330833908,0.0011272511206347523,-0.0008513379641827036,-0.00015087316684032472,0.000980329239271008,0.0013833916,-0.002854046720833953,-0.0028403507253278093,0.0007947081292270236,0.0008303230114161948,-0.000448425680511657,-0.00050140487,-0.0020163650826295542,-0.0014494023115161616,1.8453286296760263e-05,0.00046176977144502543,-0.0026470337903060936,-0.0024726305,-0.001164133155536888,-0.0005598025151913687,-0.0011720216863346997,-0.00016936710632421912,-0.0022249181385847147,-0.0033481873
2026-06-11,-0.0029793953447629917,-0.0009467128279766132,-0.0008220664289352287,-0.0002287310292384674,0.00012244481310331285,-0.0019261961937173863,-0.0035434,-0.00810636747403046,-0.007973916877795388,-6.761522312963209e-05,-2.254317737949684e-06,-0.0051776565081861755,-0.004892101,-0.020815940969852183,-0.020614459042345372,-0.0017506932517756535,-0.0007586144486656179,-0.010538007752885357,-0.00956654,-0.0073121605327854415,-0.007281043225001259,-0.0008716065043151436,4.5053463194178715e-05,-0.001749111092310941,-0.0029474727,-0.018586332322106915,-0.018086720583054706,-0.0024758840910198933,-0.0013960626938854899,-0.009952546405525342,-0.010449746,-0.019506660034163268,-0.01900086068977379,0.00015147639587613957,1.783444375969342e-05,-0.0015135294820923812,-0.0073151714
2026-06-12,-0.0014673355457164305,-0.00190803047133,-0.0017332071773205368,-0.0022071968971243538,-0.0009932097525543171,-0.0013568788602057072,-0.002263867,-1.4252031718629214e-05,0.00014074742210050026,-0.0022359489408406413,-0.0011661520862979386,-0.0020151273003676815,-0.0018482519,0.003531328244579646,0.003671988131870022,-0.0027252161949564385,-0.002010900978776863,-0.002409839818076235,0.00024427887,0.0005812749563463269,0.0005815464826176816,0.001623026940952413,0.0010775564504631322,0.00431994158199823,0.0066167107,0.004353816380450422,0.004492079117349718,0.0006664506537952707,0.0005051112672001684,-0.00036043512760211023,2.4428344e-05,0.009388405454052718,0.009771850949233078,-0.0037971161705016654,-0.001404120840940862,-0.004532617609459509,-0.003876309
2026-06-15,-0.004514530855516341,-0.0006957477178541464,-0.0006322166732362585,-0.0019996672616090887,-0.0006688626360622078,-0.0010258633453088676,-0.0025865128,-0.005030950622769499,-0.004965411060971579,-0.0020280391050777995,-0.0008447364921992564,-0.0021375636067045693,-0.0025157211,-0.0073392303441144145,-0.0072508287643005265,-0.0019211578974940246,-0.0007346501179323306,-0.0029239187710476543,-0.0015063728,-0.004372256703521094,-0.0043526278827602195,-0.0005850100762728353,-0.0006602670848309559,-0.0009201870404806154,0.0036033976,-0.005845928070713591,-0.005758023934526174,-0.0022090638395287254,0.00031964634535276536,-0.005226397911048949,-0.0064775986,-0.007334345122093123,-0.006815898732842441,-0.0012735856036234468,-0.0005502560413606478,-0.002452518067936903,-0.003235708
2026-06-16,-0.0023296135293815468,-0.00130069772181318,-0.001228113569744268,-0.0022224476655650824,-0.0012621665053487933,-0.0012754330764374175,-0.0012173457,-0.0036942946625455175,-0.003606103918378097,-0.0022688475941310547,-0.0013435650034703095,-0.0007770851222053969,-0.0023875616,-0.00652889452120082,-0.006415379668601532,-0.002209744941960786,-0.0012895481139995485,-0.001331174083467331,-0.001961952,-0.0023122361754555265,-0.0023006574544526363,-0.0014580539545958587,-4.253785588088317e-05,0.00044444910515123605,-0.0005394924,-0.005032812916887117,-0.004926562138812054,0.0006717712263048679,0.0002856276734638882,0.002305368559356392,0.0023551462,-0.008720124811530615,-0.007739128137361563,-0.0018536307228985372,-0.0010576558819333324,-0.0025937766030418824,-0.0018108714
2026-06-17,2.9569504971682647e-05,-0.00048408667017364867,-0.0004516017980581103,-0.0021806269496994356,-0.0009314259783026067,0.0004899479100017498,-0.0019627744,-0.0030976053809114584,-0.003044917919302178,-0.002221886794509876,-0.0010789630283115715,-0.00017558312030578345,-0.0018475918,-0.008846919223751528,-0.008761235481855768,-0.0024146856676767955,-0.001094332538510725,-0.004417550158628617,-0.0023798493,-0.002166775902095826,-0.0021557656073272462,0.00046971883898821337,0.0007375198938687734,0.009724726183668393,0.004252986,-0.0057707713796271804,-0.006017954938323885,-0.0004076048134116935,0.00018294340995856848,-0.0010268485554771067,-0.0045404783,-0.004946488210566952,-0.005179961594847186,-0.0018542101771260129,-0.0007986958220530818,-0.002750370054735316,-0.00045209008
2026-06-18,-0.0018719946273302313,-0.0009574951294582963,-0.0008599570241265946,-1.8309495379038504e-05,-0.00022631061425382206,-0.001069085733495816,-0.00035227687,-0.0017522767082956375,-0.0016319933559240368,0.00017258375020673026,-0.00045548981386462126,-0.0007651006158193683,0.0004975769,-0.0067437668887412,-0.0066083400183892796,-6.120307504269392e-05,-0.00042418324032649223,-0.002402678412333847,-0.002285203,3.239672539185744e-05,3.4813145101865494e-05,0.00013164772832313345,0.0007830781214676806,0.003017292675535306,0.0027822377,-0.006091691224923831,-0.0059962445774855485,0.0002156140299060056,0.0003871766814139796,0.007872010942126412,0.0058893124,-0.004822649611163645,-0.004827722349780513,0.000263574058879979,-0.0002184517362775478,0.00019316508369137991,0.003179194
2026-06-19,0.0006071173588821921,-0.001694038676684959,-0.0015619352854090432,-0.0021806269496994356,-0.0008931564726052606,-0.0029348109215140902,-0.0039086984,-0.0018622675863677867,-0.001718987428930444,-0.002221886794509876,-0.0011333292941405411,-0.003129448229248202,-0.0023262703,-0.0014958074143335042,-0.001349634558733168,-0.0021607563231769954,-0.0009289135407743584,-0.0026017082784136614,-0.0021296423,0.0006783417688460832,0.0006782339797110223,0.0006766057897521007,0.0006774052383224947,0.0009950940575406092,0.00093215966,0.0006331197873932924,0.00068022643381221,0.001237171806833642,0.0007912368497304365,0.0028855123823885026,0.005636909,-0.003364285522352017,-0.0028556831023420315,-0.0037743464163459057,-0.0012826829699958953,-0.0009571151050431601,-0.00032688907
2026-06-22,-0.0005404645164839295,-9.271901193950603e-05,-0.00013673743462133052,-0.00011657536644612435,-2.9806410207269257e-05,-0.0013101713797920597,-0.0021191146,-0.0016126029050432698,-0.0016435422090145205,-6.41331515906148e-05,-0.00023276468229291566,-0.0019585811052875903,-0.0015628524,-0.0014482064867285937,-0.0014687481145250628,7.991614668628502e-05,-4.9768952726398724e-05,-0.0020957711810315667,-0.001457643,-0.0008564116728346238,-0.0008505219885750767,5.945688083956709e-05,0.00035493018585699065,-0.00016538776307265397,0.00055299053,-0.0009487874444985448,-0.0007138027471694251,0.003073332911654393,0.0005498342649421218,0.008716998002334806,0.00480089,-0.0017204829464057695,-0.001627236609522899,0.00028761975844189986,-5.555441630673169e-05,0.0005833762243403035,0.00062654156
2026-06-23,-0.00973751584969218,-0.0007355767509807547,-0.0007443684961123353,-0.001092662889693702,-0.00037661461136461355,-0.0013453141182494974,-0.0008337498,-0.0024332563738283476,-0.0024207127569693372,-0.0011265684682228456,-0.0005510081183125156,-0.002070790033761934,-0.0028920562,-0.004811844696432399,-0.004789096639643697,-0.0010577051375036302,-0.0003660956415132978,-0.001352438172408623,0.00014727148,-0.000708824664409653,-0.0007035117171896726,-9.203284409532959e-05,0.00046521985604249,-0.004457024326346449,-0.00650345,-0.0060281900628311215,-0.005755610979159361,0.00028149669160087217,0.00045420299828878656,-0.0012719532749726678,-0.0015314205,-0.006049901227105752,-0.005943132312576055,-0.0009652805886551458,-0.00022376626769364774,-0.002538366620343738,-0.0035881822
2026-06-24,-0.005421327365596085,-0.0021925669097522882,-0.0021889611479373075,-0.002478141670605647,-0.0020166188615273234,-0.005085909975160911,-0.0041900943,-0.004646467952648203,-0.004639648346209144,-0.002403756539029869,-0.002041942531782002,-0.006921442030091991,-0.0045614643,-0.007045933129296383,-0.00701929515112924,-0.002104448036456769,-0.0018055840827716299,-0.002881468172570218,-0.0018678807,-0.0025514560669351732,-0.0025389425280679615,-0.0009892813497929269,0.0005329015323808083,-0.0002344695019967005,0.00013745224,-0.0051872709450274355,-0.005102252170383129,-0.0014399841038833716,0.0006514202362721444,-0.005071645119604217,-0.0046367,-0.004489043247318718,-0.004413602844420271,-0.0019924519991638746,-0.0015246530047193405,-0.001208824554138956,-0.0033939146
2026-06-25,-0.003200581095488708,-0.00076656859417118,-0.0007606152041651074,-0.001523079793090796,-0.0015140274318832744,0.0011130754563439388,-0.0024518112,-0.0010055041664349923,-0.0009994400080018345,-0.0007998884783412724,-0.0013173264354752424,-8.139681147814574e-05,0.00089983025,0.0015748279754712194,0.0015658670246247073,-0.0009847366210973484,-0.0018009855204945751,-0.000724975309099063,-0.00052170246,-0.0003512315474330644,-0.0003473159941832834,0.002705075557679536,0.001363022812733311,0.011071684639705487,0.017567318,0.0016704855143239387,0.001748664993374964,0.0004554731724045706,0.0007995626221557964,-0.007451463325983231,-0.0022989023,0.002169639729544996,0.0023315449368389034,-0.0011593814993194993,-0.001089561154033012,-0.0031618380407939213,-0.0024499863
2026-06-26,-0.0007583432262503464,-0.00246071380338349,-0.0022117532958717484,-0.0024330921855045375,-0.0012302185686622364,-0.004597131352333692,-0.006866478,-0.006619129509306902,-0.006358530044919598,-0.002396681993236909,-0.001335853778799061,-0.006207019077729434,-0.009181561,-0.009334269713191373,-0.009050154746997687,-0.0024051724760943173,-0.001275389539898325,-0.005607067524721483,-0.006842542,-0.004251149991205094,-0.004231994428405596,-0.0020739256292887217,-0.00022469055386021983,-0.0066933205738963185,-0.005960535,-0.006637252546842772,-0.006651433351780244,-0.0015816964451928282,0.0004021539960943058,-0.0005856232742032,-0.0010154637,-0.010330230077274903,-0.010077509700140961,-0.0043733209079560844,-0.0016029745388494723,-0.007337017869881887,-0.0064942446
2026-06-29,-0.00626602863824921,-0.0007357209409938393,-0.0007120148827122711,-0.0015786711665900983,-0.0007209607085321771,-0.002074424138251054,-0.0042371806,-0.0038530215584499676,-0.003832489238687852,-0.0013900289639017574,-0.0007105427079710605,-0.0018674121504175729,-0.0022915334,-0.006167992865937687,-0.006121039272076212,-0.0011270852389410086,-0.00040770913335062326,0.00039631747972318433,-0.00051781826,-0.003938566050144447,-0.00392063199551635,-0.00011121779439388766,0.0002946503007589603,-0.0016269351027231628,-0.0010189173,-0.0055488221027696315,-0.005477379694399735,-0.001500020788701214,0.00044099271593329797,-0.004379605020547877,-0.0024156214,-0.00468443948792625,-0.00483058596910178,-0.0010698982853088817,-0.00048066344129867543,-0.0014949276626965743,-0.003946305
2026-06-30,-0.009398518800326272,-0.0026210831053486055,-0.002425987590942101,-0.002485092853814843,-0.001704502856556276,-0.005815019995162469,-0.0054989387,-0.002812976016881012,-0.0026155112247492735,-0.0024487383665685817,-0.001699192313085949,-0.004031520936773428,-0.0043675224,0.004849879063174446,0.005014335825632993,-0.004138763903807815,-0.005005509331245067,-0.004394364262343473,0.00078864803,-0.0006476744554286885,-0.0006426004695568035,0.0026927168098202165,0.0014780164546492039,0.009606650726251368,0.012419787,0.004044773162864075,0.0045264477262430105,4.2221767781402936e-05,0.0006313379491890542,0.002405092610819982,-8.895515e-05,0.004737133268183629,0.005588829415213434,-0.0022214382633123308,-0.001267854676138605,-0.003938225727849761,-0.0037833287
2026-07-01,0.016954519781212873,-0.001506112270631888,-0.0014652704639760727,-0.0026435754816806593,-0.001914935150230597,-0.0031572745218455783,-0.005296187,-0.005786996172276492,-0.005738186482307254,-0.0026194030329471964,-0.0020351883700983676,-0.003364191904584154,-0.006028807,-0.004254134624904272,-0.004197425769716755,-0.002291369046259112,-0.001665418175084165,-0.004772810623707467,-0.004279825,-0.004238401943782507,-0.004219296197502835,-0.001244816828348089,-0.00024768246886407104,-0.0044189208252428105,-0.0066823987,-0.004165206727280354,-0.0037323209806471936,-0.0005104108171264869,0.00020516029402342875,-0.00034056332070820565,-0.001285697,-0.007708632421909471,-0.007222102236782064,-0.0014748275859557624,-0.0014089154736180544,-0.0020405616005973928,-0.0031274378
2026-07-02,0.0033040838090938607,0.0032125976905711413,0.00312522277907717,0.0031463876954569924,0.0019538497135715483,0.0013517778459369726,-0.0010072923,0.0019869579272778826,0.0018947721384920569,0.0030962437496903483,0.0019704651680014333,0.00047769748700434556,-0.0018955913,0.0027664221795564822,0.002684428967250286,0.0032829403314365694,0.0024857432722819794,0.002347349714657263,0.0027730654,-0.0018200481570813528,-0.0018103927968380316,-7.698881413545748e-05,0.00040621863390793197,0.000799195346363825,0.0011138602,-0.0011237502530984929,-0.0009231276059562076,-0.00014309985812162304,0.0001333645428017325,-0.003637102978661475,-0.003455178,0.0029533635763029677,0.003408476169339771,0.0028201117499296936,0.0022158994861555875,-0.0010640283323635781,-0.0010447518
2026-07-03,-0.003126936891646892,-0.0017576504480724298,-0.0018141662395857014,0.0031348069749484037,0.0008983935322861906,-0.0034144062740463135,-0.0044162674,-0.003448394866695588,-0.0035182582672671787,0.0033327627667020464,0.0007980144618275588,-0.002384643631654708,-0.0018819567,-0.0005860244436741852,-0.0006580501005546686,0.0031326539907215985,0.0012828146344674074,0.000788337002407407,0.0017889539,-0.0017667972807717096,-0.001757350013050108,0.001985582342941086,0.0007653994915350101,0.005631853005098905,0.004341124,0.0017854451359832551,0.0018605571268641465,-0.001876264942676108,0.00022037999054405155,-0.0034387383809855085,-0.00042338588,0.0002961099159592158,0.0006679227523453019,0.0027916483717976854,0.0007070538571104001,-0.002173844417106644,-0.0023097806
2026-07-06,-0.009957453815145456,0.0001642822390720937,3.947926876645617e-05,-0.002221233083653345,-0.001031174325578081,-0.0035037316379283997,-0.0036796213,0.0005015821660589563,0.00035513330568600504,-0.0022116618613909184,-0.0012041378421698743,-0.004764090574569868,-0.0045032646,0.0027811141690306214,0.0026378110392747383,-0.002085679527617728,-0.0008292302183861874,0.0080208219151072,0.00072668865,0.00020004602481570695,0.0002018073085373578,-0.0003670871154656342,0.00023630141887880172,-0.004096615124883245,-0.004567418,0.002728286743481489,0.002740816392173009,0.0010885752219703896,0.0005940466153562678,-0.0019891169123219176,-0.001531967,0.00388647884895124,0.0037283354299561394,-0.0020676384150023898,-0.0007333884197919026,-0.0012208332826057113,-0.0015145098
2026-07-07,0.009309018707562622,-0.002082018100513325,-0.002004789402393926,-0.002466825510362881,-0.0020056371552832665,-0.005326995621457153,-0.0062838187,-0.005107871790687059,-0.005027223266277028,-0.002427354819772508,-0.0019850340317245437,-0.005449101305298435,-0.0044072694,-0.0077756496433690515,-0.0076641251193272,-0.002143945983087307,-0.001635831373057486,-0.006661467388078291,-0.007480817,-0.0027413005991287894,-0.0027280451902647234,-0.00011504276235234381,0.00027892855810034384,0.001095780765737824,-0.0016367142,-0.0032302379559291695,-0.0033585974176777228,-0.0008431062977322984,0.0005159861030817174,-0.002068095619070801,-0.0042488994,-0.004365062366738825,-0.004775915706412068,-0.0021353872994160886,-0.0013997616438122184,-0.0035450897969399003,-0.0035205607
2026-07-08,-0.011412397462352786,0.0018923139525566868,0.00184747758566181,0.003356997170688361,0.002235634474393449,0.0028657456813562334,0.003277449,0.0024259073350838553,0.002367725083123286,0.0033621876026305136,0.002327912685198707,0.0023748529641486,0.0047983304,0.006196700606653745,0.0061346030431647415,0.003937411185769218,0.0026539226926132827,0.0063646988551194555,0.006867992,0.0004393271474175363,0.000440153373997324,0.001247125185902241,0.0005207649191559114,0.00227637726223677,0.0036723649,0.005072325522264047,0.005039022833544422,-0.0010351772631443951,0.0003806302224879676,-0.006470528025647411,-0.0030121503,0.009804122207398543,0.009588570462794632,0.0035264923929600647,0.0023250290039320194,0.0022268518682060866,0.0011385956
2026-07-09,-0.007531369893407636,-0.003246688524118787,-0.003296517056305681,-0.0026098707397152286,-0.002240421654535166,-0.007220780943939757,-0.008611137,-0.0037424583062099642,-0.0037966457751926162,-0.002516917645688015,-0.00211127866067579,-0.006431997591093749,-0.008588163,0.007301476613325756,0.007206424951721125,-0.0021167565526253023,-0.002329339107165804,-0.000882257576988209,0.0027514102,-0.00017978765992643603,-0.00017654207106706935,0.0009892202438769907,0.0005375700163925306,0.0006971067633215191,0.0031870068,0.009723245792430427,0.009891610512647996,0.0003855352221779554,0.0009841672615082439,0.000902903590999456,0.0015690656,0.009515935387295837,0.00957781969840448,-0.0022778925431153644,-0.0016653935963985079,-0.004642530784481348,-0.004743009
2026-07-10,-0.00043823400090126086,0.000733379618213066,0.0006681472148390589,-0.0014328396444665795,-0.0016635684318345517,-0.00014696902368419956,-0.0017703794,-0.0008179637596921819,-0.0008867467161238758,-0.0013601139792547676,-0.0014477419574884603,-0.00035990928669302707,-0.0002045135,0.008072409969483482,0.007969892406065163,-0.001110460280188233,-0.0012642333745045483,0.0007522346195053606,0.004407586,-0.001274626108689774,-0.0012671021358962025,0.00034394207763607906,0.000550385455080757,0.0023759211217557743,0.005179392,0.006604230027930989,0.006559673432442286,2.8024646953035467e-05,0.0005395326207025733,-0.002805044145232547,-0.0027386171,0.0081931325592972,0.00834101729438409,-0.0034042624258978763,-0.0019803993575019463,-0.004525856130417142,-0.0038823336
2026-07-13,-0.011835464671410278,0.0018537983912810608,0.0015395951060010221,-0.001408661198761533,-0.0005758313606399871,-0.0043750572914004245,-0.007337135,-0.0003153275575440421,-0.0006534566424991122,-0.0012902348234217365,-0.000673209846230808,-0.003872644834446858,-0.007026622,-0.000500608908878548,-0.0008197634441409515,-0.0009164275759151334,-0.000403186675355194,-0.0018956092743630387,-0.003950546,-0.002309957121763917,-0.0022983873067934247,-0.0005112330917836553,1.5451154654390248e-05,-0.0011089969400300368,-0.002706602,-0.001190478596032359,-0.0011719240226650278,-0.000841806397269344,0.0004407689374672666,0.0020211141957798178,0.001288431,-0.0010814270680605436,-0.0013794523050934507,-0.000763302534707119,-0.0003382192131636881,-0.0008818952490585234,-0.0009068597
2026-07-14,0.0023744441804476324,-0.0011562502883940033,-0.0014435928743286312,-0.0026604392642093832,-0.0022994493092777825,-0.006828609399757085,-0.0077415733,-0.0024149691165165454,-0.002719667936868269,-0.002617286626892758,-0.002119840326902769,-0.005905263744591022,-0.0051799985,0.0029819539031567086,0.002666836324611143,-0.0021368567669050108,-0.001732251635592296,-0.004319984435583476,-0.0019456436,-0.001191892046397422,-0.0011846913798261721,0.00033289481140685883,0.0004100657140345432,0.00012484285367658164,-0.002402906,0.005064367979599812,0.004844115270156919,-0.0005577610782809671,0.00038308746649491155,-0.005751879619168762,-0.00016584527,0.007326784426450084,0.00685024335237444,-0.0024428152222716612,-0.0017211198774370658,-0.004368999000501178,-0.003897064
2026-07-15,0.0054194590098699535,0.003748744603142157,0.0034101546275416275,0.002976365978241948,3.843629749385337e-05,0.003104404878609725,0.00049943174,0.004755158319466248,0.004382433368150092,0.0029499385906025296,0.00041911280890115187,0.0034932806562962245,0.0016204361,0.017434308087194227,0.017029468423381267,0.0037027679387925143,-0.00028161898900192303,0.0070415067866176715,0.010164656,0.0002110025954618149,0.00021272106335444422,0.0002554277891837037,0.000487100786547973,0.0022392270483196208,0.0016134493,0.013352949279883296,0.013204006718225926,0.0015334697549668605,0.0006932610759959045,0.002264408260187342,0.0028859226,0.018610820038379633,0.018337144784147923,0.0029757033106328048,0.0004573310204233297,0.0022854744262485764,0.0039701164
2026-07-16,0.0028950944357051256,-0.0024243998841494254,-0.002034268479703876,0.003160355361123328,0.0008422406671458093,-0.000778732092641798,-0.0022960892,-0.005337634291170633,-0.004924316421573182,0.0029376117288093884,0.0012830683418802637,-0.0004286016496415045,-0.0029777146,-0.009564611081950291,-0.009132068540401498,0.0026603703044866095,0.0009394711984607922,-0.0028349516893231338,-0.003946968,-0.0027405668083648506,-0.0027273142669910697,-0.0019803089473802195,3.090974296567085e-05,-0.0005890189516887577,0.0015946238,-0.006681940487265945,-0.006486414007166526,0.0002538948220111803,0.0006082075546591614,0.001284134857183803,0.002381455,-0.009649447527696135,-0.009042339038548088,0.0032274852349290727,0.0011528193257063961,0.000910242066422491,-0.0001858718
2026-07-17,0.03023352954618641,-0.0035362475403794384,-0.003001297964328261,0.003241425217644194,0.00038747582943594996,0.0012284992625730597,0.0009310535,-0.004790590025472555,-0.004228689549457628,0.0031401562480583445,0.0006502348681685252,0.002367713425742542,0.001651623,-0.00650533937393516,-0.005958337560260201,0.0031641747617775482,0.0008621793961802718,0.0012638660705022895,0.0017599696,-0.0005518472034210511,-0.0005471476890302502,0.0005689884313383956,0.00045782326758564884,-4.411641040176276e-05,0.0004259672,-0.0021986992499052325,-0.0022132575402470022,-0.0005334400133228607,0.0005669375461301293,-0.00397363134588884,-0.0035939289,-0.004250131420680894,-0.0039421822702268355,0.002962139750246157,0.0005379096863864291,-0.0005137644347383398,-0.00072345574
2026-07-20,0.015453966963226762,0.003184417574788603,0.0033647200478915114,0.003622183177488808,0.002676640069728438,0.00469502618322921,0.0028575119,0.0011920559768404328,0.0013761090624097945,0.0032994444241105218,0.00275430919745606,0.0005303827755747323,-0.0010550084,-0.0024374411318428893,-0.002229150070551576,0.0034792783755835093,0.0024680143285339164,0.0037811566881995468,0.003233697,-0.0025469684329632817,-0.002534472430766532,-0.0018330464069332938,0.0002633030533495447,-0.002154948697747797,-0.007875476,-0.0035832726653486123,-0.003614514878765937,-0.0007220757435925298,0.0005017592056221233,-0.0070939050394786185,-0.0016620996,0.0053720272065788215,0.005606572480521125,0.0032029983536660737,0.003103685890317743,0.0027147153305354214,0.0024561964
2026-07-21,0.0026626381709426994,-0.0009966132793989297,-0.0009581423856185735,0.003627174823808816,0.003559933765452246,0.005348515414786446,0.004616194,-0.0013238578812013982,-0.0012915693033795311,0.0036358605048166398,0.00370168560036369,0.005596971145851654,0.0053167073,0.003936580406452162,0.003954030111902502,0.004073150988165014,0.002987934293832627,0.006729384671587512,0.004409899,-0.0006751591360517866,-0.000669977746191538,0.001263309135983445,0.0007088937829985406,0.002632164626062213,0.0037436052,0.004543326109812061,0.004596744531130058,0.0001274281467840288,0.0007364698204307119,-0.003626797247735765,-0.0031880776,0.005144730429830438,0.005606598344054783,0.0032175597869118855,0.003465873052643299,0.0028086490331910826,0.0033208386
2026-07-22,-0.005129602369775554,0.0012821242271918434,0.0010138699591627034,0.003636536633992267,0.002164671014994933,0.003057766858109158,0.0029205643,-0.0009989680473595519,-0.0012939442908158553,0.003246324942733243,0.0021983809357185437,0.0021127104773702816,-8.7565175e-05,-6.474361398551361e-05,-0.00034414164215540487,0.003184913910362346,0.0018477474030735136,0.0015668893218492423,-0.0008521357,-0.002662900715210431,-0.002649951675568395,-0.0009060442014828648,-9.993760839273664e-05,-0.0008579906405007377,0.0040483484,-0.003643707015621428,-0.003308691967144936,0.0006022115881176258,0.0006544677682756072,0.0005422402115330822,0.00010981552,-0.0004305362771970786,5.795829057511214e-05,0.003164923863589787,0.001522745858497446,0.0025442787615217555,0.0023192985
2026-07-23,0.0052139563558268875,-0.0005564194426224359,-0.0005324428529038965,-0.0021297292794303885,1.5538090468856537e-05,0.00012577076271364282,0.00014892683,-0.003862865613804177,-0.003841486596466018,-0.0021685448657327027,-0.00028871906621735327,-0.00014880458149629173,0.00030002612,-0.009038735746814656,-0.00898257015930764,-0.002089574152063496,-0.0005503954203080863,-0.00044429634464949054,-0.0017468072,-0.0034290731902518736,-0.00341313011983594,-0.00024206135047452927,7.339445377596993e-05,-0.0017283535183590497,-0.0009941397,-0.008119465718961678,-0.008035553482890678,-0.0009495712307035319,0.00039389218931341603,-0.005051249264641476,-0.00254846,-0.005179203273427045,-0.005099655966734182,-0.001995208466543683,-0.00020696922403072113,-0.002295319483018765,-0.0028505826
2026-07-24,0.002885751235390366,0.000680994633449776,0.000812758259889617,0.0036825919626137242,0.002701414076263648,0.00476592962119332,0.005128323,-0.00013512949454055846,1.3237136063335873e-05,0.0035286683256164487,0.0027521996953343373,0.004871245349661073,0.0048655686,8.060016457820372e-05,0.00023893840789249784,0.0027032713508135424,0.002503740353744387,0.0032357266811592097,0.0040369,-0.0005712450973169808,-0.0005664697802927453,0.0008605330741674505,0.0005050524010333632,0.0037793710702496,0.0061922907,0.0018324296596222813,0.0016883690423947118,0.0005016201580877974,0.0005649892561009065,0.0025235995382558167,0.0016951067,0.0024969859906647687,0.0029158194628670646,0.0034672194190408586,0.0026016457924809364,0.005056228383118956,0.006870719
2026-07-27,-0.012244630460909178,0.0008383525630543294,0.0007589232195300923,0.00346590909039225,0.0019933370704224448,0.0025716958606024683,0.0014446587,-0.001419479452000536,-0.0014983397527428242,0.0032262078548702545,0.001972634365884605,-0.0006840546942271095,-0.0007591789,6.667431337840208e-05,-1.0284375016676077e-05,0.0034760307986290147,0.0017593874831075599,0.0024379239912602755,0.0049148714,-0.0021030957451906307,-0.002092334298241137,-0.0005007411405018549,-3.0260101696218817e-05,0.0031395809892064003,-0.0041819564,6.685272241116014e-05,-3.5854438015843525e-05,-0.00048667426507949664,0.0003888389616270091,-0.001050327954460076,-0.003876594,0.0009918980969987328,0.0008880747314743975,0.003210549760306004,0.0017416894436788541,0.0022314849952171276,0.0032162196
2026-07-28,-0.0017228639364654796,-0.0002548463375744562,-0.00031336525014685106,-0.0023692400547443058,-0.0014238266858480786,-0.0023119162747631357,-0.003275003,0.00022625067513575231,0.00016556773420496184,-0.0023984278533368012,-0.0013315682093846593,-0.0025616900944765144,-0.0034655102,0.004405839544903192,0.0043406138336010295,-0.002227871087884559,-0.0010945921071641885,-0.0016717862986324774,-0.0019584256,0.0006650144065912795,0.0006649586978089174,-0.00022014081154584912,0.00033206171549550895,-0.0001795865313332598,0.0020275419,0.0028609967464376176,0.003048082267036115,0.0014517553028462662,0.0006822107375316998,0.0016281138562384719,0.00034375544,0.0038241990925878366,0.004057281389519343,-0.002084580022567954,-0.0009262183068162026,-0.0023629021708282813,-0.0022728697
2026-07-29,-0.0028929284596364013,0.0019848070216943944,0.0021119552504733413,-0.0007192015945207843,0.0001803136047640273,0.001389235455125055,-0.0007600015,-0.0014875697652057202,-0.0013519575219427785,-0.0005761634801635967,-7.218034808686583e-05,0.0014383010261375313,0.0012141262,0.0034251228380973364,0.003559509215288633,-0.0004631861418070357,-0.00013060477256883623,0.0019407584164619588,0.0018693509,-0.0038065397773060826,-0.00378912165184109,-0.0010228300490799053,-0.0004055147484363103,-0.0026418142384079597,-0.0040448853,-0.0005399624383126651,-0.00022289950486843106,-0.0010811799451352197,0.0005605036614275985,-0.0010330435141136037,0.0027902112,0.004934025361407402,0.005134993515947463,-0.0011841065757080564,-0.00012621149968546002,0.0018742761993172474,0.0026801294
2026-07-30,-0.006080452048557561,-0.000528756637010552,-0.00035116573973468027,-0.0024469468314781955,-0.00040898547201056594,-0.004556500786848629,-0.005426105,-0.000638674764376236,-0.0004474021618824484,-0.0024282082136684387,-0.0005257077800875713,-0.003166869633598332,-0.0023347095,0.011202562723067638,0.011344543130880165,-0.002090044979630901,-0.0008777526541042223,0.0013209475646716142,0.0029536432,-8.106674862939814e-05,-7.820693902480598e-05,0.0012371161333378886,0.0011439882944812422,0.0033602048256769312,0.0048946254,0.009709667195255877,0.009946114189313229,0.0006568065731967196,0.0008827571736636953,-0.0003914307693017478,-0.0008594176,0.010608685412730998,0.011451025723715643,-0.002424577621563842,-0.000453343525165966,-0.0035496974093362646,-0.0019372168
2026-07-31,0.004837527070611358,-0.0003160301689808143,-0.00010490747678944907,-0.0022654656344139974,-0.0011404644224754618,-0.0006275154608037338,-0.0015874307,-0.00183365543486496,-0.0016285915741239211,-0.002298052798956465,-0.0013563508729626894,-0.00014462736779077425,-0.00078303006,0.00991364907552049,0.01007776387467351,-0.0018913805651617766,-0.0007752500259011132,0.007983664625731704,0.002728376,-0.0022500352758074924,-0.002238699622016973,0.0002114358137642765,0.00017128598706146004,0.002303259478092118,0.004825161,0.010003969925242499,0.010079358486298068,0.002224608072836508,0.0008327376070889849,0.0004378461121043627,0.004454225,0.01094558735662794,0.011240676798815125,-0.002972152207963985,-0.001369647052845798,-0.0016594877715884952,-0.0010715426
2026-08-03,-0.0004506626866120911,0.002363650969978102,0.0024079085949591616,0.0035508570887036396,0.0014685339190333615,0.00358388227144369,0.0031077724,-0.0014587307179354347,-0.0014063027900045734,0.003237117298526329,0.0018274195944230412,0.0025713310536103814,0.0013816066,0.0004242273667965529,0.00048310138403494175,0.0029877376208230968,0.0012817036347143721,0.0021790638322976654,0.0023043747,-0.004107216548326068,-0.004088623445248643,-0.0022502564548181774,-0.0008947626656803871,-0.004042132657358383,-0.0010369248,-0.0002603551089488597,-0.00023823842564367004,0.0002001511453752794,0.0006012790166724152,0.0003954106433664893,-0.0010774311,0.0018645685063610321,0.002355948001577615,0.003559136764449456,0.0014366441373444493,0.003243531268691755,0.00439619
2026-08-04,-0.00791026488348745,0.0005624697655873573,0.00044943046681044296,-0.001075171898151223,-0.00013544850249549485,-0.003936497129626904,-0.0014897761,0.0004289792046674138,0.00031263324719116607,-0.001109077476680367,-0.00019999538742103656,-0.003842901024738129,-0.0024692586,-0.0010013231761838457,-0.0011215957729978777,-0.0012232778904391873,-0.00019922790706690014,-0.004844371990112239,-0.00450484,0.0005602365683000459,0.0005605903078892771,0.00023643843224995835,0.0007079941983720666,-0.0002689462432499957,0.00038447228,-0.001073994173670649,-0.0010282393669229705,0.0003112126881181157,0.0006622226531129064,-0.00024263385830585444,-0.00026363425,-0.0014283224696146615,-0.0015394284715556116,-0.0010091701899186051,-3.6970054891730135e-06,-0.001488670725122882,-0.0023236484
