,NEPSE-only|LSTM,NEPSE-only|GRU,NEPSE+PCA|LSTM,NEPSE+PCA|GRU,NEPSE+PLS|LSTM,NEPSE+PLS|GRU,GlobalPCA-only|LSTM,GlobalPCA-only|GRU,Foreign-only|LSTM,Foreign-only|GRU,Combined|LSTM,Combined|GRU
2023-05-02,-0.0012493844,-0.002344271,0.0016593873,-0.0010740247,0.0012099417,-0.0011867771,-0.00085114146,0.00020526987,0.0058317804,-0.0031036255,0.0018908984,-0.0004146655
2023-05-03,-0.00091300457,-0.00046002032,0.0032637515,-0.0011076508,0.0013785578,0.0028635364,9.9943834e-05,0.0010062357,0.0039847004,-0.0012434255,0.003780172,0.00094817317
2023-05-04,-0.00031815103,-0.00014191889,0.0009922867,-0.0007515427,0.00021206605,0.0023986746,0.000701105,0.0018217622,0.00817062,0.0054066703,0.0066565857,0.0040826667
2023-05-07,0.00025615265,0.00069167034,0.0011544926,0.0014371371,0.00021373943,0.0018899203,0.0007864449,0.0010065039,0.00625262,0.0023935682,0.004536732,0.0004936847
2023-05-08,-8.212152e-05,-0.001327099,-0.0019811904,0.00054689293,0.00041881274,0.00059471343,0.0010424675,0.0019167382,0.0058419285,0.008967943,0.0028901706,0.0003430052
2023-05-09,9.36212e-06,-0.00030102296,-0.00092373433,0.00014067203,-0.0018164122,-0.001357188,0.0026662282,0.0011959019,0.005228606,0.00625364,0.0043253493,-0.002895546
2023-05-10,0.0012170093,0.0017208904,-0.0011435926,0.0014723069,-0.0019055447,0.0013740787,0.00085882714,0.0014345588,0.0055036736,0.009950481,0.0072588604,0.002950949
2023-05-11,0.0002288495,0.00013749843,0.0014222171,0.00094874087,-0.002343285,-0.0040709754,0.00027287222,0.0026141142,0.0063071977,0.0077711158,-0.00042327185,0.0021601617
2023-05-14,-0.0007272312,-0.0014976796,0.0005600495,0.00016535528,-0.002554251,-0.0012680357,0.00019677606,0.002027036,0.006151574,0.005099,-0.00021773926,-0.0005572143
2023-05-15,-0.0019825706,-0.003254201,0.000424563,-0.0002463106,-4.9530063e-06,-0.0012229178,0.00012783165,0.0019916194,0.005080661,0.009760112,-0.0014085914,0.0030610738
2023-05-16,-0.0021546911,-0.0021038018,-0.00081949186,-0.0018761372,-0.0029828919,-0.0026403551,-3.5986828e-05,0.0020141471,0.0032120494,-0.0016012911,-0.004756195,-0.0036485095
2023-05-17,-0.0016154076,-0.0014068852,-0.0019363698,-0.0034812402,-0.002008338,-0.002221978,0.0015285204,0.0013985559,0.002414153,0.00013643451,-0.0017217873,-0.0049468665
2023-05-18,0.0003518961,0.0008930042,-0.0012882454,-0.0009958039,-0.000182922,0.0024857994,0.0011165624,0.0018071458,0.0022458325,0.004121871,0.006944656,0.006896076
2023-05-21,0.0023465457,0.0016411443,-0.00026961876,2.6130176e-05,-0.0008033235,0.0026268628,0.0005264541,0.0015315901,0.0018716785,0.0016555698,0.0019438129,0.0019010797
2023-05-22,0.0016952255,-0.0005702646,-0.00010776933,-0.00011192303,-0.0034479646,-0.0016315742,0.0013551391,0.00058170053,0.005537418,-0.0020147772,-0.0032055157,-0.004248372
2023-05-23,0.0009548593,9.170733e-06,0.0014389965,0.0003440482,-0.0043850737,-0.0010925487,0.0025935646,0.0012301663,-0.0005918787,-0.004330449,0.00023789998,0.00231877
2023-05-24,0.004209481,0.0040435186,0.0045700786,0.001632265,-0.0033822546,0.00045233383,0.002793562,0.002219407,0.0005964989,-0.00048390118,0.0028579663,-0.00011561299
2023-05-28,0.0033217994,0.0022092978,0.0047082677,0.00017537992,-0.0017332984,-0.0012427673,0.0014438756,0.0011314967,0.0011189274,-0.0017662593,0.0021374489,-0.0023701198
2023-05-30,0.0008802458,-0.00047799217,0.0056331595,0.002385978,-0.0027477888,-0.0026063402,0.0004347697,0.0020475148,-0.00062321866,0.0035391941,0.00419685,0.0014797852
2023-05-31,-0.0009273192,-0.0021453314,0.0077588605,-0.0019514542,-0.0030725508,-0.00608403,-0.00023089594,0.0023388704,-0.0021048451,-0.0011044692,0.004087666,-0.0047562537
2023-06-01,-0.00060262595,-0.0010929196,0.008138444,-0.0033586987,-0.0015738427,-0.0030815757,2.283568e-05,0.0024588797,-0.0016897758,0.0019025682,0.0003641645,-0.0005262519
2023-06-04,0.00076432864,0.0009143773,0.0030610883,-1.0682503e-05,6.68111e-05,0.0033412217,0.00026811875,0.0015162027,-0.00071180525,0.00067617546,0.0012464481,0.0059200902
2023-06-05,0.001248342,0.0036740038,-0.00028784433,-0.00082715595,-2.010673e-05,0.0022110727,0.00061441795,0.0005927085,0.002240591,-0.00682674,-0.005798803,-0.00023499574
2023-06-06,-0.00079301797,0.00019066123,-0.0026689183,-0.00029236183,-0.0029668496,-0.004941108,0.00055080664,0.0006937332,0.0008996992,-0.004860012,0.0004994692,-0.0051255478
2023-06-07,0.0020777555,0.0012329427,-0.00084999815,0.0055995057,-0.0025703073,-0.0007280799,-1.789711e-06,0.0011094844,0.0010712105,-0.0007376236,0.001141301,-0.003272792
2023-06-08,-0.0013970323,0.0011245508,0.001498328,-0.00016653672,-0.0019340364,-0.0024369217,0.0013702079,0.0012043894,0.000128516,-0.0067846407,0.0041224654,-0.0046464736
2023-06-12,0.0022923849,0.004372498,0.0007375098,0.0027727198,-0.0016790566,-0.00046043523,0.00012737227,0.0012041107,-0.0012700069,-0.0002912102,0.0026344014,-0.0044132126
2023-06-13,0.0023104672,0.0003100003,0.0005526858,0.0019210046,-0.0007479387,-0.002933167,0.00025570623,0.000138657,-0.00051215925,-1.0476622e-05,0.00311729,-0.0048381253
2023-06-14,0.0058546662,0.003901923,0.00054587505,0.00525377,0.00015167246,0.0023263795,0.0016150675,0.0004033783,-0.0012016469,0.0007777602,0.0018385474,-0.008298905
2023-06-15,0.005934992,0.004986109,4.455523e-05,0.001413866,-0.00083126716,0.0012306909,0.0019910964,0.00080689386,0.0017880839,0.00517809,0.002685441,-0.0036932814
2023-06-18,0.0026934517,0.0032554835,0.002195321,9.501958e-05,-0.00013806793,0.0035587365,0.0011571294,0.001721319,0.0012867416,0.0039908285,0.0047865016,-0.0009898085
2023-06-19,0.0067521757,0.005448447,0.0026782118,0.004543453,0.0023562924,0.008008965,0.002260066,0.0029805654,0.003745503,0.0032788683,0.004697654,0.0012503222
2023-06-20,0.0031118395,0.0026249147,0.0004956369,-0.001874258,0.0013574633,0.0024871205,0.0020807593,0.0021092352,0.0016629449,0.0025032468,0.005212629,-0.0008580224
2023-06-21,0.00245595,0.0009892833,0.0032458573,0.00010755437,0.0014375761,0.003936415,0.0023803776,0.0023290077,0.0036443523,0.0032799263,0.008549081,0.0057938034
2023-06-22,0.002801812,0.0006232832,0.002334275,0.0023329179,0.0026969486,0.0032321091,0.0013588646,0.0015723677,0.005083564,0.0050050206,0.0082685035,0.005607332
2023-06-26,0.0055477032,0.002529487,0.003352462,0.004281005,0.0016944949,0.0025842863,0.00021516145,0.0019073526,0.003927495,0.006032611,0.005006046,0.009643537
2023-06-27,0.003365033,0.0019192409,0.0028597163,0.0008451453,-0.0012346476,-0.003303725,-0.0010102612,0.0012985737,0.00075484,0.0009631086,0.0007263943,-0.0006034106
2023-06-28,0.005539412,0.0029769756,0.0015291739,0.0029839012,-0.0032580507,-0.002557562,-0.0024034502,-0.0007453234,0.0037104718,-0.0049258773,-0.003104501,-0.0074864803
2023-07-02,0.00073733047,-0.0014165444,0.00020817618,-0.005977704,-0.00032159925,-0.0050489362,-0.0016322662,-0.00066168833,0.0018175652,-0.0026112252,3.1086034e-05,-0.0067500873
2023-07-03,-0.0014148916,0.00012121018,0.0014573853,-0.0036026428,0.00021935432,-0.0042709154,-0.00040346623,-5.168398e-05,0.0012396793,0.00052892277,0.00031732608,-0.0048069465
2023-07-04,0.0013017578,0.0003719839,0.0005125635,-0.0018428187,0.0019132656,-0.0006195143,-0.0014824823,0.0012597605,0.002798309,-0.0021891387,0.0045053107,0.0044938587
2023-07-05,-0.0006325824,-0.0004993005,0.0012576506,-0.0018010158,0.0016857695,-0.0008212474,-0.00025504484,0.00024106781,-0.0010946635,0.0031396386,0.004203471,-0.002678735
2023-07-06,0.0006478719,-3.7781138e-05,0.00053051795,-0.0008038778,0.001870225,-0.005084227,-0.0002179764,0.0022885054,-6.879034e-05,-0.00045149104,0.003427052,-0.0018528823
2023-07-09,0.0031706744,0.00046574732,0.0017647832,0.0028960758,0.0015457899,0.002101465,-0.00014385598,0.00141007,0.0012974567,-9.03593e-05,0.004045974,0.0015149747
2023-07-10,0.0012930353,0.0025763256,0.0017795383,-0.0010581873,0.0014359832,0.001770918,-0.0022597818,0.0010656851,0.0006752551,-0.000993694,0.004965583,0.0018007543
2023-07-11,-0.0010597836,0.0014451946,-0.0012759501,-0.0030485261,0.0009820941,-0.00320776,-0.001263595,-0.00079242006,0.0003282137,0.0030476851,0.002282697,0.00055942545
2023-07-12,-0.00054800935,0.0019136285,-0.0003051104,-0.0022246744,0.001252512,-0.0021155265,-0.0034836151,-0.0008846053,0.0020440316,-0.0049098963,0.0032882688,-0.005477849
2023-07-13,0.0003581446,0.0018835033,-0.0015743403,0.0018138331,0.0020820326,-0.0008685949,-0.002439983,-0.00030546676,0.0034820242,0.0012155359,0.0026676797,-0.0023446898
2023-07-16,-0.0009285829,-0.0016482898,-0.0014852074,-0.0008613369,0.0017509181,-0.002208518,-0.001256946,-0.00054978457,0.001792527,0.0010119955,0.0035739676,-0.0011710669
2023-07-17,0.0017153663,0.0016667447,0.0021733034,0.0010786421,0.00082262646,0.002602689,0.00036445446,-0.0008409961,0.0020307978,0.0009292522,0.002835384,0.0025999313
2023-07-18,0.0028857004,0.0031762554,0.0015192417,0.0023382313,0.00025821224,0.003555362,0.0005285507,0.00027298526,0.0025223242,0.0034829478,0.0046072584,0.0031945284
2023-07-19,0.00305298,0.00058130466,0.001361453,0.0014068021,0.0008885495,0.0017785698,0.002100767,0.0009879572,0.005264523,0.0051962747,0.005651994,-0.0012087752
2023-07-20,0.00429302,0.0018576216,0.0022492094,0.003715143,0.0007642015,0.0027240291,0.0020004443,0.0015282943,-0.0008574416,0.00017352775,0.0015942673,0.0021547517
2023-07-23,0.0028604711,0.0019752646,0.002650946,0.0018933769,0.001693303,0.0019452553,0.0017332511,0.0015466968,-0.00070095604,0.0015426014,0.0038612816,0.0011602279
2023-07-24,0.004575828,0.0042886697,0.0036716973,0.0067745093,0.0038977584,0.007157162,0.0012632449,0.0022317613,-0.0008327704,0.0051422166,0.003204008,-0.0013493809
2023-07-25,0.0022820279,0.00015647494,0.0019011898,0.0007982008,0.002700759,-0.0016368206,0.0013493369,0.0019371349,0.0024136067,0.004224345,-0.0020393508,-0.005536937
2023-07-26,0.00071538734,0.00017248734,0.0019292627,0.0015654397,0.0009729133,-0.00094459864,0.00031047,0.0016028397,-0.0011846961,-0.006895936,-0.0030756148,-0.0028783458
2023-07-27,0.0007224908,-0.0014893294,-0.0006680821,0.00047711201,0.0015181323,0.00058657344,-0.00043567392,0.0008588306,-0.0074242037,-0.002988037,-0.0028523982,0.0009089203
2023-07-30,-0.0023259155,-0.0029906398,0.00030737318,3.1480216e-05,0.0032987196,0.0006109294,-0.00023416308,2.020382e-05,-0.0045579113,-0.0017278267,0.0015837394,0.0017962579
2023-07-31,-0.00034032977,-0.00024691725,-0.0017100559,-1.7141632e-05,0.0035772473,0.003332123,-0.000646361,0.0013626143,-0.003894698,-0.011578573,-0.0018603655,0.0013476466
2023-08-01,0.0005524403,0.0012892709,-0.0015983116,0.00062397623,0.0022341853,0.0037727633,0.0007924177,0.0020569453,-0.0012467543,-0.005760402,0.0014115323,0.004357726
2023-08-02,-0.0005753616,-0.0004528631,-0.0028308171,-0.0018715004,0.0013379118,-0.0026894056,0.0008337221,0.0010202979,-0.0039178585,-0.0037766665,0.001164959,0.00019573982
2023-08-03,0.0009815079,0.0016693545,-0.00025557767,-0.00029566785,-0.00054595567,-0.0023206836,0.0009021704,0.0013701487,-0.00090338924,-0.0066699754,-0.00077581365,0.0012301886
2023-08-06,-0.00068741984,0.0020921992,-0.0005041182,-0.0020860424,0.0009895243,-0.0010675201,0.0007016505,0.0007037713,-0.0019615237,-0.0029686335,0.0018057676,0.00011150498
2023-08-07,-0.0007552774,-0.0007138474,-0.0021175093,-0.004328724,-0.00059078034,-0.007724301,-0.0010085532,-0.0014997146,-0.0037122865,-0.005644007,0.00066768064,-0.00025031978
2023-08-08,0.00083131716,0.0010792147,-0.0042242906,-0.002014313,0.0011498379,-0.0016096334,-0.0016308301,-0.0006015045,-0.0035328341,0.0019071565,0.0005584681,0.0019191566
2023-08-09,0.00013231544,-0.0006088032,-0.0032631021,-0.0032428543,0.00251825,-0.0014041297,-0.0017056537,0.00018782838,0.0023099254,0.0035771122,0.0019071433,0.00021231399
2023-08-10,0.0013912551,0.0029555133,-0.0002154868,0.0015955376,0.0017306574,0.0015164643,-0.0023890103,-0.000623294,-0.0016797334,-0.003821357,0.00279989,-0.0019063004
2023-08-13,0.0012688793,0.0015397249,-0.0018243846,-3.1126663e-05,0.0008122001,-0.0011494644,-0.0016034734,-0.00022423937,-5.6765275e-06,0.00096030044,0.0030712865,-0.00082244555
2023-08-14,0.0018053125,0.0027581174,0.0021818439,0.0025950593,-0.0011850421,0.00024117305,-0.0010366442,0.003110748,0.00024214145,0.010792261,0.0034634157,0.0008750348
2023-08-15,0.0020973177,0.001059795,0.0027183187,0.0015806418,0.001024585,-0.00081524096,-0.00050685654,0.0017770268,-0.00078404526,0.0019889346,0.0022670869,0.0021926488
2023-08-16,0.00085780665,-0.00057698385,0.0046509113,-0.001049198,0.00035179997,-0.0017525938,-0.0008776668,0.00044605543,0.009084959,-0.00082671334,-7.459405e-05,-0.0053438656
2023-08-17,0.0012694548,0.00054097443,0.004351747,-0.00045191537,0.0036189973,0.0007266712,-0.00089945836,-0.001718187,0.002047773,0.0023127047,-0.0029736287,0.0010433793
2023-08-20,0.0013102667,0.0005270589,0.0020785655,0.00068478624,0.0028878737,0.0024961755,-0.00071480084,-0.0014851338,0.0020796258,-0.001136323,-0.00044244627,0.0005292632
2023-08-21,0.0007460955,-0.0013074074,0.00065564003,-0.0001600883,0.0025442864,-0.001849731,-0.0010940556,-0.0010979106,-0.0031628946,-0.002241553,-0.0036694228,0.0017796392
2023-08-22,0.00066184136,-0.0010217158,0.0011424813,0.002034844,0.0029371362,-0.00040685112,-0.0008191417,-0.0011951902,-0.0035702956,-0.00035398273,-0.0020520326,0.0037655667
2023-08-23,0.0015123701,0.0014371957,0.0015069447,0.0019027393,0.0028750189,0.0016518693,-0.0015986376,-0.001382984,0.0014885328,-0.0038415587,-0.0010852918,0.006725476
2023-08-24,0.0012797129,0.002424408,0.0014232924,0.0029821694,0.0011318831,-0.00016173127,-0.0021545847,-0.00023851654,-0.0008643921,-0.0028704538,-0.0038567118,0.0036207743
2023-08-27,-0.00014672143,-0.00010944472,0.0008755529,0.0011007405,0.00090456044,-0.0021727434,-0.00066991645,-0.00046728464,-0.00083252374,-0.0011361821,-0.00027026114,0.0010477279
2023-08-28,-3.836461e-05,0.0011262359,-0.00014257431,0.0010811643,0.00088138855,0.0008342762,-0.00028602412,-0.0005460354,0.0034766484,-0.00029089994,0.004591131,0.004107352
2023-08-29,2.466666e-06,0.0007855773,-0.0029276283,0.0007838584,0.0032181654,0.0019503101,0.0016465406,-0.0002961816,0.0010672302,0.0038647486,0.0041243876,-0.00073382544
2023-08-30,-0.00030798436,0.00055473996,-0.0037017113,-0.00047142425,0.0015093158,-0.0013093764,0.0012617788,0.0005267783,0.0005373515,-0.003825316,0.0032544131,-0.0018206406
2023-09-03,0.00049447134,0.0011571604,-0.0027039037,0.0011599021,0.0009821197,0.0011304606,0.00075463275,0.0010929203,0.00011595251,-0.0016916594,0.0013576492,0.0037623048
2023-09-04,0.00029523543,-0.000834249,-0.0020569263,0.0004824641,-0.00043932808,-0.0020504862,0.002009205,0.001304851,0.005867661,0.0011126957,0.0014863599,-0.0016916194
2023-09-05,0.0010162152,0.0017313955,-0.0022141295,0.001958072,-0.0006024044,0.0025997967,0.0022137316,0.0014724447,0.0008119423,-0.0035200564,0.00041718365,0.0017499535
2023-09-07,0.001220217,0.00154857,-0.0027011514,-0.00038867624,-0.0014740035,-0.0018452848,0.0023675442,0.0017512178,0.0009353834,-0.0037377027,-0.00072715053,0.0027263558
2023-09-10,0.0009230287,0.001251607,-0.0012874079,-0.0012136095,-0.001025259,-0.000732045,0.0016090653,0.0019384224,0.00073425454,-0.0022294607,-0.0001769684,0.0018826919
2023-09-11,0.00077030994,0.0010809931,-0.00128204,0.00066896377,0.0015778816,0.003129121,0.0011110817,0.0020468456,0.00057418324,-0.002409877,0.0005714011,0.00617677
2023-09-12,0.0025592989,0.0031512314,-0.00077096483,0.000956085,0.0019260985,0.003458834,0.00027575743,0.0010849827,0.0020434891,0.0003225847,0.0016659412,-0.0016451871
2023-09-13,0.00081874576,-0.00041969976,-0.00096593966,-0.001216864,-0.0002798002,-0.0030808202,0.00031794648,0.0006858803,0.0019238947,-7.5366115e-05,-0.00012319471,-0.0029429086
2023-09-17,0.0025468338,0.0024503097,0.0008696842,0.0031992588,-0.0003047863,0.0053982954,0.00012582657,0.0006596456,0.0007688008,-0.0005716427,0.00052909943,0.0021396158
2023-09-18,-0.00010040682,-0.0031624124,0.0007119798,-0.0028863128,-0.0010523372,-0.0028306157,0.0013314794,-0.00018698972,0.0009381471,0.00046531588,0.0006183656,-7.086375e-05
2023-09-19,-0.00027202693,0.0013384358,0.0044860593,-0.00022484164,-0.0008639098,0.0041100727,0.0011374892,0.0017010616,0.0018063246,-0.0055113244,1.5563797e-05,-0.0014354202
2023-09-21,0.0015414206,0.0025962705,-8.839823e-06,-0.0007506222,0.0005094806,0.002889877,0.0017866348,0.0010860774,0.00021986681,-0.0025173842,0.0008032228,0.0045729494
2023-09-25,0.0020999394,-0.00055373117,-0.0011395996,-0.0006892691,0.0038674462,0.0032094752,-0.00041414477,0.00097480253,0.001031158,0.009302437,0.0027138053,0.008144145
2023-09-26,0.0021062444,-0.00054286065,0.00037411926,0.0018142201,0.0031298674,0.0014491667,-0.0013186729,-0.00042510353,0.00032403346,0.003535002,0.001986052,0.0027372707
2023-09-27,0.0024160023,0.0018150464,0.0013783906,0.00035234724,0.0023847658,0.0014049928,7.6313736e-05,-7.150957e-05,0.0011811226,0.006768081,0.0014465847,0.009556149
2023-10-01,-0.0002648933,-0.0017231547,0.0028317678,-0.0016037452,0.0018852921,-0.0020774216,0.00039331507,-0.00049103337,0.001715001,0.002205305,0.0035925594,0.002064028
2023-10-02,0.00032831097,-0.0009713971,0.0003433584,-0.0015257343,-6.689294e-05,-0.0039329,0.0012402341,-0.00056864583,0.0047028507,-0.00070548436,0.0026589874,-0.00031060522
2023-10-03,0.00072845555,0.0005351144,0.0006542485,-0.00020032795,-0.00055867276,-0.0021274239,0.001044739,0.00039904236,0.0046443823,-0.0036479647,0.001603423,0.0040470534
2023-10-04,0.00012442179,-0.00065180234,0.00041773473,-0.0025332193,0.0029620337,0.0021657844,0.00087374315,0.0002525406,0.007646704,-0.0015278736,0.00048109837,0.0011856244
2023-10-05,0.0015471816,0.00127828,-0.0011079353,0.0012155483,0.0010351022,0.0011040082,0.0002366541,0.0004467811,0.004878136,-0.0057467087,0.0012343677,0.0013328254
2023-10-08,0.0009609062,0.0009947093,-0.00085081946,-0.0004166151,0.0009710736,-7.1318296e-05,0.0007117936,-2.8719718e-05,0.0044811713,-0.005667441,0.0018083109,0.002374431
2023-10-09,0.00010538701,-0.0012288219,-0.0026591783,-0.00097158266,-0.0003571923,-0.004061616,9.003817e-05,8.355238e-05,0.0055571375,-0.0070608966,0.00082501385,-0.0037672182
2023-10-10,0.00069469545,-0.00036889204,-0.0036555838,-0.000435412,-1.2262724e-05,-0.001379844,5.7485362e-05,0.0008317111,0.004995051,-0.004049357,0.0010087306,0.0030202994
2023-10-11,0.0007813057,0.0002903273,-0.0017313475,-0.00017956167,0.0033589788,0.00046569706,-0.0003112632,0.0010848492,0.0019003919,-0.0067970143,0.0007121049,0.0023635614
2023-10-12,0.0008547798,0.0009617434,-0.00033509306,0.0010710985,0.0013720165,0.0035149688,0.0010452555,0.0018813184,0.0042053154,0.00041048866,0.0068713496,0.00490175
2023-10-16,0.00037032538,-0.0012854824,-0.00072388427,0.0002019068,-0.00039599434,-0.0013537025,0.0017888178,0.0025702342,0.0023216107,0.0075023496,0.0038618082,0.001149544
2023-10-17,0.0010846191,-9.923475e-06,-0.00025107758,0.0003901705,-0.0002393247,-0.0004430302,0.002150203,0.0025543657,0.0030519755,0.009865242,0.0041093044,0.0028871382
2023-10-18,0.0010770293,0.00037132695,-0.00084369263,-0.00058250973,-0.0006365113,-0.0013936325,0.0011129833,0.0020045985,-0.0021677215,0.0061633848,0.0017768475,0.0016522625
2023-10-19,0.00294195,0.0037277094,0.0006195476,-0.0026005188,-0.0015362604,0.00012658804,0.0008136269,0.00093753857,0.00094303384,0.0037291986,0.00068185123,-0.009092102
2023-10-29,0.0018921748,0.00095969706,0.0009520652,-0.0027184323,-0.0032807596,-0.0031116991,0.0009003688,-0.0007185208,3.978057e-05,-0.0020645605,0.0007115108,-0.00821386
2023-10-30,0.0002229212,-0.00033915526,0.00016436866,-0.0015016841,-0.0022192067,-0.0030065323,0.0017380086,0.00010567572,0.002035436,0.0011341261,0.0032054533,0.0006931112
2023-10-31,2.0957435e-05,0.0002662863,-0.000811257,-0.00035393523,-0.001412,-0.0005772211,-0.00038458285,-0.0002888798,-0.00094874547,-0.00014269631,0.0054376526,-0.00029159087
2023-11-01,-0.001108506,-0.0013218229,-0.0021341452,-0.002002313,0.00052676885,-0.0016980856,0.0019216493,0.000776155,0.0013337535,0.0052421577,0.0040586255,0.000121278805
2023-11-02,-0.0007784961,-0.00048334367,-0.0036931105,-0.0005052989,-0.00011871179,0.00062017544,0.0022996266,0.00046212904,-0.002258604,0.0047929254,0.0049435045,0.0056654005
2023-11-05,-0.0008425054,-0.0019569972,-0.0025522448,9.607646e-05,-0.0003044486,-0.0009856876,0.0009619914,0.0012129137,0.0016197687,0.003446933,0.004113127,0.004363473
2023-11-06,-0.0013084493,-0.0024608087,0.0011811014,0.00019109383,-0.0017257659,-0.0021044782,0.0008292722,0.0013462834,0.0038186552,0.0003047208,0.0015170733,0.0038729561
2023-11-07,0.0011086367,0.000979136,0.0020477248,0.0007447559,-0.0024064037,0.0009088899,0.00038235902,0.0019415959,0.004042156,0.0041332324,0.0015757014,0.0061451253
2023-11-08,0.0014684704,0.0016669179,6.721623e-05,0.0012575677,-0.0040835077,-0.0028515987,0.0011023027,0.0012755756,0.0032405907,0.0035670158,0.0043090004,0.0051540923
2023-11-09,0.00030090046,0.00039024942,0.0019458779,0.0008828384,-0.00055351394,0.0039087036,0.002046419,0.0013764931,0.002657107,0.014391927,-0.000295505,0.0014975185
2023-11-20,-0.0009838159,-0.0017369508,0.0017574113,-0.0004395204,0.0012696941,0.0010901878,0.0033657895,0.0013040453,0.0049403342,0.01322802,0.0011564225,0.005330005
2023-11-21,-0.0009888066,-0.0004515177,0.0021974358,0.00023170462,0.0010507905,0.0028356847,0.0025744261,0.0030514125,0.0024975531,0.006699493,-3.2497337e-07,0.00013411889
2023-11-22,-0.0019645768,-0.0017574236,0.0013447794,-0.0028904488,0.002062242,0.00056281517,0.0014292924,0.002438258,0.0008584775,0.008583405,-0.00022252504,-0.0011785494
2023-11-23,-0.00044354057,0.0013503914,0.001086194,0.0010135863,0.003042587,0.0037339798,0.0019756816,0.0014981364,-0.0029135305,0.0019896913,0.0018474518,-0.00014771923
2023-11-26,0.0010037974,0.0013661567,0.0005944211,-0.00078518555,0.0023077023,0.0006175601,0.0015769857,0.001225662,-0.0019912743,0.00074858736,0.001084375,-0.00033100165
2023-11-27,0.0038337107,0.0033051409,0.0013634072,0.0015278286,0.002776038,0.003950986,0.0021478834,0.0003392417,-0.00083565613,0.0018566565,0.0051635504,0.0036904656
2023-11-28,0.0018848006,-0.00028142915,0.0012008602,-0.0017419632,-0.00033720356,-0.0031476517,0.0020332043,0.001330819,-0.0032131092,0.0047693066,0.0063553266,-0.0007821689
2023-11-29,0.0002802457,-0.00039558654,0.0037564235,0.000243607,0.0014230319,0.0028960437,0.00018771511,0.0008452226,0.0031082246,0.0068205884,0.0052307392,-0.00020415767
2023-11-30,-0.0006026725,-0.0008833828,0.0032324402,-0.00083685335,0.0015029206,-0.0014250525,0.00050955464,-0.00052748324,0.003746438,0.0034740488,0.0011905734,-0.003759737
2023-12-03,-0.0017411166,-0.0013987755,0.00354793,-0.002074096,0.0026412637,-0.00037759374,0.00027728442,-0.00043726998,0.0017793004,0.0021874763,0.0030127116,0.0021900367
2023-12-04,-0.00097422645,-0.0007032203,0.0018118871,0.00072726724,0.0022856572,-0.0006039616,4.2665866e-05,-0.0005882597,0.0028177446,0.00326985,0.0013061896,0.00093710644
2023-12-05,-0.00043556414,-0.000530807,0.002696092,0.0012047207,0.0016297929,-0.0015359076,0.00072738476,0.00069255993,0.0028953883,0.0033240146,0.0011581483,0.0022150667
2023-12-06,0.0005094694,-0.00016195822,0.0037815953,0.0008834601,0.002444062,-0.00031311618,0.00051615504,0.0009380959,0.0033249,0.0060594184,0.0001485279,0.00090565474
2023-12-07,0.0010806883,0.0006765022,0.002709943,0.0007529278,0.0025920374,0.0013739271,0.00016222638,0.001272133,0.0031619994,0.0018927776,0.002137199,0.004099191
2023-12-10,0.0016577301,0.0023527395,0.0027482123,-0.0011977183,0.0019902976,0.0031980695,0.000426705,0.0006024983,0.002992711,0.0018429642,0.0026288007,0.003993617
2023-12-11,0.0063666133,0.0075561334,0.0033002032,-0.00023883296,0.0030480397,0.007018928,0.0011384805,0.0010685609,0.0038685573,0.0037261543,0.0024194864,0.0072467234
2023-12-12,0.00044017582,0.0010247198,0.001021588,-0.006162765,0.00018343423,-0.003142835,0.0012403439,0.0008385705,0.0015462041,-0.003520061,-0.004757713,-0.0010567193
2023-12-13,0.0029633096,0.0039406526,0.0013257025,0.0009359495,-0.00032834132,0.0048829997,0.0025605916,0.0013084991,0.005209021,-0.00058955763,-0.0024249083,0.007956023
2023-12-14,0.0018890803,0.0010823456,0.00016030564,-0.0026965826,0.0011974896,0.00093204493,0.0011340054,0.0016549369,0.0006772673,-0.0021376868,-0.0011830148,0.0028419315
2023-12-17,0.0005587157,0.0010280842,0.0018613182,-0.0018653099,0.0026601795,0.003461748,0.0007302351,0.0016310115,0.0033362433,-0.0020118987,0.0023330091,0.0014055759
2023-12-18,0.0054313676,0.0054922095,0.0008750386,0.0035021084,0.0012751296,0.005868496,-0.00060140487,0.0011100315,0.006303783,0.0064495173,-0.000839728,-0.0074395724
2023-12-19,0.0065233787,0.0048745186,0.002210525,0.0031417487,0.0024591575,0.0053432942,-0.0010011985,0.0024651801,0.009107906,0.0047352603,0.002199458,0.0045298175
2023-12-20,0.008503012,0.005750282,0.001990682,0.0051977104,0.0017684046,0.007960845,-0.00042594766,0.0012232609,0.00893639,0.0049699587,0.0026726865,0.001675982
2023-12-21,0.008500054,0.004274249,0.0017398144,0.003582712,0.001333721,0.0055431006,0.0012473327,0.0001328637,0.0041509056,0.008623739,0.00079081097,0.0035113003
2023-12-24,-0.00061166036,-0.00041922583,0.001713837,-0.0034478384,-0.0005171415,0.0009534345,0.00097258354,-1.7412123e-05,0.00021574163,0.0050203414,0.0015834195,-0.0015536128
2023-12-27,0.0027668353,0.00011611439,0.0019155226,0.0008794086,0.00019511228,0.0008414305,0.0011232396,0.000109097746,0.0013671652,0.001523563,0.0039487393,0.0024470629
2023-12-28,0.00043385336,-0.0002204837,0.0022890286,0.00072516286,0.0032381595,0.004372683,0.001026724,-0.0001284072,0.0029519277,-0.00048351294,0.0016590988,0.0004508113
2024-01-01,0.0004696295,0.0006891694,0.003837507,0.0038162374,0.0040936396,0.0036280623,0.0007258157,0.0008583422,0.0022354538,-0.00010232651,0.002818965,0.005502113
2024-01-02,0.002154455,0.00216376,0.0034418819,0.00293614,0.002491668,0.0023325593,0.0011171983,0.002291159,0.0011356714,0.0023783345,0.0012931598,-0.0028557247
2024-01-03,0.0016921968,0.0012688593,0.0029725155,0.0024172466,0.0012032825,-0.0017752177,0.0021616826,0.0016659284,0.0012062248,0.007171431,-0.0005358026,6.204058e-05
2024-01-04,0.0022793585,0.0026664417,0.0048674257,0.0025599366,0.0020042718,0.005908497,0.0016192828,0.0025327783,-0.0022574782,0.003303923,-0.0018706978,0.0009990965
2024-01-07,-0.0010889536,0.0016753897,0.0034470137,-0.0021515675,0.0013271446,-0.0016718996,0.00081024616,0.0013845682,-0.0013254045,-0.00013534981,-0.0010858318,-0.0022038915
2024-01-08,-0.00051613763,0.0025451411,0.002058854,-0.0029415376,0.0017302711,-0.0013157048,-0.00019048684,0.0020831672,-0.0022800993,-0.0014265522,-0.00035043637,-0.0021394682
2024-01-09,0.00031203692,0.0021693076,0.004155668,0.0012265756,0.0011947374,0.0014855756,-0.00036832603,0.00095951953,-0.0026783564,-0.0026223199,-0.0009065404,0.0010697426
2024-01-10,-0.0019345528,0.00096155796,0.0047985543,-0.0028510343,-8.646597e-05,-0.0009299139,-0.00029097078,0.00048989465,0.0013892088,-0.0029952384,-0.0018487698,-0.0025773193
2024-01-11,0.00081712776,0.0012006995,0.005139799,-0.0008191689,-0.0022030629,-7.356692e-05,3.225787e-05,-0.00083608547,0.00032736405,-0.0067521734,-0.0023210938,-0.006794497
2024-01-14,0.0017064789,0.001246609,0.0033067116,-0.0010461942,-0.0017160103,0.0005316064,0.00025545343,-0.0006508312,0.0007203458,-0.003254189,-0.0014336249,-0.0020241006
2024-01-16,0.0024017645,0.0014339444,0.0022524402,-0.00036332238,-1.3199402e-05,0.00230734,0.0017696572,-0.0005611502,0.002454175,0.000680001,0.0015519031,0.0011655982
2024-01-17,0.005627404,0.002924152,0.0027424677,-0.000331875,-0.00034893065,0.00068932143,0.0027818177,0.00040518076,0.002681832,-0.00020484818,0.0010867653,-0.0009959613
2024-01-18,0.003212531,0.0028872015,0.0014991527,-0.0048942794,-0.0017359036,-0.00029736332,0.0017129544,0.002655278,0.004229762,0.0041369614,0.0029803389,-0.0018640636
2024-01-21,0.0044718436,0.0030488754,0.0009259407,-0.0010022488,-0.0005775807,0.0029676436,0.001879199,0.0014066349,0.0025604817,0.0031347023,0.001553869,-0.00071911066
2024-01-22,0.0020562608,-0.0016994765,-0.0028297591,-0.0025785805,-0.0007328713,-0.0034188118,-0.0005024238,0.00080274104,0.0025033571,-0.0009163486,-0.0056526633,0.0005903173
2024-01-23,0.00034621308,-0.0005667373,0.0011948154,0.00032163234,0.0007695827,-0.002360943,0.00045005468,-0.0021602334,-0.0011928123,-0.0059016435,-0.0036172213,0.0051254304
2024-01-24,0.00017079513,3.654015e-05,0.0021409742,0.0040038233,0.001849849,7.8710436e-05,-0.001353834,0.000658619,0.00046588475,-0.0022779843,-0.0023598722,-0.0011132746
2024-01-25,-0.00076858356,-0.00075004407,0.0009201103,0.0022755123,0.0015676126,-0.0039149495,0.0009380629,-0.0001233198,-0.0032755977,-0.009071533,-0.007139297,-0.0018472786
2024-01-28,0.00016472104,-7.280125e-05,0.0013855975,0.0030393244,0.0014275501,-0.0008379283,0.0003780301,-0.00021433533,-0.0011872367,-0.003974917,-0.0033896624,0.003716027
2024-01-29,0.000115264615,0.00076625287,0.0005245173,0.0025311094,0.0021743851,0.003167198,0.002125095,0.0019196055,0.001801559,-0.0013305887,-0.00016454363,-0.0017656402
2024-01-30,-0.00065663067,0.0020611093,-0.0010479172,0.00081819127,0.0017406957,0.0013476919,0.0016321026,0.0017900774,-0.00038475083,-0.0024027308,0.0011812437,0.004715191
2024-01-31,0.00077896885,0.002838689,0.0011933718,0.0014614481,0.00081542187,-0.001011491,0.0010806766,0.0009930404,0.0031087017,0.0025716678,0.0020984104,0.0028226038
2024-02-01,0.0002801841,0.0013668563,0.0019269784,-0.0010866106,-0.00027268915,-0.0032246716,0.00048299777,0.0029992387,0.00019554913,0.0010353394,-0.0018230465,0.0011207585
2024-02-04,-8.5449836e-05,0.0005331047,0.001146821,-0.0023988164,0.0029714517,8.793111e-05,0.00037492887,0.0022472804,0.002152519,0.0046480335,0.000754492,0.0021352633
2024-02-05,-0.000433737,5.1188515e-05,0.0022868807,-0.000648691,0.0023853853,-0.002134541,-0.0008717303,0.0024342556,0.0001280249,0.0052260472,0.0007556195,-0.007209682
2024-02-06,-0.000581542,0.0015328489,0.002415387,-0.00032243,0.0017672565,-0.0015743366,0.00030882034,0.0010666205,0.0005266669,-0.0046758936,0.0025312935,-0.0066750012
2024-02-07,0.00072020595,0.0017037808,0.00021458504,0.0010928909,0.0012111783,-0.00017266377,-0.0010869703,0.00092852354,-0.001557356,-0.005677324,-0.00034192874,-0.008313527
2024-02-08,0.0019654587,0.0012547382,-0.0022517864,0.001185467,-0.0018191198,-0.0031745427,-0.0007155848,0.0008332386,-0.0030913956,-0.0034875523,0.00053741736,-0.00870785
2024-02-11,0.0025785337,0.0015625521,-0.0022997567,0.0006587887,-0.0009774917,-0.000671762,-0.00021063088,-0.0005618366,-0.00013745914,0.0018927709,0.0011795408,-0.0011298624
2024-02-12,0.0021139793,0.0012189555,-0.0025483565,-0.0004736245,-0.0011652221,-0.0028848685,-4.9644907e-05,-8.184509e-05,0.00012855523,0.00068879215,0.0021365378,0.002090587
2024-02-13,0.002044071,0.0026665851,-0.00030476524,0.0013171018,-0.0014750203,-0.0007530336,0.00079440634,-0.00072998734,0.0016057331,0.00038519,-0.0013349385,-0.00050964224
2024-02-14,0.0010825414,-0.0010988954,-0.0006599585,-0.0038946432,-0.001087954,-0.002005324,0.00091737736,0.0009938679,0.0013830317,-7.5407675e-05,-0.005464474,0.0009578329
2024-02-15,0.0012717776,0.0007323866,0.00027756565,0.0014715351,-0.0007253737,0.0032458722,0.00033374745,-0.0003134992,-0.0032200837,-0.002143115,-0.00081109855,-0.0007159049
2024-02-18,0.0006857776,-0.00054980774,-0.0003682109,-0.0006242826,-8.816889e-06,-0.0004931229,-3.2874697e-05,-0.00034260837,-0.0030934243,-0.0015912633,-0.0029970652,0.00027977736
2024-02-20,0.00030776428,-8.778274e-05,-0.0015355777,-0.00091631437,-0.0023500614,-0.002216848,0.0015991919,0.0024807954,0.00081647316,-0.004391162,0.0006755382,-0.0009972644
2024-02-21,-7.901149e-05,0.00040812476,-0.0030272931,0.00079166924,-0.0022242544,-0.0003991456,0.0027360823,0.0021081008,0.0001955058,-0.0034839523,-0.00021380815,0.0037855334
2024-02-22,-0.0002859856,-0.00023041503,-0.004308879,2.9878167e-05,-0.0037722124,-0.0019512791,0.0023279882,0.0014656748,0.0007797009,0.0033470693,0.00020304063,-0.002382121
2024-02-25,0.0002109246,-0.00016049895,-0.002742016,-0.00038551626,-0.0021950363,-0.0010126785,0.0016238182,0.0015300012,-0.0016781739,0.0021650519,-0.0011662575,0.0012828271
2024-02-26,0.00037445757,-0.00076333556,-0.0036529351,-0.0013530753,-0.002926527,-0.0027070146,0.002344477,0.0022227836,0.0019403815,-4.5992492e-05,0.0043815477,0.0035053461
2024-02-27,0.00033709654,0.001115086,-0.0031427126,-0.0007839158,-0.0020825658,-0.0006880641,0.0026611148,0.0021806592,0.0029202811,0.00044602668,0.0025556819,0.0003519736
2024-02-28,0.00027172573,0.00026014558,-0.0034664667,-0.0013095248,-0.0020056264,0.0002462272,0.0024999469,0.0021829694,0.002093005,-0.0004992092,-0.00070496456,0.00064635166
2024-02-29,0.00072769716,0.00053791533,-0.0009144828,-0.0010578865,-0.0030804563,-3.42243e-05,0.002250379,0.0015820318,0.0026351018,0.00016520132,0.00023885001,-0.006234247
2024-03-03,0.00060906954,-0.00066652073,-0.0015087223,-0.0015142208,-0.0016975661,-0.00060518127,0.0011186565,0.0013075246,-0.00023366639,0.00047012902,0.000116943964,-0.0029193875
2024-03-04,0.00055126427,0.00011540734,-0.0028450247,-0.00058781385,-0.0019121403,-0.0011519301,0.00063842564,0.0010248574,-0.001972148,-0.006663607,-0.00022152485,-0.0009788161
2024-03-05,0.0040206984,0.003634738,-0.0025975273,0.0022866179,-0.0008389367,0.0058885333,0.0027560699,0.0017510022,-0.00013126107,-0.0030476346,0.00010429119,0.006337845
2024-03-06,-0.0003350578,-0.003536512,-0.0045075025,-0.0074830605,-0.0009972097,-0.0062777204,0.0022744208,0.0013187057,0.0038557772,-0.005504054,0.0026922382,0.00047152964
2024-03-07,0.0039398433,0.003714333,-0.0021613082,0.0024448365,-0.000962228,0.0046563065,0.0026205166,0.0015266193,0.0010625779,-0.0003017246,0.0038697375,0.0024187656
2024-03-10,0.0020781236,0.0026640685,-0.002660009,-0.003473311,0.0012060382,0.0029203247,0.00082518836,0.002380459,0.0021816073,-0.001205927,0.0014290521,0.0026267222
2024-03-12,-0.00058795774,0.001993398,-4.413037e-05,-0.0037893096,0.0033316603,0.0047846455,1.715339e-05,0.0017236064,0.0030769785,-0.0038963223,0.0011378487,0.0025526949
2024-03-13,0.004486513,0.0035790144,-0.00019868213,0.0019674334,0.00036888945,0.00973871,0.001394002,0.001995165,-0.0036958444,-0.0012363316,0.0024882858,0.00084854016
2024-03-14,0.0023983167,-2.1263782e-05,-0.001908089,9.667111e-05,-1.0568183e-06,0.0005516469,0.0007849955,0.0012529714,-0.0010734028,-0.002171101,0.0021598658,-0.0023366692
2024-03-17,0.003899319,0.0011215789,0.00021088796,0.0018949301,0.0024033496,0.002674897,0.00039496343,0.001572252,-0.00048010162,-0.0012144523,0.0020835558,-0.0007699675
2024-03-18,0.0042732162,0.0016396397,0.0010400397,0.0023941733,0.006870191,0.007864413,0.00014207518,0.0008554113,0.0053702956,-0.00085070933,0.0062055653,0.0059761414
2024-03-19,-6.68742e-06,0.0051247166,0.0024630122,0.0016595742,0.007193098,0.010307904,0.00015588297,0.0010088327,0.0031268597,0.0018935411,0.00816881,0.005360307
2024-03-20,0.0026494947,0.003776335,0.0033623176,0.0045745946,0.0058297147,0.0037557266,1.915783e-05,-0.0006727208,-0.00019679766,-0.0021225936,0.0058186515,-0.0022107684
2024-03-21,0.0040824935,0.002789509,0.002611619,0.005060702,0.0031375627,0.0021299794,6.542244e-05,0.00057538925,0.00529411,-0.0013453334,0.000560396,0.0025494704
2024-03-25,0.0035116398,0.0016096332,0.00153183,0.003443411,0.0026409137,0.0007121986,0.00046294648,0.00079310796,0.009433233,0.0047690626,0.004069169,0.0005713578
2024-03-26,0.0025354242,0.0012633677,0.0036768517,0.004506693,0.0019623206,-6.1920495e-05,0.000752411,0.001384238,0.007091275,0.00677617,0.0070497715,0.0026242468
2024-03-27,0.0017846625,0.0032683124,0.003345061,0.0039527705,0.0026437733,0.002662828,0.00024488085,0.001099969,0.009072937,0.003536674,0.0035601049,0.0007784672
2024-03-28,0.0004890598,0.001297255,0.0015724967,0.0020781362,0.002807214,-0.0008299178,-0.0002967064,0.000955369,0.0033952605,0.005610831,0.007321182,0.0019456584
2024-03-31,0.0015400058,0.0012617635,0.0013561107,0.0032020914,0.0018342258,0.00128539,-0.00028074632,0.00088736444,0.0010672897,0.003348827,0.004292225,0.0033046561
2024-04-01,0.0014786564,0.00019138475,0.0004849677,0.0013773073,0.0022223052,0.0015915799,0.00019241124,0.00068529666,0.003309242,0.0036376207,0.0038623249,0.0021426245
2024-04-02,0.0018115013,0.0016736819,-0.0006861034,0.0014306612,0.0018547028,0.002869741,7.2070165e-05,0.0015852358,-0.0009910709,-0.0024133807,0.0044389544,-0.00017895218
2024-04-03,0.0019429731,0.0018626708,-0.0003831258,0.0014177304,0.000104079256,0.0013303119,-0.00026420288,0.0013960816,0.00021527981,-0.004087739,0.0017877943,0.0023844633
2024-04-04,0.0017125807,0.00021356062,-0.00087471603,0.0014785618,-0.0011385705,-0.00021301379,-0.00014128478,0.0007881094,0.0010106635,-0.0016443783,0.0027054125,0.0034666792
2024-04-09,0.0028131932,0.0015584102,-0.00026342925,0.0008049833,-0.0014047166,0.0018888372,-0.0010336882,0.0009500215,0.0020614276,0.004532802,0.0022606459,0.0062950565
2024-04-10,0.0033188246,0.0019019034,-0.0005324736,-0.0015919991,-0.0028414887,-0.0011038764,-0.0021127856,0.001521569,0.0037068864,0.0028743069,0.0014984058,0.005220269
2024-04-14,0.0022384033,0.00024355223,1.4281308e-05,-0.001049937,-0.00306973,-0.000114875846,-0.0011173168,0.0007282772,0.0026914116,0.0021762454,-0.00022933003,-0.0009534511
2024-04-15,0.0011442528,-0.00073725457,0.0019034469,-0.0014320787,-0.0024212238,0.0004815889,0.00075463695,0.0008365252,0.0048271464,0.0020026148,0.00019143493,-0.0039146026
2024-04-16,-0.00022930925,-0.0027477404,0.00040279076,-0.0032710757,-0.003347412,-0.0047226786,0.00057960267,-8.830457e-05,0.0030660674,-0.002937122,0.00077785715,-0.007342737
2024-04-18,-0.0012753631,-0.0019750209,-0.0011742311,-0.0026429081,-0.0005936572,-0.0012225567,0.000281762,0.00042280133,0.0027139208,0.0027478226,0.0012865742,0.009370407
2024-04-21,-0.0015676718,-0.0024774498,0.00017577375,-0.0017682074,-0.00045041548,-0.00035709707,-0.00042074156,0.0007899016,0.003905008,0.0026925309,0.0016934639,0.007063985
2024-04-22,-0.0008219864,-0.0011800241,-0.001999027,0.00077844353,-0.0015069828,-0.0002883388,0.00015612616,0.0004952709,0.001361155,-0.0013729788,-0.0022163829,0.0032952197
2024-04-24,-0.00049902283,-0.0022752334,-0.0015307954,-0.0024442642,-0.00064706214,-0.003976354,-0.0008583306,-0.0038534284,0.0010857652,-0.003729555,-0.004057217,-0.0041295863
2024-04-25,-0.00010976003,-0.00075672957,0.0014470121,-0.0013948062,-0.0010791856,0.002408602,-0.0008285293,-0.0021170597,3.286713e-05,0.0017835964,-0.0007623422,0.0036744992
2024-04-28,-0.00037526974,-0.0011029765,0.0005625801,-0.0026435466,-0.00075000926,0.00041238035,-0.0006184704,-0.00093838834,0.0007652011,0.0029813135,-0.0011959816,0.0030994054
2024-04-29,-2.3378409e-05,-6.109994e-05,-0.0007044791,-0.0016023992,0.00046729037,0.0021058463,0.001353991,0.0012295444,0.0026034145,0.007970156,0.002847501,-0.0060619726
2024-04-30,0.00027770732,-0.00035574933,-0.0029934344,-0.0010597513,-0.0006917263,0.0012575705,0.00067850837,0.0014466278,-0.0019068625,-0.002735525,0.0038736353,-0.00013317948
2024-05-02,0.0015184458,0.001081341,-0.0004542977,-0.0006479206,-0.0042851293,0.00021486686,-0.00046101428,0.0013502667,0.0002686092,-0.0014820609,0.0039113634,-0.0017540734
2024-05-05,0.0013429683,-0.00046114338,0.00071251177,-0.0019091403,-0.00341952,-0.0018892856,-0.00010552589,0.00062574534,0.0010248519,-0.00046058808,0.0018272339,-0.00356282
2024-05-06,-0.00023079343,-0.0009012195,-0.0007643487,-0.001716028,-0.0025486078,-0.00011575507,0.00046687594,0.0013035729,-0.0013810755,0.0026066613,0.0006447531,-0.0012705703
2024-05-07,-0.0009105667,-0.00042788725,-0.0028941464,-0.002449653,-0.002170356,0.0013348991,0.0012051831,0.0014716289,0.0030162127,-0.0026848854,0.0015393571,-0.002297489
2024-05-08,-0.0011934435,-0.0007039931,-0.0025305357,-0.0019048587,-0.002124636,-0.0013521877,0.001860297,0.0010476832,0.0013783055,0.00083764544,0.0014731531,-0.0012504393
2024-05-09,-0.00031339045,-0.00016119296,-0.001258994,-0.000418242,-0.0023405664,-0.0017548255,0.0018584072,0.0014488881,0.002933558,0.004487488,0.003023241,7.835898e-05
2024-05-12,0.00074048375,2.5564805e-07,-0.00028065877,0.00055574253,-0.0019911171,-7.1791816e-05,0.0012098332,0.0016509912,0.0012962264,0.0027330406,0.00052000536,-7.53004e-05
2024-05-13,0.0014638014,0.00015877228,-0.00041952071,0.00015932799,-0.002030018,-0.0012450889,0.0020721524,0.0017557195,-0.0005231931,-0.0011170949,-0.000111908244,-0.003891825
2024-05-14,0.0022798397,0.0008590701,-0.0005410603,0.00093006855,-0.001424632,0.0012900621,0.001598015,0.0014498015,-2.2734865e-05,0.00073148235,0.0025347865,-0.0027578874
2024-05-15,0.0029803608,0.0021749472,0.0020660106,0.00047218913,-0.0010318304,0.0034571567,0.001819784,0.0014798094,-8.576037e-05,0.0012999072,0.0035829183,-0.00094750564
2024-05-16,0.0016106867,-0.0005010445,0.0011628328,0.00034833222,0.0003036211,0.0012424882,0.0019591246,0.001752855,0.0026123684,0.0031381794,0.0036023883,-0.00036384055
2024-05-19,0.00095440715,4.0023006e-06,0.0017504771,0.0021147414,0.00022835721,0.002908847,0.00065539917,0.0021207512,0.00058442337,0.0008299442,0.0029515487,0.0030295704
2024-05-20,0.0031235903,0.0023992655,0.002823249,0.0015230441,-2.6104099e-05,0.0032273424,0.00054977165,0.0010255941,0.0016347622,0.0006789173,0.0021966675,0.0024668225
2024-05-21,0.004178403,0.0035319645,0.0022708513,-0.0004888251,0.0006695712,0.0032861866,0.0018233352,0.0006455885,-0.0013541162,-0.00081309635,0.0016020143,-5.445542e-05
2024-05-22,0.0053913635,0.0029526604,0.0033493908,0.001991771,-8.117809e-05,0.005839029,0.001115803,0.0009653812,-0.00042287906,0.00028859705,0.0011399576,-0.0010630665
2024-05-26,0.0058804397,0.0022231422,0.0037505452,0.0023317277,-0.00047791592,0.003919839,0.0006954856,0.0012209946,-0.00073263206,-0.00018412614,0.00097472424,-0.00054796337
2024-05-27,0.0029651676,-0.00037504482,0.0036680277,5.284272e-05,1.0230171e-05,-0.0015687251,0.0010467473,0.0019696609,-0.0009902848,0.0015971746,0.0012366452,0.0008735822
2024-05-29,0.0023301921,0.001508738,0.0031808307,0.0010203307,-0.00018004514,-0.00051056076,0.0003001436,0.00023971271,2.8975774e-07,-0.00088573265,-0.0009238114,1.0259857e-05
2024-05-30,0.0004381365,0.00083513575,0.0040294263,-0.0017670137,0.0014294472,-0.00076597376,0.0005684807,0.0006848352,0.001773143,0.0032337478,-0.0013858934,0.0055432594
2024-06-02,0.0006439527,0.0011819453,0.002738889,0.0006932171,0.0018965704,0.00060231495,0.00050895306,0.00027048672,0.002172504,-0.0004065447,0.0011439275,-0.0004995849
2024-06-03,0.001287577,0.0017005776,0.0006892495,0.0031281104,0.0029099777,0.0021339878,0.00013017881,0.00040169808,-0.0012294706,0.0014742041,0.00013233878,0.004437569
2024-06-04,0.00014257082,0.0016476631,0.0024742335,0.00014416408,0.0032806632,0.0015743045,0.0003251027,0.00030457004,-0.0016040641,-0.001180972,0.0065440712,-0.000359205
2024-06-05,0.00081518735,0.0021026148,0.00064776733,0.0016210427,0.0010399388,0.0024627731,0.00063973316,0.0008366874,0.0013088584,0.0013401015,-0.001258859,0.0040087095
2024-06-06,0.00045351428,0.0014965378,-0.00032787962,0.0015791979,0.0022973188,0.0026253532,0.0017665646,0.00018718891,-0.008934691,-0.0051315045,-0.002244045,-0.000576761
2024-06-09,0.00047179274,0.0017969897,3.843062e-05,0.0009456221,0.0014282842,0.00022193472,0.00045912265,0.0003431002,-0.0037106883,-0.0041044373,0.0003934843,-0.0015824037
2024-06-10,0.00081107987,0.0016162087,0.0009934823,-0.00041148247,0.00020329634,-0.00054893753,0.0016154088,-6.612332e-06,-0.004664514,-0.005575021,0.0008653422,-0.0036651294
2024-06-11,0.0016067184,0.0032391723,0.0011043032,4.905858e-06,0.0005195008,0.0043916097,0.00088421593,0.0009808715,-0.0008729484,-0.003562534,0.0031681468,0.00089234614
2024-06-12,0.0030961495,0.004241958,0.0019154253,-0.0001647743,-0.0008002179,0.0028157514,0.0023798621,0.0005269776,-0.00021328859,0.0056427806,0.00015630166,0.0003740598
2024-06-13,0.0046148,0.0029917622,0.00120334,0.00036166084,-0.0017838283,-0.0004880714,0.0022800008,-0.0004945269,-0.0032417474,0.005010373,0.000581746,0.00014105334
2024-06-18,0.0031428977,0.0016968634,0.0007980625,-0.0006419294,-0.0013138987,-0.00016297237,0.0028519735,-0.0009278679,-0.00064507284,0.0052115256,-0.0008141917,-0.0011196837
2024-06-19,0.0012687832,0.0011828274,-0.0018977441,-0.0016845146,0.0008746961,0.0012731309,0.0035940157,-0.00062244193,0.0011732737,0.0036081218,0.0009849754,0.0033166844
2024-06-20,0.00060956326,0.0008141957,-0.0014149905,-0.0016232552,-0.0010003264,-5.6048157e-07,0.0022535792,-9.967922e-05,0.002001963,0.004520907,0.0011411346,0.007671621
2024-06-23,0.00069186627,-0.00036078884,-0.00054349116,-0.0004930783,-0.0009944523,-0.0009963219,0.0018888607,0.000722323,0.00057770516,0.003877004,0.00087879633,0.0057134572
2024-06-24,0.0011887758,-0.0006866863,0.0011607201,0.0013471738,-0.0010267491,0.001129603,0.002312346,0.0030348552,0.004085467,-0.0021611468,0.0040200474,0.0027461115
2024-06-25,0.0014460761,-0.00048516766,0.0015416637,0.0020039033,-0.0013897773,0.00026635893,0.001827494,0.0021687013,0.0015714024,-0.0031920501,-0.00040191115,0.0012759122
2024-06-26,0.0012839066,0.0007478315,0.002513043,-7.939676e-05,-0.0032135937,-0.0017358148,0.001708325,0.0024641687,0.0025867878,-0.0010730878,0.0017770869,-0.0024203062
2024-06-27,0.0010923694,-0.00047845353,0.0026932994,-0.001502235,-0.0030905674,-0.0013323433,0.0008729581,0.0016143479,0.0021679823,-0.0019339514,-0.003077116,-0.004924612
2024-06-30,0.0010014809,-0.0005883886,0.00085078826,-0.0011007644,-0.0025495372,0.00024426368,0.00083077594,0.00083973806,0.0009973943,-0.002928078,-0.003827351,-0.0022923055
2024-07-01,0.00053603586,-0.0010762434,0.0007350658,-0.0021901361,-0.0018412801,-0.0012864997,0.0013623361,-0.0001505824,0.0021489258,-0.0013631484,-0.0049752234,-0.00065853755
2024-07-02,0.00072562275,0.00061131443,0.000263387,-0.00031219883,-0.0024977978,-0.0012599777,0.0014048973,-0.00095176726,0.0038579588,-0.00067120657,-0.004588459,-0.003196267
2024-07-03,0.0028418994,0.0031969608,0.0002994543,-0.0006779404,-0.0027124563,0.0027474065,0.001645094,-2.1183456e-05,-0.0024760156,0.0007463097,-0.002645723,-0.00039389642
2024-07-04,0.00407932,0.0015754327,-0.0005224174,-0.00025275565,-0.001631001,0.0014931064,0.0005507412,0.0007467925,0.00089524774,0.0021732242,-0.0028194436,-0.0027783378
2024-07-07,0.0052827387,0.0020251633,0.00018097169,0.0024638122,-0.0013938518,0.004787413,0.00014766573,0.001120253,0.00067330134,0.001277704,-0.00084977766,0.0005944321
2024-07-08,0.005483804,0.002576464,0.002232387,0.000798347,-0.0015478544,0.002182889,0.0005820592,0.0022573993,0.004840878,0.004248622,-0.002006031,-0.0008611511
2024-07-09,0.0038953654,0.0014566304,0.004229646,4.0096347e-05,-0.0025502057,-0.0003365414,0.0005922703,0.0025912656,0.0027013314,0.0056243828,-0.00094258046,-0.0010396345
2024-07-10,0.004689449,0.0030600268,0.0032200934,0.0032520534,-0.0014084582,0.0039585996,-8.6444954e-05,0.0017795949,0.0013891207,0.0013042747,-0.0007978788,0.0021783037
2024-07-11,0.005469732,0.0027862103,0.002609463,0.0052858926,-0.0017467819,0.0010378972,-1.6621081e-05,-0.00017348147,-0.0012869488,-0.0021383932,-0.002141914,-0.0017301319
2024-07-14,0.00689203,0.0031395804,0.0019513625,0.003749039,-0.00036403403,0.003266509,-0.00023841503,7.621461e-05,-0.0015184684,0.001552834,-0.0005827329,0.003194498
2024-07-15,0.008444394,0.0049475874,0.001950775,0.004032313,-0.0014355022,0.0047049825,-0.00021737523,0.00029788542,-0.0017409346,-0.004400502,-0.0012099873,0.0012772854
2024-07-16,0.0050991885,0.0013022155,0.0003188934,-0.0026197087,-0.00071889587,0.0025855748,0.00011904276,0.001975269,0.002418927,0.0043834886,0.002411815,0.0017573435
2024-07-17,0.006529024,0.003126851,0.0029911974,0.0047676726,-0.00022644328,0.009143202,-0.000117531745,0.0013566162,0.0026299306,0.00421969,0.0049011665,0.0075241686
2024-07-18,0.006031392,0.0027554168,0.001235672,-0.0017719222,0.00046450546,0.0036471386,-1.6813225e-05,0.00094423955,0.0023394541,-0.00758568,0.0037411284,0.003089014
2024-07-21,0.0057229227,0.0030852333,0.0023624722,-0.0024151406,7.182959e-05,0.0043613706,0.0001437015,0.0005292476,0.0010560781,-0.005386994,0.005709977,-0.00049130915
2024-07-22,0.009277385,0.003877066,0.0004016105,-0.00014793174,-0.0011512204,0.0035152643,-0.00059927575,0.0014655949,0.002809876,-0.005062801,0.0072947983,0.00076072494
2024-07-23,0.0052071773,0.00071503245,-2.0794745e-05,-0.0031083617,-0.0022686205,-0.0017976209,-0.0006623348,0.00023276889,-0.0052815005,-0.004100314,1.4469959e-05,-0.002909923
2024-07-24,0.006471361,0.0030788064,0.0012096749,0.0015569194,-0.0005859321,0.0010582949,-0.00030895538,0.0014707291,0.0021777402,-0.002236071,0.0039163544,0.005833933
2024-07-25,0.0015596717,-0.0003627034,0.0025934349,-0.005351013,7.272023e-05,-0.002278961,-0.0013128179,0.0013214664,0.0029360168,-0.0023159797,0.0030384087,-0.002968327
2024-07-29,0.005986723,0.003409216,0.00096346484,0.0035061373,0.0020035354,0.007193341,-0.002802591,-0.0014705751,-9.072403e-05,-0.004122491,-0.0005959479,-0.007997377
2024-07-30,-0.0011298866,0.0010756848,-0.00034448196,-0.010290522,-0.0029171342,-0.0046287933,-0.003327383,-0.00025572965,-0.0008076672,-0.006692089,-0.0041904496,-0.013814982
2024-07-31,0.004690232,0.0039095874,0.00273388,0.00092088303,-0.00400448,-0.0027436528,-0.0022670764,-0.0011256081,-0.0017221214,-6.447034e-05,-0.0001554467,-0.0036098335
2024-08-01,0.0020452603,0.003053537,0.00057573465,-0.0035365766,-0.00059823826,0.00037617053,-0.0032758738,-0.00032206002,0.0002313054,-0.0043382286,-0.0048899176,-0.0049891765
2024-08-05,-0.0015657726,0.000255241,0.0044564237,-0.009974871,0.0016455024,-0.0010417851,-0.0026379488,0.0024434251,0.0026810647,-0.010117835,0.00032330473,0.0005164306
2024-08-06,0.00507695,0.005885752,0.0035687615,-0.005571783,-0.0017037313,0.001957144,-0.0011862284,0.004147236,0.0023096628,-0.016083477,-0.003548892,0.005327075
2024-08-07,0.0021397392,-0.002914962,-4.133326e-07,-0.00956748,0.0016362902,-0.0024115262,-0.006375913,0.0046588676,0.001897054,-0.010091086,0.0040066093,0.0042949202
2024-08-08,0.0032399222,0.0002961341,-0.0025796166,0.0028340544,-0.0025374647,-0.008635852,-0.004595388,-0.0012425256,-0.006825718,-0.005220698,-0.007028909,-0.011808955
2024-08-11,-0.0016472889,-0.0035631007,-0.001999638,-0.0037793026,-0.0027566038,-0.011420325,-0.0048504015,-0.0076962756,-0.0042196084,-0.009866439,-0.006907785,-0.01473474
2024-08-12,-0.00083854847,-0.0018084457,0.0013734326,2.1834858e-05,-0.0049022697,0.0024865074,-0.0048844838,-0.006537181,-0.0026582559,-0.008476229,-0.008353944,-0.008624175
2024-08-13,0.004580805,-0.0004018214,-0.005024906,0.0011418178,-0.00542209,0.0023689265,-0.005286393,-0.0035892755,-0.006679108,-0.0028678488,0.0013551102,-0.007907225
2024-08-14,-0.0032440058,-0.0019657435,-0.0021786625,-0.0076566245,-0.001158626,-0.0009393866,-0.0034226754,-0.004493008,-0.0049727983,-0.00021674286,0.0020674078,-0.008847282
2024-08-15,-0.0012333507,0.0025718918,-0.0021378992,-0.0017273033,-0.0010352102,0.0011536104,-0.0011762122,-0.0039140196,-0.0038689917,0.0027654169,-0.0013311794,-0.0023713857
2024-08-18,-0.0032612875,-0.00037478312,-0.0019560338,-0.005168741,0.0024500769,-0.0028221365,-0.00041805318,-0.0016817148,-0.0021286039,0.0026619195,0.00036895098,0.0014058604
2024-08-21,-0.0031525008,0.0004956238,-0.0020766158,-0.0047480105,0.002931578,0.00010098616,0.0016644106,0.00012351823,0.0029794616,0.0071164593,0.0044919704,0.0075756214
2024-08-22,-0.001461861,-0.00045772415,-0.001416587,0.0054833293,0.002342199,0.0033908512,0.0012145522,0.00074476073,0.00094883644,0.0021363555,0.0028142228,0.0058501028
2024-08-25,-0.0039812224,-0.0013007554,0.0014631639,0.0013309494,-3.2410026e-05,0.0005559939,0.001070935,0.000703988,-0.0009032627,0.0023499185,0.001752177,0.0044542626
2024-08-27,-0.003194597,-0.0041680294,0.00012862025,0.0016430665,0.00014063122,-0.0022539706,0.0027057414,-0.00039573474,-0.0024161495,0.0024995452,0.0047541307,0.0009718088
2024-08-28,-0.0005378165,-0.004253318,0.0005555592,0.0047246725,-0.0007631706,0.0012094692,0.0028456782,-7.894251e-05,-0.0029975276,0.0049826954,0.00652387,0.006461478
2024-08-29,-0.0032162096,-0.0056543015,0.0029461822,0.0077169603,-0.00096992933,0.0012104368,0.0028042642,0.0005957182,-0.0005876299,0.006759279,0.005771585,0.0072149173
2024-09-01,-0.004901803,-0.009496163,0.0026022096,0.004541723,-0.00040133105,-0.004610019,0.0016251607,0.00082251383,-0.0028759732,0.0015167225,0.0023728565,0.0031618064
2024-09-02,-0.00034740643,-0.007051408,0.001440119,0.006126525,-0.0014443737,-0.00016746065,0.0012345558,0.0008140722,0.0023074772,-0.0016541167,-0.00060735486,0.000810835
2024-09-03,-0.0051772958,-0.008397682,0.004271022,0.009797271,-0.0063238703,0.0013532854,0.0012338106,-0.00026435382,-0.0022542975,0.004349006,1.6248669e-05,0.0019229946
2024-09-04,-0.00541097,-0.008931086,-0.0011005178,-0.0057950374,-0.005457439,-0.004291256,0.0021371366,0.0014106487,0.0018333595,-0.0032948812,-0.00022671965,-0.0046609086
2024-09-05,0.00040096,-0.005609044,-5.173555e-05,-0.0030940194,-0.0026942736,-0.0027559455,0.00020257817,0.000243497,0.0004075765,-0.010267243,0.0020848294,0.00066021015
2024-09-08,-0.00082211086,-0.004492548,0.0014917261,0.0018422226,-0.0027631943,0.0040422,0.00025362958,-0.0011992962,0.00014131452,-0.00549425,0.0016025628,0.002103282
2024-09-09,-0.005656438,-0.008321456,0.00069740455,-0.007516562,-0.0020175509,-0.0024455923,-0.0010409914,7.411308e-05,-0.0001107392,-0.0040186276,-0.009063835,-0.0070324955
2024-09-10,-0.0013003058,-0.0014786574,0.0052238256,-0.0017889149,0.0034554454,-0.00026166707,-0.0026322776,-0.0018848395,0.0033614018,-0.0062498385,-0.0035245928,0.0033044766
2024-09-11,0.001082986,-0.0028747802,0.0051541864,0.0030689389,0.0023188132,0.0034086034,-0.0019256636,-0.00052051555,0.0018886889,-0.0056414963,-0.003878414,0.0059494902
2024-09-12,0.0007219977,-0.003823573,0.0033032745,0.0022420723,0.003705111,-0.0007002843,-0.0015953127,-0.00041723315,0.0076024244,-0.004887785,-0.004101079,0.0041620634
2024-09-15,0.0005633218,-0.0005053123,0.005540281,0.0065374346,0.0013172398,0.0037691914,-0.0005071753,-0.00039359817,0.0026901485,-0.0049256277,-0.0042515392,0.0046096025
2024-09-16,-0.0018232404,-0.0030533655,-0.000108324166,0.001395623,-0.001521518,-0.0031352893,0.00073688594,-0.00042235706,0.0034817737,-0.004870842,-0.0017868183,-0.0013478876
2024-09-18,0.00048232576,2.8467039e-05,0.0022320813,0.0036329522,0.002147024,0.00273122,0.00074062526,0.00015837408,0.004953238,-0.0029904055,0.0038897544,0.0007876297
2024-09-23,-0.0028669545,-0.0047486923,0.0005388468,0.0016123848,0.0027845528,0.0020457087,0.002350756,0.0001344051,0.0034865332,-0.0036444038,0.005603981,0.007819947
2024-09-24,0.00031450903,-0.0010851717,0.0020945107,0.0036367087,0.003611418,-0.00054594135,0.0033253075,0.0018123875,0.006032876,-0.0007108503,0.0062994068,0.005262066
2024-09-25,0.0030578917,0.0007586211,-0.0011349465,0.006663507,0.001930001,-0.00022942742,0.0036738697,0.004830954,0.002910998,-0.0042569083,-0.00038739032,-0.004193702
2024-09-26,0.0024268213,0.0011955091,-0.0049292315,0.007064878,-0.0017538548,0.0029554782,0.003307003,0.0037550998,-0.0028237673,-0.00598677,-0.0022126273,-0.0013201621
2024-09-29,0.00056810223,-0.0010095558,-0.007844992,0.00042023417,0.0005090941,-0.0024907421,0.0033308046,0.0024050323,-0.00092837034,-0.0050871344,-0.0011542484,-0.0037961162
2024-09-30,0.0030677682,0.0027262229,-0.007072691,0.0031716488,-0.0058840225,-0.006776793,0.0028757043,0.011772853,-0.0070169284,-0.005767408,-0.0038385785,-0.009490734
2024-10-01,0.002537264,0.0051159994,-0.010771532,0.0030172186,-0.002158362,-0.0006329766,0.0038773043,0.0056874487,0.0030170893,-0.006859947,0.0007409876,-0.0058088214
2024-10-02,0.00018332648,0.005592295,-0.0056953384,-0.00052611885,0.00061107933,0.00750427,0.0045576417,0.003596068,0.0033980901,-0.0031679058,0.006090003,0.00034773047
2024-10-06,-0.00054446975,0.0037414725,-0.007673933,-0.0028553684,-0.00069404644,-0.0013003005,0.0024384775,0.0023698586,0.00415875,-0.003288171,0.0023947011,-0.0031711725
2024-10-07,0.003750544,0.0058372724,-0.000294186,0.007282621,0.00035192975,0.0070976065,0.0012055556,0.0010989159,0.0032023238,0.003179587,0.0019157808,-0.00023558992
2024-10-08,0.0023935912,0.0022147833,-0.0028807926,0.0021252283,-0.0012435117,-0.0019330834,0.003315265,0.011110222,-0.0038131217,0.0014894868,-0.0074479133,-0.0034259704
2024-10-09,0.0017592167,-0.0014018693,-0.00081645075,-0.00044006127,-0.0038103664,-0.00817193,0.002058469,0.0059022084,0.000540129,-0.0031699373,-0.004649051,-0.003108955
2024-10-15,0.0045794835,0.001891867,-0.0052393842,-0.0034163075,-0.0039032956,-0.004589975,0.0035985268,-0.0009195847,-0.0014960638,-0.01697173,-0.0011603257,-0.004408456
2024-10-16,0.004549731,0.0015700214,-0.0032334586,0.0024796538,-0.002520604,-0.005182148,0.00012446725,0.0014051754,0.0023108372,-0.011777928,-0.0019649318,-0.0086719
2024-10-17,0.0063123098,0.003840293,-0.0011546344,0.0032735534,0.0006310082,0.00059309974,-0.0013666772,-0.0012677691,-0.00034304272,-0.0107758865,-0.00034266914,-0.002410001
2024-10-20,0.005677138,0.0049975673,-0.0003733163,0.0028404437,0.0006705622,0.0015224346,-0.0008645042,-0.0012071619,-0.000492411,-0.0071149766,0.0005674071,0.0016130671
2024-10-21,0.0016867393,0.0036564707,-0.0007618948,0.00081967434,0.0014930067,-0.0030834218,-0.002707297,5.3335272e-05,-0.0019336469,-0.012533267,-0.0006549501,0.00049695006
2024-10-22,0.0030779082,0.0021393828,-0.0015811778,-0.0025345269,0.0016947526,-0.0028805882,-0.0026455123,0.00027593994,-0.001023923,-0.0070827766,0.002912742,0.007988369
2024-10-23,0.0015846435,0.0025026863,-0.00019465433,0.0038088325,0.0013084954,0.0013806059,0.00021078394,0.00053490064,-0.001514893,-0.00012891105,0.0013145158,0.012437066
2024-10-24,-0.0008329446,0.0016773131,-0.003312765,-0.0008900811,0.0011487596,-0.0041470905,-0.00032523618,-0.0005077143,-0.008999928,-0.003200323,-0.0034110004,0.002568899
2024-10-27,0.001473949,0.0029868525,-0.0019085519,0.003913486,0.0012410566,0.0005277477,-0.0002006492,-0.00050322764,-0.005650551,-0.000626808,0.0005702552,0.0037596999
2024-10-28,0.001262413,0.0019468085,-0.0024783378,0.0032281443,0.0007342785,-0.0007585537,0.0010333447,0.00022395715,-0.003039188,0.00030820287,0.0005359507,0.007996625
2024-10-29,-3.0927185e-05,0.0033037453,-0.001839882,0.002373416,0.0011157448,-0.0011912913,0.000675056,0.0002722925,0.0028471025,0.0011213941,0.002378918,0.0030166476
2024-10-30,-0.0006034937,0.0045040864,-0.002014498,0.00020151553,-0.00084833306,-0.0006550159,0.0011018321,0.0010838198,0.0014453507,0.0028016323,0.0022127004,-0.0011859892
2024-11-05,-0.0012567185,0.003930098,-0.004506449,-0.0022270055,0.00018989312,0.00040375497,-2.261711e-05,0.00092520827,0.0032519687,-0.00021853222,0.0049151923,-0.005268789
2024-11-06,-0.0001767507,0.004262477,0.000935884,0.0012168306,-0.00018911611,0.0035731622,0.0014622016,0.0022963888,-0.0040043704,-0.002747247,0.0022316517,-0.004483133
2024-11-10,-0.00066057354,0.0013338588,-0.0006510625,0.0008462615,-0.00014624436,0.00039886666,0.000395792,0.001374471,-0.0023476763,-0.00044963585,0.00072242756,-0.003476139
2024-11-11,0.00065101165,0.0018079751,0.0007938646,0.0013814981,-0.0017239009,0.0013732912,0.000627638,0.0013909908,-0.0036700072,0.0069472287,-0.0012681505,0.0051387367
2024-11-12,0.0019881376,0.003413703,1.8881925e-05,-0.001437864,-0.0024363585,0.0020546322,0.0028497758,0.0013622975,-0.0009986714,0.006284073,-8.181576e-05,-0.0018643099
2024-11-13,0.0021354156,0.0021046032,-0.0006586165,-0.0016534037,-0.0013739781,0.0033060955,0.00048574543,0.006292185,0.0030478716,0.003156154,0.0027702146,0.0042393496
2024-11-14,0.0015087819,-0.00023708359,0.0026099228,0.00076012866,-0.0010492089,0.0016156957,-0.00027080002,0.0024540965,0.0018455142,-0.0019072373,-0.0019794966,0.004546763
2024-11-17,6.5189146e-05,-0.0020054483,0.003269299,-0.0005467565,-0.00018943765,0.00074312056,-0.00058321416,0.00091218256,0.0015760458,0.0002262393,0.0008701334,0.00081654603
2024-11-19,-0.00022441946,0.0004957995,0.0031340476,0.0009022978,0.0019545201,0.0023650613,-0.0033427908,0.0017878497,0.0021554658,0.00093343307,-0.002402892,-0.0047552004
2024-11-20,-0.0003124234,0.0006841204,0.0033328803,-0.00088714244,0.0013416209,-0.00064021285,-0.0031555463,0.00013911922,0.000981572,-0.0004799313,-0.0038376797,0.0016569834
2024-11-21,-0.00031766685,-0.00022630626,0.0049591274,0.002571005,-0.00032565178,-6.807002e-05,-0.002040316,-0.0011065872,0.00088862196,-0.0019745142,-0.003558851,-0.0012433017
2024-11-25,-0.00046567648,0.0008539385,0.0033329797,0.0030095486,0.00026591241,-0.0005928389,-0.0021149928,-0.00033943594,0.0008635724,0.008784337,-0.0022401542,0.0004634449
2024-11-26,-0.0017098393,9.6606964e-05,0.003438337,0.0010913326,-0.0012013349,-4.705449e-06,-0.0018673923,0.00069506356,-0.0008789015,-0.0011635008,-0.0003948756,-0.0059073996
2024-11-27,-0.0014559205,-0.00093776727,0.0051594013,-0.000932506,-0.001872191,-0.00035816297,-0.0018861161,-2.913794e-05,-1.2324483e-05,0.0025807496,-0.0010639885,-0.004193019
2024-11-28,0.00063921907,0.0002610054,0.0037785892,-0.002656675,-0.004589351,0.000589458,-0.001221854,-0.00027370133,-0.0005697617,-0.0027274177,-0.0028635692,-0.0016505916
2024-12-01,0.00042708413,0.0002555481,0.0038465117,-0.0052261804,-0.0036343534,7.810735e-05,-0.0008735598,-0.0004753166,0.000710304,-0.0009821956,-0.0008693147,-0.0020469425
2024-12-02,-7.7688484e-05,0.0005273625,0.0020025843,-0.0048050494,-0.0014980703,0.0021547072,0.00053471053,0.0014043273,0.0013738931,-0.0023392153,0.0015589253,0.0011113492
2024-12-03,-0.000365682,-0.0017283172,0.00080108485,-0.0033326147,0.0016835493,0.004427499,0.0020451567,0.0010809957,-3.5225647e-05,-0.002441265,0.001622936,0.0038339072
2024-12-04,-0.0005135859,-0.00089077785,-0.00061126024,-0.004382371,-0.0007011381,0.0012226356,0.0016576811,0.0009840627,0.00025393537,-0.0043044817,0.0029835042,0.0009186
2024-12-05,0.00044346118,0.00015469448,-0.0003051465,-0.001418062,-0.0015740804,-0.0006498654,0.0016130093,0.00035757592,0.0038498738,0.0007532786,0.0045906417,-0.005545545
2024-12-08,0.00090995705,0.00031703946,0.0012472306,0.00039998515,-0.0012267034,0.0012090385,0.0005698602,0.0008714135,0.0032914411,-5.3109834e-06,0.0028461134,0.0017233859
2024-12-09,-0.00079253357,-0.0014467451,0.0014598293,-0.0019120569,-0.00072446273,-0.001418683,0.0012776786,0.0008114618,0.0040462296,-0.00068505347,0.0025384387,0.0021136482
2024-12-10,-0.0013186431,-0.0004459576,0.0012255731,-2.196699e-05,0.0004590435,0.0023784891,-0.000205621,0.00070933433,0.0035460813,0.001628364,0.0043785684,0.00470396
2024-12-11,-0.0021861286,-0.0008662955,0.0010427319,-0.0019348657,0.0007848262,0.0027868247,-0.0002844298,0.00068638666,0.000534938,0.00073388155,0.001632235,0.0010230637
2024-12-12,-0.0013826187,-0.00043496402,0.00034274376,0.00072209956,-0.002304919,-0.00024406688,-0.00069235783,0.00013678957,0.0013008378,0.004244845,-0.00057720946,-0.001283159
2024-12-16,-4.5655004e-05,-0.0020141548,-0.0008660666,-0.003041554,-0.0027845567,-0.0027868417,-0.0011847666,-0.0002983517,0.0052734558,0.009389934,0.00010784512,-0.0022806453
2024-12-17,0.0007085301,0.00019462235,0.00070746,-0.003595379,0.00024501575,0.0009306791,0.00048189296,-0.00024398218,0.003713968,0.008424305,0.0025319194,0.0022318317
2024-12-18,-0.00049506646,-0.00050840614,0.0006474359,-0.0022547976,0.00039180412,-0.00031959015,0.00024104898,-0.00022881257,0.008040347,-0.00024300191,0.0019748549,0.005007205
2024-12-19,-0.0014906607,-0.002203886,0.00075454696,-0.0069630053,0.0016317161,-0.0006015754,0.0031248394,-9.807054e-05,0.003139857,-0.002795016,0.0007723817,0.0014300933
2024-12-22,0.0002463364,-0.0006930135,0.0006729116,-0.0027299235,0.0017194722,-0.00060852856,0.0008214675,-0.00043965195,0.00211015,-0.0017722631,0.0020270455,0.00066086
2024-12-23,0.0010897743,-0.00034683553,-0.00021072268,-0.00021093758,0.0015972629,0.0008229802,0.0018183871,0.00089191424,0.0044269697,0.00077483244,0.0026579674,0.001594382
2024-12-24,0.0015200072,0.0010480167,-0.0017156706,-0.00093162776,0.00032698142,-0.00097093027,0.0011193538,-0.00048984884,0.0017037299,0.00127047,0.0011590195,0.0048576086
2024-12-26,0.0022631558,0.0014644433,-0.001448324,-0.00052804773,-0.0023498056,-0.0010689779,7.06056e-05,0.00021986358,-0.0013810252,0.0003793726,0.004445548,-0.0010764822
2024-12-29,0.0025645546,0.0025307795,-0.0005356076,0.0006420089,-0.0019604354,0.0024385278,4.9304916e-05,0.0004278949,0.00054620433,0.0013978134,0.00482833,4.955416e-05
2024-12-31,0.002276329,0.0001836188,0.00014657271,-0.0004090389,-0.0020924225,0.0010712403,0.0008341947,0.0006853025,0.003637741,-0.000937834,0.0026394175,-0.0018313655
2025-01-01,0.001696886,-0.0011881257,-0.00021466718,-0.0009196016,-0.0011258496,0.0007837949,0.0007778543,0.00093772926,0.002239056,0.0015784148,0.00038038177,-0.00082557224
2025-01-02,0.001468553,0.0005339027,0.0012840126,0.0019953246,0.0005709141,0.0041706595,0.0005205893,0.0014950295,-0.00035978266,0.0037823927,0.002103309,0.006427274
2025-01-06,0.0027300604,0.00022678266,0.0024160093,0.0030352846,-0.0012990604,0.0031991191,-0.00057363993,0.0044637783,-0.00056011643,0.0009212471,0.0009975717,-0.0046376316
2025-01-07,0.0048789196,0.0019329181,0.0029491405,0.003539791,0.0017131392,0.0059629777,-0.00078675366,0.0014732317,0.0022060138,0.0016586052,-0.0032256392,0.00032930906
2025-01-08,0.0046334728,0.0013401603,0.0032260432,0.00020941818,0.0011494174,0.002891004,-0.00037651655,0.00037114625,0.0008395374,-0.0016169916,-0.004668054,-0.0038856866
2025-01-09,0.0042445785,0.0018971444,0.0037084147,0.00016867806,-0.00026535103,0.002908241,8.5529406e-05,0.00032879744,0.0012876675,-0.0064018406,0.0010069889,-0.0020488794
2025-01-12,0.0030889437,0.00079499,0.002160805,-0.002027056,0.00075634377,0.0022295143,-0.0002583667,-0.00028275838,0.0017341031,-0.0035394111,-0.0019887346,0.0003750235
2025-01-13,0.0015803466,-0.0001147915,0.0027387547,-0.0012760255,0.0012169268,0.0015001418,0.0009952732,0.0012903376,0.0047656745,0.00028714296,-0.0029528616,0.006239141
2025-01-15,0.001333782,-0.00019666262,-0.00035667274,-9.053474e-05,0.0016583216,-0.0007122992,0.00016728695,0.001437823,0.0033579993,0.0037039577,-0.00764143,-0.00096671033
2025-01-16,0.0012318958,0.00067738706,-0.0036152697,0.0009757194,0.0009876167,-0.0007133552,-0.000902401,0.0028692733,-0.0014074144,-0.0031322169,-0.0053058914,-0.0010275492
2025-01-19,0.0015909559,0.00080899795,-0.0011988454,0.0008110585,0.0003356858,6.539066e-05,-0.000677695,0.0011764554,-0.000505108,-0.0021350654,-0.003098288,0.0023053512
2025-01-20,0.0022707428,0.0012437997,-0.0015077784,0.0015280829,0.0013442894,0.0032081576,-0.00063048064,0.0012264422,0.0001667479,-0.006486074,-0.00020577072,0.0014452673
2025-01-21,0.002051825,0.0013150431,-0.0006415599,-6.620423e-05,0.00019308826,0.0017828674,0.0017508806,0.002261468,0.00062883226,-0.00017955812,-0.00049404526,0.0016716153
2025-01-22,0.002127134,0.001073492,4.193862e-05,0.0011483955,-0.0010833759,0.001798433,0.0012890787,0.0017155493,0.0014985548,0.0067877364,0.0015835965,-0.003209838
2025-01-23,0.0032223635,0.0021302514,0.0009838707,0.001737941,-0.0022062382,0.0026208695,0.0017070253,0.00197268,-3.4626573e-06,0.0055312933,-0.0004465705,-0.0011778253
2025-01-26,0.0032950386,-4.445779e-05,-0.00037205272,-0.001749343,-0.0019043544,-0.000784978,0.0005839322,0.0020839875,-0.0021420366,0.0035248534,-0.0029538153,-0.004076933
2025-01-27,0.004217534,0.0010755694,-0.0002826908,-0.00019692059,-0.002212392,0.002496032,0.000737523,0.0017021573,-0.0033437593,-0.0043832688,-0.0028652044,-0.0040519973
2025-01-28,0.0033224146,2.6208465e-05,-0.00019251945,-0.000812452,-0.0013103795,0.0014978608,0.0008578055,0.001427952,-0.0025544257,-0.0061578793,-0.0029166585,-0.00262677
2025-02-02,0.0029961504,0.00042834683,0.0010015318,-1.2255739e-05,-0.00045720133,0.0017505528,0.00022659337,0.0013266384,-0.0018216043,-0.003898551,-0.0027036173,0.00068919704
2025-02-03,0.0048302934,0.0030674918,0.0021481784,0.00072139746,-0.0016344248,0.003930786,0.002369651,0.0007010303,0.0030558358,-0.0016531269,-0.0039003848,-0.0009518454
2025-02-04,0.0052497867,0.0016956017,0.0019241679,-0.0027072094,-0.0018671446,0.001856917,0.0013732605,0.0014635429,0.0037717007,-0.0021344891,-0.0015440595,-0.0033861569
2025-02-05,0.0049503543,0.0015462447,-0.0010670116,0.0015866918,0.00039983832,0.0048810267,0.0008448052,0.0010509277,0.0035822485,0.00016716699,0.0014826588,0.0072071813
2025-02-06,0.002939165,-0.0006218502,-0.0033261229,0.0017583896,0.001317612,0.0005050876,-0.0007421199,-0.00039204728,0.0030170928,0.0021697413,0.0038867022,0.007637451
2025-02-09,0.00042121654,-0.000932967,-1.8072024e-05,-0.0017259831,0.0023111335,-0.00033695978,-0.00053436664,-0.0010280658,0.0026119805,-0.0013812371,0.0010413835,-0.00060447346
2025-02-10,0.00081990886,0.0008204791,-0.00040460314,-0.001596255,0.0026096997,0.0030745447,0.00073079835,0.0007227032,0.002492033,0.0016761518,-0.0006581975,-8.027785e-05
2025-02-11,0.00068742054,0.0006799271,-0.00017337885,-0.0006820213,0.0012723223,0.0025153218,0.0026538384,0.002844266,0.0025446785,-0.0010799689,-0.0014996051,-0.0024505442
2025-02-12,0.0008830469,0.00068176165,0.0005937418,0.0012052706,-0.00018250477,0.00019354228,0.0039916323,0.002280065,0.0011252983,0.0029054638,0.0023597274,-0.0015985272
2025-02-13,0.001260054,0.0012199923,0.00070581504,-0.0002761946,-0.0002515188,0.0007946409,0.0045302915,0.0022033567,0.0046908325,-0.0021484836,0.003936235,-0.00031969085
2025-02-16,0.0006645735,0.0022229806,0.0019375067,0.0005098039,-0.00084127294,0.0023772225,0.0019836137,0.002752332,0.004929363,-9.889569e-05,0.0036588658,-0.0013483549
2025-02-17,0.001504123,0.0020965822,0.0009980861,0.0003707183,-0.0017729683,0.002598601,0.0027442216,0.0034104825,0.0069723143,-0.001539408,0.0015699852,-0.005237103
2025-02-18,0.0023170598,0.0020845465,0.0017178829,-0.00026386866,-0.0042640427,0.0003467773,0.0036255813,0.0022087197,0.0062768343,-0.006198936,-0.0045069833,-0.009227081
2025-02-20,0.0037161405,0.0022368848,0.0024247507,-0.0010755153,-0.004295833,0.0015417973,0.0027371938,0.0026278873,0.0038986974,0.0010610465,-0.0033941383,-0.006387134
2025-02-24,0.0043566506,0.0018407372,0.0003634433,-0.00041145104,-0.0034019013,-4.4209708e-05,0.003058117,0.0015146362,0.0032341587,0.0028868136,-0.004263466,0.0028043685
2025-02-25,0.0042227576,0.0009743087,-8.948479e-05,-0.00052299415,-0.0038788782,-0.00083361455,0.0014626984,0.00021922536,-0.001912032,-0.0044175615,-0.0021788704,-0.00759421
2025-02-27,0.004329451,0.0021901838,0.00035622495,0.0022920659,-0.001159915,0.0019301982,0.0029583978,-0.0005668144,-0.0014297201,-0.0025650167,-0.0041064597,-0.00032034022
2025-03-02,0.0046369764,0.002658509,0.0020206338,0.0032880986,-0.0025551994,0.0021880062,0.0011110958,0.000991494,0.00030729268,-0.003265681,-0.0020628073,0.0011121013
2025-03-03,0.0059491056,0.0023213993,0.004078272,0.0022998007,-0.002481418,0.0010264103,0.00074309803,0.001032351,0.0030356797,-0.00064554444,-0.0047525032,-0.0031243663
2025-03-04,0.005491096,0.0005255246,0.0028316597,-0.0014258635,-0.0013037575,0.0027384402,0.0013309206,0.0005589497,-0.00044112053,-0.0030289353,-0.005246718,0.00032738992
2025-03-05,0.004441239,0.00031384523,0.0024682751,-0.0042163343,-0.000851317,0.001610856,-0.0016624504,0.0037841909,0.0012364814,0.022783648,0.003628508,0.0014890942
2025-03-06,0.00084333366,-0.0026489892,0.0014129537,-0.0025411288,0.0031633026,-0.00058358215,-0.0027963335,0.0024472992,0.0057778577,-1.8074992e-05,-0.0031953037,-0.004168284
2025-03-09,-0.0015442274,-0.0025003839,0.0032444708,-0.0013881165,0.0019791417,-0.0019656632,-0.002300236,3.2917014e-05,0.0025189605,-0.0020164063,-0.0003314339,-0.0010792939
2025-03-10,-0.0013553093,-0.0006605618,0.0026164458,-0.0019676676,0.0017671734,-0.0021617312,-0.0033309509,0.0027997633,0.00129516,0.0020199008,0.0042075245,-0.0024987294
2025-03-11,-0.0010898474,-0.00027900963,0.0050652525,-0.00048077252,0.0013211865,0.00089033163,0.0004608976,0.0007623473,0.0039887023,0.0010311243,0.0036965262,-0.0052168146
2025-03-12,-0.0021899242,-0.0018582311,0.0037649812,-0.0014582779,0.00025379832,-0.0016612201,-0.0014295261,0.0014906717,0.0012067034,-0.0018957409,0.003701411,-0.0043897433
2025-03-16,-0.0025838483,0.0001713715,0.0037956494,0.0010256581,0.0002894613,-0.00025710248,-0.00033226766,-0.0003927771,0.00075918203,-0.0044616847,0.0015719638,0.0014402226
2025-03-17,-0.0031924797,-0.0005473069,0.00029133214,-0.0013832741,0.0021054952,0.00028730332,-0.0011058501,0.00070112204,0.0018756134,-0.002560155,0.0038412027,0.0010635118
2025-03-18,-0.0013050376,0.00026857975,-0.0013424507,0.00025985864,-0.00022829906,-0.0021004854,0.00014159386,0.001083323,-0.0016617959,-0.0048290165,0.0046564667,-0.0045420853
2025-03-19,-0.0011461242,-0.0008619428,0.00053679,-0.00023775123,1.2641714e-05,-0.001301788,0.0028232997,0.000744417,0.0018546039,-0.0022136704,0.0014439668,0.00094676577
2025-03-20,0.00014558464,-0.0008894889,-0.00014846644,-0.0007220719,0.0005666585,0.00018506846,0.0021232793,0.0029939602,0.005426419,-0.003182184,0.0021244925,0.0047490187
2025-03-23,0.0011237061,0.00028767574,1.9311847e-05,0.00056276814,0.0008620045,0.00043544517,7.081067e-05,0.0014172166,0.0035235034,0.0018283359,-0.0001310939,-0.0018240004
2025-03-24,0.0021885247,-0.0012173918,0.00051967974,-0.001968466,0.0025027907,0.0018654012,0.00027633924,0.001620213,0.009897913,0.0045013633,0.0015594228,0.010755898
2025-03-25,0.0023473424,0.001197709,0.0012000455,0.0012064518,0.003016953,0.004758738,-5.1927287e-05,0.001226234,0.0060598776,0.011588032,0.00083918945,0.0066653877
2025-03-26,0.0020432817,-0.0026687144,-0.00089253037,-0.0023709366,0.0055658217,-0.0005006133,-0.00016038661,-0.0006051113,0.011004564,0.009707325,-0.00042598083,0.0056357225
2025-03-27,0.003870546,0.0017948172,0.002206508,0.0007438407,0.0032700694,0.0043535586,-0.0023205988,0.0014275385,0.009094753,0.007960342,-0.0033513114,0.003197683
2025-04-01,0.0050804103,0.00051022926,0.0018108822,-0.0005017677,0.0025423968,0.0042682188,-0.0024176035,0.0024567458,0.002322018,-0.0025070845,0.0050189616,-0.0010812012
2025-04-02,0.005318552,-0.000445603,-0.0016821972,-0.00068804,0.0032514168,-1.5201513e-06,-0.004269361,-0.0004070723,0.006421998,0.002435611,0.006186799,-0.00077523774
2025-04-03,0.0056780763,-0.0009264311,-0.0018898887,0.00026620313,0.002773726,0.0021963725,-0.0033569902,0.00019721349,0.0051446306,-0.0033837368,0.0008388378,0.009127426
2025-04-07,0.005331777,-0.001412105,0.00093528046,-0.0015906317,0.0014518427,0.00086803106,-0.0030521876,0.0028607312,0.0033652368,-0.005696546,0.0016197022,0.0011112394
2025-04-08,0.0049575977,-0.00048823789,-0.0016139499,0.004131964,0.00067616225,-0.0066646137,-1.2668665e-05,0.0017159355,-0.0034088378,-0.013686695,0.0066888146,0.006877252
2025-04-09,0.004030129,0.0011475349,-0.001608005,-0.008132513,0.00033411893,-0.011713096,-0.0027728635,-0.0014499424,0.009451113,-0.00036017149,0.0016882436,0.005913136
2025-04-10,0.003408884,4.93665e-05,-0.0060159937,-0.009466809,0.0032515132,-0.013129384,-0.0023657724,0.006971398,0.0014383106,-0.0007532597,-0.005367426,0.011062651
2025-04-13,0.003512295,0.0015507643,-0.004498882,-0.0043198527,0.0017339899,-0.005451647,-0.001351479,-0.0041427696,0.00031062678,-0.003046016,-0.006382523,0.0023559846
2025-04-15,0.0031871928,0.0018784888,-0.003106498,0.003140488,0.0012908811,0.0008853102,0.0035257153,-0.0069660866,-0.00017529138,-0.01028635,-0.0018181494,-0.006670157
2025-04-16,0.0036277205,0.0019465152,-0.0019018291,0.0021438452,-0.0008782633,-0.00039655872,0.0006779942,0.0007412338,-0.011372131,-0.00030134042,0.0010244737,-0.006795947
2025-04-17,0.0037591336,0.0012411638,-0.00028238632,0.0018575755,-0.00059323624,-0.0010209752,0.0018125155,-0.0036562167,-0.007118538,0.0009138154,0.0013760927,-0.008208297
2025-04-20,0.0051030256,0.0024883049,0.0009488524,0.002228557,-0.00084597844,0.0050300118,0.00039579414,-0.0036069418,0.002354179,0.00019338436,0.0007568253,-0.00024972408
2025-04-21,0.0040642666,0.0009812639,-0.0011924482,0.0004052705,0.0015856475,0.0030282289,-0.0010702608,-0.0012658781,-0.00033612218,0.0006138047,-0.0019441438,-0.0018469226
2025-04-22,0.004272643,0.0007129118,0.0003173487,0.0010822859,0.0013526285,0.00541903,0.0018794476,-0.0013507435,0.0013546876,-0.0011095931,0.0007260616,-0.00097612006
2025-04-23,0.0033692473,0.00073750055,-0.0002229829,0.0025496075,0.002971317,0.0058458247,0.002222744,0.000560875,0.006003312,0.0023447564,-0.0015050126,-0.002881358
2025-04-24,0.0023404446,0.0007107151,-0.0017389783,0.0017350083,0.003920599,0.0014804907,0.0017620027,-0.00015313033,0.008525545,0.0049234624,-0.001376681,0.0020238075
2025-04-27,0.0022228525,0.0015077617,0.00043264413,0.0033144387,0.0025747707,0.0024067785,0.002143029,0.00042907437,0.004566372,0.003878824,0.00020028831,0.0050260173
2025-04-28,0.0026379046,0.0012662986,0.0014917483,0.001290756,0.0011426199,0.00013151421,0.0030744697,0.0015862049,0.0068433736,0.0045842016,-0.00082313846,-0.00025495212
2025-04-29,0.0025568649,0.0015961273,0.0006614084,0.0020307957,-0.00020698941,-0.00040541746,0.0019372336,0.002006329,0.005593771,0.0036936635,-0.0026053125,0.00020994016
2025-04-30,0.0020485972,0.0006817866,0.001036335,0.0019028606,-0.0010105504,-0.00043714297,0.0027685286,0.0017271137,-0.00046814157,0.0028569128,-0.00052917545,0.0014442569
2025-05-04,0.0017584264,-0.0003007701,0.0003874246,-0.00023917586,-0.00090180925,-5.7046826e-05,0.0019301723,0.0016859306,-0.0015352641,0.00043615376,-9.412231e-05,0.0012534012
2025-05-05,0.0016411811,-0.00043221988,-0.0012052334,0.001023843,0.001258737,0.00081383437,0.0020743746,0.0010576788,-0.0037607744,0.0025081171,-0.00018828124,-0.00026861974
2025-05-06,0.0016466796,-0.0002373996,0.00094675453,0.0005861688,-0.00030624453,-0.0010239326,0.0032966104,0.0013678307,0.002093164,0.0026182607,0.0015842586,-0.002067508
2025-05-07,0.0022865343,-0.00019510224,0.0016254201,-0.0011292808,-0.0011968524,0.001723737,0.0021931955,0.0026151931,0.002865196,0.009197163,-2.355181e-05,-0.0034917637
2025-05-08,0.0035919547,0.0006122333,0.00015542482,0.0008172339,-0.0031226054,0.00526846,0.0012246456,0.0024969107,0.003600936,0.0040615834,-0.0030855872,-0.0077216392
2025-05-11,0.0043102037,-0.00065722625,-0.0003346941,-0.002880021,-0.0037314089,0.0013503374,0.00080542977,0.0020082616,0.0022026927,0.0016668125,-0.002026138,-0.0053636353
2025-05-13,0.0048841694,0.0011415682,-0.0029748746,-0.00014679693,-0.0041347365,0.0031644343,0.0011119394,0.0031740484,-0.00014903705,-0.0032895424,-0.0027149087,0.0015762707
2025-05-14,0.0032467656,-0.0008690956,-0.003693601,-0.00072305853,-0.00017870223,0.0043677255,0.00092080666,0.0020194536,0.004067022,0.008716803,0.0015498083,0.0021604286
2025-05-15,0.0023721245,-0.001687994,-0.0023063219,-0.0034202628,-0.0020256902,0.0005429792,0.0013026947,0.002278676,0.003857594,-0.0026619066,-0.00446809,-0.0021981914
2025-05-18,0.0017019731,-9.841425e-05,0.00020659028,0.0022329944,-0.00037455262,0.001441878,0.00037030832,0.0021350735,-0.0029550048,-0.0008172793,-0.0048935027,-0.0025978133
2025-05-19,0.0021866218,-0.0001936382,0.001381167,0.0032732105,0.0017353897,0.003697189,0.0012069712,0.0026571988,-0.0018030675,0.0065028835,-0.0022256991,-0.0025644987
2025-05-20,0.0023730698,-0.00011300942,0.002056175,0.0040759128,-1.2519653e-05,0.0011381586,0.0005755054,0.0015995007,-0.0024038702,-0.0017221486,-0.0012176412,0.00028547773
2025-05-21,0.003311679,0.0009849254,0.0016307682,0.0020930497,0.00023683487,0.005282478,0.00068901223,0.0016747089,-0.002167202,0.0025722485,-0.0025633373,0.0017581698
2025-05-22,0.0030306296,0.00027772793,-0.00020699255,-0.0028772983,0.0005006964,0.004709799,0.000898298,0.0010574961,-0.0006446577,-0.00030047278,-0.0026197417,-0.0013277517
2025-05-25,0.004169852,0.00095478597,-0.0002085694,0.00139275,0.00039612383,0.0045679393,0.00020302093,0.0014240677,0.00063584826,-0.00032143464,-0.002773705,0.0026583523
2025-05-26,0.002756289,-0.000886765,-0.00012880436,-0.0018940412,0.00152174,0.002767122,-0.00040814996,0.0018871638,0.0039010006,-0.0006288472,-0.0020913642,0.0026843962
2025-05-27,0.0027718768,-0.00046616368,0.0006006479,0.0015507548,0.004067426,0.0014286491,-0.0007008267,0.00044950965,0.0014711372,0.0051426115,-0.003098007,0.0018720625
2025-05-28,0.0021402286,0.0003019175,0.0019918524,0.0031680118,0.0013050819,-0.0002506051,0.0007318801,0.003113346,0.0031100276,-0.0003180913,0.00016182411,6.361294e-05
2025-06-02,0.0029735018,0.0005431907,0.0020396393,0.0013343617,-0.00073864806,-0.00033005065,0.0014214562,0.0015729315,0.005119395,0.002845525,-0.00044302683,-0.0010941846
2025-06-03,0.003950342,0.0013146393,0.002231423,-0.00058788894,-0.0009168995,0.0020767776,0.002110001,0.0020364693,0.0046320846,0.002171819,-0.00024676305,-0.0047807833
2025-06-04,0.0029277445,0.00062225503,0.0009057063,-0.0010903687,-0.00048185833,0.00061755,0.0020261635,0.0019232815,0.0018536979,0.0044881576,0.00200943,-0.0013141367
2025-06-05,0.00080306723,0.0010603647,-0.00023349811,-0.0005480324,0.00037911782,0.00040284483,0.0013936273,0.0007441055,0.0024263512,0.000554663,0.0011025411,-0.0050808224
2025-06-09,0.001135526,8.0544094e-05,0.00044672762,-0.0007282971,-0.0022712213,-0.003888374,0.0011552765,0.0009350498,0.0010299042,0.004159619,0.0026857045,-0.0047253435
2025-06-10,0.0016430751,0.00029442037,0.0013848144,-0.00061298866,-0.0038861528,-0.001273144,0.0021971553,0.00076569367,0.002022943,0.0017972579,0.004417819,-0.0043847333
2025-06-11,0.0029832243,5.9753074e-06,0.0006269491,-0.00030435954,-0.005642984,-0.0025967055,0.0012454183,0.00097163435,-0.0008375748,0.0026422797,0.0051484355,-0.009677554
2025-06-12,0.0036122373,-0.00026378664,0.00043962078,-0.0015550347,-0.005985861,-0.0017303226,0.0017300809,0.0006858949,-4.692562e-05,0.0008104588,0.004611411,-0.009824186
2025-06-15,0.003919111,0.00022538457,0.0012216344,-0.00093395164,-0.005095059,0.0012721301,0.0009350155,0.0013311361,-0.0018280915,-0.00013938366,-0.0002638105,-0.005781801
2025-06-16,0.0025612123,-0.00030481635,0.0015758099,-0.0034996092,-0.0061689033,-0.0031038863,0.0009061678,0.0020096244,4.2427564e-05,-0.0042444007,0.0018833017,-0.0044304896
2025-06-17,0.0030009174,0.0002319002,0.0002715994,-0.0013459946,-0.004675733,-0.0025871007,0.00015566335,0.0012126699,-0.0015511471,0.0031674234,0.0027129322,-0.0037868146
2025-06-18,0.0025961518,0.00083269534,0.00059417624,-0.0005149515,-0.00543678,-0.0022749417,0.00042202734,0.00024465163,0.00411358,0.002906104,0.0016284145,-0.0043352298
2025-06-19,0.0031399997,-0.00011327886,0.0022103402,-0.00043389673,-0.003969973,0.00023405813,0.0012975247,0.0009792477,0.003716828,0.0004238676,-0.0027128435,-0.0023740095
2025-06-22,0.0032657215,-0.0018140872,0.0014749444,-0.00032633456,-0.002623665,-0.00076842104,0.000778271,0.0010858506,0.0027853288,-0.0008016723,-0.00183838,-0.002753756
2025-06-23,0.0021749751,-0.00090298295,0.0013500974,-0.001296473,-0.0011459019,-0.0015929765,0.0014163994,0.0015952655,0.0017484946,0.0014505606,-0.0034429494,-0.001175876
2025-06-24,0.00013972307,-0.0003603142,-0.00062434276,-0.00018646201,-0.00058464386,0.0012127754,0.0001238755,0.0006408614,0.0046353303,0.0041687307,0.0006358608,0.00057982665
2025-06-25,-0.00031832274,-0.0013110137,-0.0021341017,-0.00068011653,-0.00014482893,-0.0018806369,0.00031153223,1.0479707e-05,-0.0033876973,-0.0005925899,-0.003731936,-0.0075428346
2025-06-26,0.00089060894,-0.000510669,-0.001152745,-0.00025772845,-0.004198796,-0.0016022329,-0.0009052846,-0.00012516114,0.0038194903,-0.0035746584,-0.0009697425,-0.0061042868
2025-06-29,0.0021696943,-0.000331673,-3.7176535e-05,0.0002769204,-0.002805562,-0.00060784986,0.00014250481,-0.00023484713,0.0063602217,-0.00084680837,-0.0019759387,-0.0012550622
2025-06-30,0.0027624993,0.0008449714,-0.00032744772,-9.735674e-05,-0.0021556127,0.00088618544,0.0016859809,-0.00031672948,0.004232528,0.0030168858,-0.0011396285,0.003907183
2025-07-01,0.0031317377,0.0007357769,-0.0003674493,-0.0010535358,-0.002453057,-0.00030719762,0.0012360399,0.0015208418,0.0090938825,0.0018178672,0.0005727311,0.003249912
2025-07-02,0.0041176397,0.0019827874,0.00086046325,0.00014511473,-0.0026931935,0.0050380025,7.605937e-06,0.0014701321,0.007821494,0.009500776,-0.00030522753,0.0031480829
2025-07-03,0.005842082,0.0020594867,0.0002361309,0.0015079776,-0.002015658,0.0042336453,0.00012185401,0.0003789518,0.0037494383,-0.0008307626,-0.00067839917,0.00013100985
2025-07-06,0.0069414955,0.0012714774,-0.00016571616,-0.00083155505,-0.0015115114,0.002617587,0.00015602668,0.00050787587,0.0010755467,0.0011763705,0.00011152995,-0.0014386007
2025-07-07,0.0067703775,0.0018478751,0.000815335,-0.0014186057,-0.0037223736,0.002485837,0.0005868806,0.00072076696,0.003018253,-0.0032128317,0.0010971131,0.003392846
2025-07-08,0.005246356,4.8079528e-08,0.0011019047,-0.001995481,-0.0028191984,0.000568808,0.0014854877,0.00090696075,-0.0010702177,0.00034584466,0.002526588,0.0016121708
2025-07-09,0.0034613928,-0.00016942882,-0.00027892407,-0.00024442677,-0.002904492,-0.00027890952,0.0017356549,0.00061392755,0.003946457,-0.0014895538,0.0007998649,-0.00062547374
2025-07-10,0.0029896065,0.0010052756,0.0009859876,0.0014599675,-0.0014653036,0.0012175678,0.0024395408,0.00038330676,0.0059893555,0.0038393082,0.0009278547,0.00065924233
2025-07-14,0.005891338,0.0015678003,0.0031406223,0.000441217,-0.0033054922,0.0032229158,0.0026559792,0.0013194657,0.0027244012,0.0021430783,0.0009484516,-0.0024982183
2025-07-15,0.0044688117,-0.00026776874,0.003122351,-0.0011547159,-0.00541831,-0.002383595,0.0033993658,0.0017177837,-0.0013144838,0.0005390559,0.0016863078,-0.009929053
2025-07-16,0.0036707467,0.00038966374,0.0032118708,0.001412747,-0.0052023185,0.0006589463,0.0038728486,0.0006324774,-0.0015203936,-0.006288993,-0.0016485953,-0.011782249
2025-07-17,0.0029422694,-0.00022232474,0.0036083756,-0.0028043143,-0.0032804555,0.00035576816,0.003500343,0.0008149814,-0.0024947294,-0.0024425508,-0.0037403575,-0.003061099
2025-07-20,0.004651564,0.0012093342,0.004242301,-0.0013131914,-0.003136091,0.004845566,0.0020045391,0.0011512436,-0.00023872388,-0.0016464132,0.00046756468,-0.0016462228
2025-07-21,0.0065574646,0.0008604486,0.0005445921,-0.0040296107,-0.0026111002,0.005328825,0.0028141742,-2.2988592e-05,-0.0009148131,0.00030646977,0.0005597944,-0.0048459675
2025-07-22,0.0063416027,0.001103698,0.0020339773,-0.0037302792,-0.0026984278,0.0061604143,0.0027108619,0.0011581235,-0.0015462916,-0.0007941726,0.002524136,0.0009989957
2025-07-23,0.0048231217,-0.00019056757,0.002085629,-0.0040479703,-0.0041229255,0.0037561487,0.0024496568,0.0012826568,8.116616e-05,-0.0016948364,0.0041283676,0.0015022615
2025-07-24,0.0023748702,-0.0026844647,0.0009955073,-0.004690816,-0.0023865914,0.0034458989,0.0032544597,0.0022643746,0.0027431543,0.0017671646,0.0034589444,-0.01254362
2025-07-27,0.0035225954,0.000793095,0.0021549317,0.00058725686,-0.0038346264,0.004705675,0.0020745704,0.0020487437,-0.0004314356,0.0023879802,0.0049725003,-0.0030836873
2025-07-28,0.0037480355,-0.0007717342,0.0018718843,-0.00277604,-0.004181825,0.0007734457,0.0017655145,0.0024729273,0.0012989545,0.0028465234,0.0036555496,-0.004934526
2025-07-29,0.00092187844,-0.0018606733,0.0030286324,-0.002841026,-0.003159097,0.0030164,0.0013599442,0.002723569,0.0016623226,0.0011839047,0.0030223767,-0.00032380485
2025-07-30,0.00011080736,0.0009248806,0.0028274127,0.00370967,-0.004189067,-0.00019443454,0.0014870055,0.0013908488,0.0014926292,-0.0030320645,-0.00025321014,-0.0044129156
2025-07-31,-0.0014096375,-0.001507371,0.0011256891,-0.0001538585,-0.004779138,-0.0031862233,0.0018950037,0.0010966928,0.0018635518,1.709268e-06,0.0013167844,0.00077235483
2025-08-03,-0.0006915507,-0.0014353215,0.0022367071,0.005560371,-0.0034991673,-8.915266e-05,0.0011610258,0.0014655266,-0.0003150886,0.0016731501,0.00084297464,0.0014837505
2025-08-04,-0.003284422,-0.004782022,0.0032682864,0.0031684476,-0.0006081975,0.0005622448,-0.0004625016,0.003481158,0.0046560154,0.013066846,0.0009405435,0.0048866915
2025-08-05,-0.00539583,-0.0027276436,0.004270565,0.006319655,0.002129303,0.00057963067,-0.0023573923,0.00095821585,-0.0013790112,0.003186629,0.0012000473,0.002707408
2025-08-06,-0.0051043257,-0.004078945,-0.000109370216,0.0024384113,2.3669272e-05,-0.006173588,-0.003073908,-0.00010876928,0.0039576306,0.0012318664,-0.0032451458,0.0021770138
2025-08-07,-0.0034142162,-0.0022652927,0.0022314459,0.0028357285,-0.0002535057,-0.0009979738,-0.003423042,-0.00059631496,0.003149633,0.0006601944,-0.0014536479,-0.00089994847
2025-08-11,-0.0037850009,-0.0026995253,0.00054189656,0.0029046738,-0.0014930619,-0.0022323634,-0.0013159369,-0.0009700065,0.0051127225,0.0013817371,0.0022521873,-7.432705e-05
2025-08-12,-0.002512999,-0.0021962605,0.0004515224,-0.001347221,-0.002108904,-0.0030153405,5.7963538e-05,-0.0005803585,0.005978002,0.0015419283,0.0036895832,-0.002597799
2025-08-13,-0.0010257764,0.0002481457,-0.00096040877,0.000670645,-0.0027826554,-0.0004516787,0.000112608366,-3.267132e-05,0.0019683004,-0.0006728002,-0.0004884578,-0.0023295514
2025-08-14,-0.0012869753,-0.0009920348,-0.0016943605,0.0005531183,-0.001601923,-0.0021178906,0.0013115995,-4.777219e-06,0.0026362573,0.0026593802,-0.0052742045,-0.004550851
2025-08-17,-0.0003166176,-0.00019885832,-0.00014812755,0.00079208275,-0.00017525669,0.00023031374,0.00095332775,0.0010444969,0.0013201855,0.0034143035,-0.0022528577,-0.0025614065
2025-08-18,0.0015384008,-0.0006287947,0.0010280088,-0.0002750535,0.00030959945,0.0011572348,0.002395792,0.0020558308,0.0038238955,0.0048819464,-0.0016748286,-0.0023205164
2025-08-19,0.0028132126,0.0013224722,0.0013770267,0.0014505074,0.00016669062,0.005806536,0.0023736658,0.0018433612,0.0032719164,0.00543671,-0.0009869263,-0.00080782647
2025-08-20,0.0031454181,-0.0003133476,0.00068654976,0.000867705,0.00048100832,0.0018692685,0.0031275565,0.0013700316,0.0015225748,0.0039948183,-0.0026184076,-0.0038941514
2025-08-21,0.0039246194,-0.00075710175,-0.00034517347,0.0007348856,-0.0007479288,-0.00017005717,0.0020025047,0.0015948801,0.0013834636,0.00027995603,-0.00026274624,-0.001388056
2025-08-24,0.0035822606,-0.000493564,0.0006151795,0.0016452421,6.239454e-05,0.0019525362,0.00091350294,0.0019439724,0.0009880336,-0.00042118639,-0.00097319804,0.0034963198
2025-08-25,0.003597533,-0.0019751715,-0.0027285018,-0.00055157236,0.0011437335,0.0013012048,-0.00017173716,0.0029313252,0.0011901278,-0.005020336,-0.0008349346,0.0010683038
2025-08-26,0.0033554325,-0.00020910986,-0.002227402,-0.00097427535,-0.0013224275,0.0008025287,0.0011388651,0.0026891376,-0.0007570186,-0.0048242123,0.000956914,0.0064257146
2025-08-27,0.0031097794,-0.00044906448,-0.001879649,0.0002695679,-0.0038194053,-0.0034966522,-0.00096788356,0.00041324983,4.7727488e-05,-0.0013044667,-0.0026387514,0.00010260689
2025-08-28,0.004813426,0.00086631253,-0.0011350818,0.0021686223,-0.0031673848,0.001862677,4.583283e-05,0.0007521468,0.0048200185,0.000921855,-0.0013808124,0.0064217425
2025-08-31,0.00495097,-0.001575764,-0.0017955394,-0.001033708,-0.0014213542,-0.0014734224,-0.00018212618,0.0010047776,0.0034431375,0.0022693062,-0.00015229092,-0.0011369004
2025-09-01,0.003474159,0.00030122368,-0.0020342276,-0.0012131766,-0.0012334336,0.0011986026,-0.0009034742,0.0017152659,0.003643848,0.0021526741,0.0031883372,0.0005286938
2025-09-02,0.0013274816,0.00048403046,-0.0024464775,-0.0011222884,-0.00032069098,0.0013782457,-0.00036458817,0.0015929972,0.0019479156,-0.0022764127,-0.00010876631,0.007933471
2025-09-03,0.0006684268,-0.0016711343,-0.0026623968,-0.0034429173,0.0016579132,0.0009194077,-0.0012442584,0.0016454173,0.0036225521,0.004733183,0.00017179135,0.008387528
2025-09-04,0.001083411,-0.00014744693,0.00015088846,0.0017863582,0.0018706643,0.0011812861,-0.0012846643,0.00023924216,0.00421921,0.004916351,0.00068046484,0.0037423337
2025-09-07,0.0012190291,-0.00032448646,-0.00017507334,0.0017122987,0.001732595,0.0011716663,-0.0010508732,0.00020549493,0.0025684845,0.0037596975,-0.001367264,0.0010186197
2025-09-08,0.0011793969,-1.9581988e-05,-5.8569072e-05,-0.00012832345,0.002452061,0.0020092542,-0.0021623133,0.0006101429,0.0011781502,-0.0030542172,-0.0032252904,-0.0009713928
2025-09-18,0.0013912902,-0.00046022673,0.0006956707,-0.0005045521,0.00091511547,-0.001787751,-0.0024769448,5.954702e-06,0.00017229264,-0.0020266029,-0.0019273022,0.0017018525
2025-09-21,0.0023074043,-0.0030487988,-0.00015977304,-0.0053457185,0.002630676,-0.0013535605,-0.0017609585,-0.0002383049,6.097817e-05,0.00055327604,-0.0017243095,-0.0017964591
2025-09-23,0.0057559772,-0.0019795198,0.0018898249,0.0025533955,0.0004797434,0.0057024034,-0.0018445007,-0.00012960343,0.0018904072,0.0045311432,0.0034584682,0.009169311
2025-09-24,-0.003040789,-0.0037860197,0.0011982329,-0.007014932,-0.0031382376,-0.0046677175,-0.0013358009,-0.00052102545,0.0017434075,-0.0015368101,-0.001978766,-0.0028297072
2025-09-25,-0.0022061835,-0.0006983325,0.0013796852,-0.001272226,-0.0046458323,-0.0045621493,-0.00052001124,-0.00015389768,0.0003312322,-0.0034010035,-0.002217208,-0.0033120352
2025-09-28,0.00068052986,-0.00062534347,-0.00063602935,0.0026884421,-0.005255604,0.002011831,-0.000241131,0.00013206986,0.0014813741,-0.0018703225,-0.004205009,-0.004003849
2025-10-07,-0.00033427478,-0.0024200974,0.0031756293,-0.0019877392,-0.0038894063,-0.003005724,0.0018889224,0.0004111581,0.0025357346,-0.008967274,0.0035604401,0.006437764
2025-10-08,0.0010729821,-0.00045929948,0.004175014,-0.0047380175,-0.0021721018,-0.0012230421,0.0033082326,0.00059311825,0.0014558113,-0.005455186,0.007706488,-0.0038174714
2025-10-09,0.0055464436,0.0033824362,0.0020273372,0.0003752829,0.0008294609,0.0032087069,0.0028497044,0.0006923252,0.0007575571,-0.004903703,0.0068569565,-0.0022309965
2025-10-12,0.0052914806,0.0049437177,0.00041109213,0.0016945896,0.0015437403,0.0052970448,0.0019552375,0.0012104561,0.0001707208,-0.003906606,0.004502116,0.0037973516
2025-10-13,0.0039453646,0.0033165456,0.0021412612,-0.0027291432,-0.0013532373,-0.001805217,0.0009857989,0.0024521323,-0.0035112493,-0.001812652,0.0076952963,0.0041389894
2025-10-14,0.007542625,0.0029300267,0.00091615197,0.006321283,-0.0006984878,0.0075382665,0.0010091931,0.001446841,-0.00036261458,-0.0012292454,0.0038949957,0.009115068
2025-10-15,0.0011765494,-0.0013181183,-0.0013629359,0.0004929631,-3.7607097e-05,0.001953158,0.0019018941,0.0035684535,0.0025952335,0.007286127,0.0035939547,0.008252031
2025-10-16,0.0030505776,0.001210269,0.00030766657,-0.00024638,0.00214138,0.0012998654,-0.0015747182,0.0022316528,0.0015337858,0.0037664329,-0.000973183,0.0032782578
2025-10-19,0.0029173596,-3.783201e-05,-0.0015353735,0.0022173703,0.00088190415,0.00335319,-0.00056822406,0.0005997915,0.0036918663,0.0045295763,-0.0015666154,0.0063067167
2025-10-26,0.0033195696,0.0012797047,-0.0007192238,0.0038452453,0.0026738695,0.004063058,-0.00010330946,0.00032948444,0.0034113114,0.0036491351,0.0011746321,0.008166136
2025-10-28,0.0035230666,0.00089479197,0.0006161528,0.0034187678,-0.0006983298,-0.002098002,0.0004378332,0.0021490157,0.002585745,0.0029205824,0.0023606678,0.0034377126
2025-10-29,0.0064646364,0.00457284,-6.2280975e-05,0.0064505595,-0.0015500793,0.0038333389,0.0006988244,0.0012124779,-0.002786388,0.0020621577,0.0035102472,0.00078496896
2025-10-30,0.005010726,0.0030412888,-0.00013939635,0.00013970898,-0.003967586,-0.0012810174,0.001685129,0.0011220241,0.0005077017,5.3774682e-05,0.005520028,0.002226325
2025-11-02,0.0070957537,0.0045862575,0.0024544303,0.006377285,-0.001247016,0.004254705,0.000986458,0.0014490426,0.0022589471,0.0014609955,0.004409653,0.001973226
2025-11-03,0.0066474383,0.004508696,0.0019333726,0.0019907556,-0.0023114332,0.002932496,0.00017207745,0.0028199174,0.0029875769,0.0029831608,0.0041160444,0.003973115
2025-11-04,0.0049568843,0.0024229866,0.0036677143,0.0010887044,-0.00017017405,0.0015770753,-0.0007405815,0.0024129103,0.005211541,0.0032347895,0.0035297195,-0.0069439323
2025-11-05,0.0045234696,0.0017201942,0.0050704014,0.00332727,-0.0013433883,-0.0021512117,0.0009222839,0.0003663066,0.0049530743,0.0045634494,0.0017312677,-0.0026974736
2025-11-06,0.0035522196,-0.00044668192,0.005529664,0.005579532,0.0028068873,0.0044411337,-0.00016137655,0.00021153607,0.0042458083,0.00057503785,0.0024559645,0.004467639
2025-11-09,0.0029670687,-0.00074431085,0.004627401,0.0015234043,0.0028766687,0.0015490262,0.00045941613,0.00041961248,0.0031098598,0.00071682315,0.00060340227,0.00094647217
2025-11-10,0.0028387276,-0.0001819373,0.0025664866,0.0011448223,0.0012109741,-0.001384628,-0.0011265657,-0.0004815199,0.0027290029,-0.0005576434,-0.003563192,-0.0008687374
2025-11-11,0.002004409,0.0008896152,0.0020583225,0.00041822725,0.0034877276,0.005101487,-0.00070259016,-0.0011114336,0.0008321112,0.0046804375,0.00029076936,0.0030196675
2025-11-12,0.0006930862,-0.00027111336,-0.00017459679,0.002049121,0.0017273782,-0.0014888442,8.645898e-05,-0.0009554467,0.0044326927,0.0008221427,0.0008628103,-0.00010729232
2025-11-13,0.0006531546,-2.4084467e-05,0.001971496,0.00013430952,0.0030622154,0.0014020128,0.0010634122,0.00015860598,0.0048868535,0.0016808661,-0.002209407,0.0030993198
2025-11-17,-0.00012278953,3.8840575e-05,0.0011332778,-0.00025118486,0.00074966357,0.0004203016,0.00081325776,0.0020090397,0.00614134,0.0060645104,-0.0015721505,-0.0012305398
2025-11-18,4.8452755e-05,-0.00011055911,0.002483012,-0.001361165,0.00081044715,0.0009797115,-6.36382e-05,0.0021237659,0.007323595,0.008470708,0.00028887915,-0.0030317695
2025-11-19,0.0010036677,0.0008253447,0.0019990609,-0.0006898583,-0.0013903913,-0.00079233636,0.0003117573,0.0013243463,0.0037458367,0.0058834553,-0.0035005428,-0.006471974
2025-11-20,0.00076601474,-7.3465926e-05,0.0016541528,-0.002774988,0.00033333432,0.00030538853,-0.0029886523,-0.0015805559,0.004877416,0.008545768,0.0030587423,-0.0046236697
2025-11-23,0.0007270278,-8.006464e-05,0.001476839,-0.0022119991,-0.00084704586,0.0010582336,-0.0010354542,-0.0015408793,-0.00025682134,0.0038439326,0.0013508713,-0.00525044
2025-11-24,0.0024766095,0.001385808,0.002211837,0.0013207162,-0.0015419677,-0.0005572689,0.00062761176,0.0011888254,-0.0014414857,0.006927264,-0.0012275411,-0.0040586847
2025-11-25,0.004304897,0.0027113867,0.001164684,-0.0017962686,-0.0036514455,-0.00079608994,-0.00320632,-0.00082851754,0.0017892087,0.005285388,0.00579412,-0.0018988797
2025-11-26,0.004318247,0.0006159462,-0.001283311,-0.00049267925,-0.002279166,-0.0026622452,-0.0022854821,-0.0024621317,-0.0025685336,0.0050354567,-0.0052615497,0.0010817337
2025-11-27,0.00409513,8.16377e-05,-0.00031921262,-0.0009681151,-0.0022900314,-0.00015966443,-0.003301828,-0.00028551574,-0.008855847,0.0029616952,-0.0014716517,-0.006973535
2025-11-30,0.003158622,-0.001468424,0.00044136838,-0.0025314568,-9.792013e-05,0.0002330739,-0.001845716,-0.0014170606,-0.0047698594,0.0029282363,-0.001198025,0.00048826385
2025-12-01,0.001641107,-0.0023232526,-0.00089794333,-0.0041230824,0.0009890993,0.0022335094,0.0011999862,0.0007400303,0.0007669001,0.005290359,-0.00045160804,-3.925932e-06
2025-12-02,0.00093877484,-0.0006733953,-0.00068230036,-0.0005256341,-0.00020252715,0.0014324985,0.002622428,0.00092988234,0.0016632318,0.0076336823,-0.0014997949,0.0014917469
2025-12-03,0.00038424513,-0.0011462593,-0.0009648825,0.0002867505,-0.0001322885,-0.002305217,0.00026241524,0.0011097095,0.0032616921,0.0040104934,0.0023157657,-0.0012814484
2025-12-07,0.0006035785,-0.0013762142,0.0008254988,0.0005252266,-5.5368815e-05,-0.0010354435,0.00032880076,0.0011246162,0.00045270004,0.0037198737,0.0021659133,0.001118648
2025-12-08,0.00047123924,-0.00070661056,0.0018416927,-0.00025522168,-0.00095019484,-1.9158178e-05,0.0023906967,0.00021906092,0.002010718,0.0067092283,-9.414542e-05,0.0006181999
2025-12-09,-0.000297254,0.00030434696,0.00054842536,-0.0013183223,-0.0012980495,0.00017033995,0.0022633944,0.000793166,0.00021663256,0.00497867,0.0036883608,0.0016133662
2025-12-10,-0.0007657599,-5.0687348e-05,0.001004813,-0.0009982141,-0.0014094508,0.00074129115,0.003059898,0.0011429088,-0.00020972412,0.0047993986,0.00071208057,-0.00094055565
2025-12-11,-0.00032675551,-0.00045312074,0.0006936918,-0.00088398944,-0.001277755,0.00054038473,0.002700171,0.001275918,-0.0022081898,0.005331135,0.0007287815,-0.00050717377
2025-12-14,-3.6242476e-05,-0.00020966062,0.0018971974,1.4373625e-05,-0.0012614101,0.00062156346,0.001517316,0.0018877217,-0.00073763257,0.0031624662,0.001468716,0.0015847215
2025-12-15,-4.0062587e-05,-0.0012947142,0.0009484912,-0.0013835509,-0.0018165521,-0.0024183274,-0.0003681293,0.001975342,0.0024110528,-0.0017236976,0.00055735453,0.0022534723
2025-12-16,0.00030987372,0.00015426578,0.0016847027,3.561162e-05,-0.0020249127,-0.00087601115,-0.00077656,-0.00042984745,0.004168995,0.002549648,0.00028357815,0.0011416709
2025-12-17,0.0010768723,0.00082641037,0.0033010824,-0.0009500442,-0.0009831251,0.003168653,0.0010501115,0.003016529,0.00319185,0.004784416,0.0035137855,0.0051041613
2025-12-18,0.0016668478,0.0001780981,0.0012826116,-0.0027035922,-0.00010273227,0.0042131613,-0.001770091,0.0016339102,0.0074119526,-0.00031943974,0.00139204,0.0056628175
2025-12-21,0.0016474643,-0.00049111835,0.0015400213,-0.002007365,-0.0011406699,0.0018800709,-0.0011446115,0.00069041754,0.00249032,-0.0005252,0.0029315162,0.0028018295
2025-12-22,0.0009949282,-0.0006075666,0.00060593913,-0.0016535635,0.0020442149,0.0027605467,-0.0005165048,0.0013853837,0.0030605353,-0.00076533254,0.003229381,0.0018732471
2025-12-23,8.1946375e-05,-0.00077624636,0.0006505954,-0.002139409,0.0004329432,0.0009253256,-0.0015210165,0.0013252377,0.002959943,-0.011689231,0.002394491,-0.0005226493
2025-12-24,-0.00012910087,-0.0015237897,-0.00056357594,-0.0015145459,-0.0021264127,-0.00025872863,-0.001009204,0.0010931047,0.0026954361,-0.008580926,0.003906773,-0.0007392865
2025-12-28,0.00032849138,-0.0017006448,0.00017858681,-0.0014038759,-0.002002442,-0.0011735188,-0.00059995236,0.00068140606,0.003491306,-0.0032322977,0.001974857,-0.00089097786
2025-12-29,0.0023326532,-0.0005050399,-0.00041879778,-0.000966945,-0.0030451969,0.0021426086,0.0013579694,0.000762855,0.006340853,0.0037301024,0.0027321242,0.0012736889
2025-12-31,0.002207922,-0.001905764,3.6485493e-05,-0.0032314414,-0.003514561,-7.042062e-05,0.0023507015,0.0010037979,0.0024841565,0.004148089,0.00025595646,-0.002410385
2026-01-01,0.0015878546,-0.0005185266,0.0016869388,-0.00024839758,-0.003548926,0.0027947698,0.0014517752,0.0014439169,0.0021267028,0.002897625,0.0034090444,2.5778485e-05
2026-01-04,0.0004602258,-0.0010155479,0.0006583115,-0.0013223451,-0.0020544757,-0.00018694176,0.00093345915,0.0014964008,0.0017261431,0.002987878,0.00229848,0.0006794759
2026-01-05,-0.00036451576,-0.00057578174,0.000828123,-0.0017452624,-0.002089813,-0.00093451975,0.0016944003,0.0012122329,-0.0011173745,0.0066318815,0.00081230176,0.002607519
2026-01-06,0.0005941761,0.0014097616,-0.0013502212,0.0008037832,-0.002942253,-0.0005464573,0.00068989635,0.00071081397,-2.5977439e-05,-0.0035821272,-0.0034887034,-0.0032590542
2026-01-07,0.0019104765,0.0012701305,-0.002645115,-0.0011542928,-0.005716009,-0.0049508084,0.0006121307,0.0015825909,-0.004282951,-0.005705668,-0.0025191386,-0.008867606
2026-01-08,0.0018571008,0.0008460941,-0.0017987965,-0.00045224308,-0.0071343565,-0.006982675,0.0016197518,0.0010650578,-0.00094424625,-0.0018441477,-0.0010324221,-0.005740989
2026-01-12,0.0015822935,0.00037675115,-0.00016008905,0.0015456264,-0.005205619,-0.0042957184,0.0017217619,0.0009038201,0.00078188494,-0.00089878176,-0.00011087587,-0.0056086294
2026-01-13,0.00080283143,0.0004887676,-0.0015138376,-0.0011481892,-0.003064915,-0.0014837082,0.00045000156,0.0008105537,0.003009201,-0.0036021073,-0.0005906879,0.00079074403
2026-01-14,0.0013864833,0.0011584645,0.00048660947,-0.0004745727,-0.003017425,-0.00065589306,1.7764512e-05,0.0007002269,0.0025275135,-0.0009198256,-0.003511518,5.7507714e-05
2026-01-18,0.0017858236,0.0016555206,0.0019074634,0.00016363064,-0.0025079139,-1.4329678e-05,-0.00032335165,0.0009019271,-0.0006355582,-2.5088491e-05,-0.0029792485,0.0016268385
2026-01-20,0.0033454502,0.0024899065,0.0029993507,0.0005532352,-0.0016262755,0.003014699,-0.0011314356,0.002372348,-0.0018943178,0.0015427002,-0.0016995503,0.0005391691
2026-01-21,0.0054183067,0.0027244457,0.004282941,-0.00086239335,-0.0037517727,0.0003458168,-0.00041583396,0.0019013335,-0.0034722516,0.0008739669,-0.0016998828,-0.0034215886
2026-01-22,0.0047328807,0.0017143465,0.00055319973,-0.002578308,-0.0027386523,0.00062040804,-0.0008076275,0.0009515723,-0.00081930374,-0.001091022,-0.0015133554,-0.0017067054
2026-01-25,0.00456154,0.0019517534,0.0011734362,-0.00010416837,-0.002277651,0.0031309573,-0.00068065646,0.0007027448,-0.0008777689,0.001478187,0.00023518567,0.00047120702
2026-01-26,0.0047304393,0.0013825046,0.0005941272,-0.00057797524,-0.0018147787,0.002626088,-0.0010567922,0.0011211246,0.0017958877,-0.0017469341,0.0031371329,0.0018525629
2026-01-27,0.0045558875,0.00043179464,0.0016701543,-0.0048151263,-0.0023889272,0.0016997759,-0.0008322078,0.00033150727,0.004821654,0.007024864,0.0029970421,0.0021521791
2026-01-28,0.0053922813,0.0023203338,-0.001503455,-0.0016341256,-0.0034885018,0.0026177173,-0.0017412179,-0.00015885948,0.0034229003,0.005706763,0.00079862267,0.0030210956
2026-01-29,0.0033512225,0.0012102711,-0.0028696065,1.1266558e-05,-0.003546269,0.004231344,-0.0012284697,-0.00081666565,0.0022129994,0.010556959,0.004597002,-0.0071621025
2026-02-01,0.0010715709,-0.0017787279,-0.00081934204,-0.0022134152,-0.002416311,-0.0004801888,-0.00045170035,-0.0007000153,3.448018e-05,0.005593394,0.0026684443,-0.004117284
2026-02-02,0.00033414803,4.3169595e-05,-0.0001268689,0.0015698667,-0.004468911,-0.0033998128,0.0011204998,-0.0009675873,0.0026461428,0.0033085903,-0.0002695637,-0.009350145
2026-02-03,-0.0011711016,2.3883826e-05,0.004138181,0.005987707,0.0018006105,0.006194279,0.0019617842,-1.9370113e-05,0.0030377645,0.010407455,0.0035357326,-0.0038505017
2026-02-04,-0.0014256649,-0.0012480936,0.0011272233,0.00055731856,0.004644759,0.0037137307,-0.0018129044,-0.00039305323,-0.00022888504,0.0071956203,0.003991958,-0.004924176
2026-02-05,-0.0008655156,0.00019662964,-0.0012714895,-8.028472e-05,0.00039411325,-0.004779313,-0.00050118467,-0.0021909855,0.0044985,7.96676e-05,-0.0028822718,-0.01258635
2026-02-08,-0.00051281153,0.001259802,0.00027583097,-0.002427242,0.0002616885,-0.00074157474,-0.0010891974,-0.0038466568,0.00027283363,-0.0011418606,0.00021669854,-0.0051953425
2026-02-09,0.00046448107,0.000653699,-0.0011230137,-0.0016662949,0.005074138,0.0035873917,-0.000830466,-0.0022871972,0.0050075375,0.008322823,-0.0012530922,-0.0050098244
2026-02-10,0.0021447383,0.0016700241,-0.0043690004,-0.0029897264,0.00402963,-0.00138598,-0.0022350107,-0.0023840591,0.0017646065,0.001512886,-0.002923843,-0.00051802624
2026-02-11,0.0013904001,0.0011048533,-0.0038847195,-0.002573174,0.00087014394,-0.0022313958,-0.0025514143,-0.0033634144,0.0001340658,-0.0017111446,-0.002506238,-0.0013168652
2026-02-12,0.000880737,0.00023965762,-0.0019022962,-0.0022954035,0.0016713007,-0.0018174765,-0.002793343,-0.0020777788,0.005690462,0.008308483,0.0043767896,-0.00043919386
2026-02-16,0.0025579156,0.0017219807,-0.00024918828,0.0012298785,0.0006177092,0.00038008133,-0.00065069675,-0.0023888585,0.0022885997,0.006024382,-0.0008649143,-0.0006740585
2026-02-17,0.0029180543,0.0016300774,-0.00064689136,0.0005138098,0.0020635147,0.0013326409,-0.0025725642,-0.00012627424,-0.004171064,0.00526734,-0.000101762475,-0.0029542304
2026-02-23,0.0022272088,-0.00011640234,-0.0018472988,0.0006546099,0.0016326382,-0.0010921501,-0.0012017768,-0.0015388862,-0.0042576175,0.00064607046,-0.002467611,-0.0031590743
2026-02-24,0.0009455568,0.0005623969,0.00017565372,0.000318495,0.000438299,-0.0012376013,0.0002598582,-0.00026916922,-0.005011026,0.0013285803,-0.0019086909,7.326732e-05
2026-02-25,0.00054178375,0.0008253421,0.0003412575,0.00038709,0.0011620482,0.0014742315,-6.270484e-05,0.0008656466,0.00093564775,0.004105651,0.0020021757,-0.0020497334
2026-02-26,0.0018827324,1.5989062e-05,-0.001049428,0.00030513862,-0.0011227725,-0.0020928246,0.0008547512,0.00086805865,-0.0036073837,0.003532584,-9.391806e-05,-0.0061527523
2026-03-01,0.002718009,-7.220701e-05,0.0003613403,0.0014647603,-0.0009015693,0.00065033423,0.000935273,0.0012726686,-0.0025890819,0.002323346,-0.00076964666,-0.0019346166
2026-03-03,0.0035629424,0.0008799384,0.0006674852,0.0009593218,-0.002044931,0.0006522317,0.00052134984,0.0022143591,-0.004242078,0.0011139928,-0.0011850435,0.0010463538
2026-03-09,0.0042589875,0.0024324541,-0.00273054,-0.0041191927,-0.001717696,-0.0013773344,0.0015810695,-0.0061524543,0.005052056,-0.019000892,-0.003845752,-0.0075569283
2026-03-10,0.006860302,0.0052392986,0.0022082103,0.006740993,0.0013573383,0.01177416,0.0005255478,-0.002378177,0.0016451888,0.0001701843,0.0042968583,-0.00085311156
2026-03-11,0.0073018013,0.00038142846,-0.00381299,-0.00071481935,0.004087527,0.0027959205,-0.0019543064,-0.008396663,0.0061880574,0.005820009,0.0045130434,-0.0063418625
2026-03-12,0.009091163,0.004044794,-0.004283455,0.0010095604,-0.0018581233,-0.005042239,-0.0032463695,-0.0028028253,0.00077095866,0.005251216,0.004165846,0.009378996
2026-03-15,0.0072652292,0.0015507584,-0.0015781343,-2.2400869e-05,-0.0005549284,0.001034029,-0.0013058803,-0.0073369658,0.0018776583,0.003108202,0.0032199305,0.0009180842
2026-03-16,0.0020018525,-0.0018824493,0.00054090825,-0.002770639,0.0013869326,-0.00010579679,-0.0012312767,-0.0023758959,0.005133037,0.0057788477,-0.004671921,0.006022766
2026-03-17,0.0036701015,0.0032289599,0.001040751,0.0047961115,0.0018044135,0.0021489256,-0.0008945739,-0.0034711247,-0.0035087776,0.003478395,-0.0016662336,-0.0015974953
2026-03-19,0.003320393,0.0034373894,0.0007203239,0.005492445,-0.0004879848,0.0043071653,-0.0014410217,-0.0012345558,-0.0006898129,0.0026223655,0.0046781427,-0.00152957
2026-03-23,0.0032348072,0.0006543042,-0.0011862735,-0.004462678,-9.8429504e-05,0.00577216,-0.0005169748,-0.0018224644,0.0007452415,0.0049596615,0.008882804,0.00081021845
2026-03-24,-0.0013898613,0.0009893257,-0.0011560158,-0.00016610447,0.0016895705,0.004987005,0.0006054793,-0.0019417938,-0.0014441849,-0.00010635913,0.005567595,0.010015817
2026-03-25,-0.0002336977,0.00013113854,0.00011689938,-0.0024277368,0.00087819935,0.0030813224,-0.003521175,-0.001161102,0.0012985738,0.0064998423,0.0020508363,0.0022419721
2026-03-26,-0.0021750443,-0.004491227,-0.0011701758,-0.0058059804,0.00086169015,-0.0016418193,-0.0049178572,-0.0010779572,-0.0049322215,-0.00093413185,-0.002905771,-0.01081942
2026-03-29,-0.0022779652,-0.0009997771,0.003161651,0.00015373796,0.0012806078,0.0012212048,-0.0026426064,-0.005840292,-0.0030806498,0.0020151525,0.00040493,-0.005924023
2026-03-30,-0.0025752413,-0.00085702684,0.0027731862,-0.0035220792,0.0053901747,0.009566615,-0.004386849,-0.0032900267,0.006753991,0.0045903227,0.0062189754,-0.004096643
2026-03-31,-0.0011195415,-0.00015615707,-0.0004239799,0.0036247165,0.004920426,0.0036074612,-0.001837957,-0.0049612704,0.000979393,-0.002610031,-0.0029730042,-3.8786035e-05
2026-04-01,-0.0038880238,-0.00021557038,0.00237514,0.006962602,0.0053678243,0.0052771755,-0.0019382357,0.0023580855,0.00031048115,0.009151493,-0.002389435,0.010120164
2026-04-02,-0.0037496502,-0.0029461025,-0.0004416147,0.0031446784,0.005951967,0.0021663294,-0.0037678767,-0.0014457146,-0.002771861,-0.0019065458,0.0029873266,0.010459431
2026-04-05,-0.0015013809,-0.0010879552,0.0011192582,0.007924293,0.0025392396,0.00241339,-0.0030435403,-0.0025505912,0.0002734791,0.00044353772,0.0036476292,0.006780082
2026-04-06,-0.0012613584,-0.005626937,0.00039890048,0.0016115371,0.006763182,0.0044206893,-0.0033275073,0.0017170489,0.0014798013,0.007765173,0.008089672,0.0023020837
2026-04-07,-0.0015461121,-0.0019774074,0.0053777434,0.006223166,0.002289218,0.003954012,-0.0029322975,0.0007620726,0.0044100634,-0.0006830678,0.0049792267,0.010761473
2026-04-08,-0.0060140053,-0.006513628,0.00310447,-0.004097691,0.0008065672,-0.0010027231,-0.0026894615,-0.0029914393,0.0051335297,0.003484573,0.006650277,0.0037584754
2026-04-09,-0.0030676613,-0.0018570656,-0.0013795113,0.0011234108,-1.47877145e-05,0.009191383,-0.0029189016,-0.00039581436,-0.0056183254,-0.011398614,0.0019501264,-0.005398977
2026-04-10,-0.0003127496,-0.0003619375,-0.002122201,0.0028175383,-0.003181381,-0.003985311,-0.00062366674,0.00068208517,-9.0670364e-05,-0.005540295,0.00421994,-0.0035064488
2026-04-13,-0.002014287,-0.0027536077,0.0010300461,-0.0030440683,-8.112856e-05,0.0010577387,0.0019179457,-0.00079263636,0.0071435007,-0.006048166,0.0016738572,-0.006387181
2026-04-15,0.0006194068,0.0016450082,0.00045725505,0.0033922612,0.0015272538,0.0028246844,0.0027777294,0.00090144656,-0.0020579637,0.0007143885,0.00064225384,-0.0021563328
2026-04-16,0.0008109586,0.0013681357,-0.001749564,0.0042138672,0.0012270296,5.005393e-06,-0.00022072735,4.5468332e-05,-0.0042521027,-0.0050276835,0.00381677,-0.006594156
2026-04-17,-0.00037183746,0.00060031883,-0.0007965444,-0.0021894479,0.0022745337,0.00091931835,0.0029802849,0.0005043757,0.0030969216,-0.008510185,0.00058731064,-0.0060607814
2026-04-20,0.0035608183,0.0020319815,0.00059133465,0.009224665,0.0019584545,0.0021490396,0.0031598855,0.0011694382,0.00052754243,-0.005906731,-0.00039475126,-0.0046761394
2026-04-21,0.0013540688,0.0014127836,0.00078096194,0.0038002746,0.0026248286,0.006433587,0.0035956649,0.0012239031,0.005438267,0.0025574889,0.0027793741,0.008600479
2026-04-22,0.0023117592,-0.0006973079,0.0034428984,0.0033990624,0.0026679002,0.0036037674,0.00339281,0.0018598689,-0.0008999899,-0.0043083685,-0.0021131888,-0.0041909795
2026-04-23,0.0028372207,0.0009711673,0.0029612966,0.0043468517,-0.00018891104,0.0012317349,0.0027624427,0.001246271,0.000844671,-0.0032972938,0.00071433216,-0.0028095283
2026-04-24,0.0015102844,0.00047451037,0.0026024838,0.0023987838,0.00029700255,0.00021659987,0.005027306,0.0011878656,0.0039747995,0.0026434553,-0.001046634,-0.0011340752
2026-04-27,0.002261146,0.000433187,0.00086011534,0.0027729028,0.00024229038,0.00080842327,0.004106472,0.001299042,0.0009342497,-0.00089480815,0.0013529306,0.0072860145
2026-04-28,0.0019553285,0.0002407853,0.0024343845,0.0024761097,-0.00069952087,-0.0020734703,0.004317017,-0.00047246198,-0.0028286623,-0.0019566556,0.0021597277,-9.255804e-05
2026-04-29,0.0019604005,0.00047948566,0.0025842604,0.00054142036,-0.0034949372,-0.0056480807,0.003611872,-0.00094958505,0.0035440128,-0.00066613994,0.0041052257,-0.00037837395
2026-04-30,0.0020151006,6.2470615e-05,0.002828928,0.00087757094,-0.0041561215,-0.004355558,0.003327199,-0.0009275998,-0.0035036022,-0.0059309923,0.0035403732,-0.007524373
2026-05-04,0.0012760593,0.0003780908,0.001208191,0.0018925532,-0.003274725,-0.002757506,0.0026600477,-0.001456711,0.0004271272,-0.007471733,0.001601376,0.0009775306
2026-05-05,0.0012338795,-0.0010048291,0.0018478141,-0.002429369,-0.0020990781,-0.00026922917,0.0016834605,0.00048152645,0.004388964,0.00049700064,0.006592296,0.00029385605
2026-05-06,0.0013593424,0.0010195605,0.0010504522,0.0010833502,-0.0023821034,0.0011925767,-0.00028169114,-0.0002199543,-0.002639257,-0.0068338425,-0.00038362906,-0.004281706
2026-05-07,0.0015076766,-4.5942084e-05,-0.0017181023,-0.0011114196,-0.0034291127,-0.0069435746,-0.00022672699,0.00053381355,-0.00076710613,-0.013795298,0.0005729506,-0.0094465045
2026-05-08,0.0020285554,0.00036070158,0.0004950171,-0.002052071,-0.0057865093,-0.00093543046,0.00013789436,0.00023867705,0.0031816373,-0.01363172,-2.0098814e-05,0.0036588802
2026-05-11,0.0026223226,0.0011359797,0.00017636258,0.00081194367,-0.0053344737,-0.0025486783,0.0009802622,-6.8741676e-05,-4.8972724e-05,0.0007487319,-0.0014830667,-0.00624306
2026-05-12,0.0035558245,0.0014321494,0.0016463348,-0.0011951376,-0.00456038,0.0012167864,0.0029894547,0.0003825195,0.0008702315,0.0030025518,0.0010063314,-0.01039238
2026-05-13,0.002379672,-0.0010495035,-0.00012678286,-0.002854898,-0.006562699,-0.0018949797,0.0018686501,-0.00084413803,-0.0034446057,-0.0027095315,0.00067394227,-0.00046558544
2026-05-14,0.0012054609,0.00053497986,-0.0001684117,-0.0009206178,-0.0050080544,-0.0004741393,0.0037783757,-0.00036695163,-0.0055614943,-0.0019201357,0.00081831834,-0.004454185
2026-05-15,0.0004731796,-0.0009164742,-0.0022154993,-0.000747477,-0.0043318206,-0.005452032,0.0019125098,-0.0007316148,-0.010919875,0.0011403088,0.0015451768,-0.0007505647
2026-05-18,0.00030764317,-0.00042196637,0.0011994515,0.00071211456,-0.0015214712,0.0019013069,0.002680125,0.00062431453,-0.0021200506,0.010220543,0.00476608,-0.00044974434
2026-05-19,0.0009158238,0.0002762198,0.001904828,0.0022933022,0.0036780464,0.005066431,0.000645653,-0.0005690909,0.0030787722,0.004330234,0.0060069906,0.005219009
2026-05-20,0.0014915178,-9.917916e-05,0.0010181384,0.0022512183,0.0037356222,0.0023654976,-2.973812e-05,-0.00088489853,0.003891122,0.0050177122,0.006923255,0.012560432
2026-05-21,0.002406919,0.001541307,-8.7610446e-05,0.0037875103,0.00750349,0.0063435524,-0.00032896834,-0.0009567923,4.7845882e-05,0.010890428,0.0065866364,0.014084649
2026-05-22,0.0018571408,0.00049094984,0.00086832244,0.0009189339,0.005539963,0.0016613626,-0.0012714711,-0.00053276407,0.0066551287,0.010032833,0.010166071,0.005024803
2026-05-25,0.0016873179,0.002059347,9.855995e-05,0.001769708,0.003504833,0.005058386,3.4221564e-05,0.0013233124,0.00083435647,0.003317746,0.0057979296,-0.0037426676
2026-05-26,0.0024905084,0.0021635075,-0.0010479125,0.0035100682,0.0013950564,-0.0012504316,0.0015097545,0.0029417668,-0.0035376183,0.0005663921,-0.0044425074,-0.0036805149
2026-05-27,0.0020749227,0.0005952059,0.0005283711,0.0015989812,-0.0019429051,-0.0015481212,0.0026686427,0.0032919669,-0.0012421885,0.0090479255,0.0035941082,-0.009487936
2026-06-01,0.0024767774,0.001751045,1.094857e-05,0.00337312,-0.001728246,-0.00019769272,0.0015932997,0.0009782747,-0.004514709,0.007475274,0.003125832,-0.0045535835
2026-06-02,0.0014680597,0.00031475717,0.001126431,-0.0009620963,-0.0036957941,-0.00470969,9.291002e-05,0.0012178321,-0.0030935004,0.003623029,0.00043773837,-0.004087336
2026-06-03,0.0014172209,0.0016302298,0.000571743,0.0027361186,-0.0027305447,-0.00021235528,0.00048075322,-0.0006845444,-0.0026056822,-0.0051885624,-0.00092825474,-0.0035277794
2026-06-04,0.0018343618,0.0018667025,-0.0002940264,-0.0005280885,-0.0035467714,-0.00084837276,0.0011284286,-0.000111936475,-0.0040955897,0.0022193175,0.0015311668,-0.00410097
2026-06-05,0.0014523065,0.0017679681,0.00080907415,0.001279579,-0.0026529958,0.00229068,0.0032003045,-0.0010067862,-0.0024122798,-0.0032776908,0.0008177252,-0.0022439647
2026-06-08,0.0012241876,0.0009576339,0.002016677,-0.00055181124,-0.00029352796,-0.00026501366,0.0037188285,-0.00075416063,-0.0033671872,0.008116486,0.0044245115,0.008694609
2026-06-09,0.00014837412,0.0005543633,0.0024730945,-0.00034729642,0.0043407036,0.0002614587,0.00023179073,-0.0022565427,0.002447871,0.010577773,0.007278886,0.01082022
2026-06-10,0.00034356958,0.00091637095,4.484359e-05,-0.0032076458,0.0061158584,-0.0030687738,-0.003027307,0.0017478226,0.00028693984,0.008119761,0.0072265477,-0.003381579
2026-06-11,6.2200765e-05,0.00017217442,-0.0026793417,-0.0024372314,0.0012497349,-0.0062718354,-0.0016716816,-0.0013817062,0.0052222237,-0.0064865076,0.0023369798,-0.0028128463
2026-06-12,0.00034354615,-2.0998123e-05,-0.00057654624,-0.0018898661,0.0024605184,0.005140176,-0.0033462776,0.00011601875,0.004598303,0.0049971384,0.007711914,0.0027927314
2026-06-15,0.00062374887,-0.000449383,-0.001994252,-0.0030912652,0.0023904776,0.0017656502,-0.0042156917,-0.0051482725,-0.004332229,0.0020340125,-0.005116787,-0.010184146
2026-06-16,0.00079197803,-5.4692093e-05,-0.0003854172,-0.003297908,8.3967054e-05,-0.001356496,-0.003545813,-0.00065601623,-0.0086417915,-0.004870767,-0.0024858168,-0.0024966788
2026-06-17,0.0005998425,0.00010278501,-0.0018631611,-0.0045507876,-0.003906532,-0.005921818,-0.00077764614,-0.0061344407,0.0011781458,0.004157676,0.00021059607,-0.008635291
2026-06-18,0.00046677163,-0.00013555103,-0.001879889,-0.003681319,-0.004049365,-0.0067699105,0.0016535314,-0.0061529353,0.0017438931,0.005386654,0.00028227514,-0.004456567
2026-06-19,0.0005929506,-0.00043350243,8.4829924e-05,-0.0029948116,-0.0032137537,-0.0039907526,0.0015187083,-0.003995078,-0.0049023805,0.004955886,0.0013420972,-0.005131874
2026-06-22,0.0009033763,-0.0009627541,0.0001311347,-0.0024777027,-0.0064740977,-0.0038750472,0.0027588408,-0.0016577072,-0.000508337,0.009384301,0.002132156,-0.0026562898
2026-06-23,0.0011243536,-0.00067694794,-0.0013875894,-0.0030565588,-0.007756044,-0.005595749,0.0042000287,0.0012861975,0.0004458188,0.006885385,-0.0016216033,-0.004897436
2026-06-24,0.0005156185,-0.0014636423,-0.001977885,-0.0037176854,-0.006443952,-0.0059519177,0.004318466,-0.0014008232,0.0032462857,0.00851068,-0.0020037724,-0.0011233576
2026-06-25,-0.00038943352,-0.002019737,-0.00066433573,-0.0032992254,-0.0022713447,-0.0031649475,0.0019212377,-0.003313171,0.006483626,0.018129786,0.00030947343,-0.0075830827
2026-06-26,-0.00094279443,-0.0020401934,-0.00018790254,-0.0054031913,-0.0010440592,-0.006882609,-0.00067754154,-0.001491081,0.00079805474,0.008825412,-0.0019556538,-0.0025939317
2026-06-29,-0.00052313687,-0.0018776683,-0.0040217666,-0.003306803,-0.00223772,-0.0064847698,-0.00015640323,-0.0014011667,0.015690546,0.008866659,-0.002362803,-0.0019731796
2026-06-30,-0.0007291375,-0.0020743096,-0.001728761,-0.004886659,0.0013874362,0.0001194026,-0.002975873,-0.0045663877,0.015484515,0.0031475949,-0.00013664667,0.0036345543
2026-07-01,-0.0008039019,-0.0023040813,-0.002146177,-0.004040202,0.0031738821,-0.0033843296,-0.002759005,-0.0021650959,0.0024086852,0.004849176,-0.001384378,0.0014008202
2026-07-02,0.00034647554,1.4870311e-05,-0.0034447664,-0.0020245314,0.00028037163,0.00057057437,-0.0029896505,-0.00088868156,0.004466678,0.0053504016,-0.0025478867,0.008999794
2026-07-03,0.0013506871,0.00036406182,-0.004401039,-0.00193828,0.0038885174,-6.408669e-05,-0.0013070812,-0.0066342917,0.010722684,0.008738678,0.0026933583,-0.00059720426
2026-07-06,0.0010000214,0.00052460417,-0.0012920245,-0.0021010526,0.0036890523,0.00032129482,-0.004385583,-0.0033810327,0.00094489893,0.002924958,0.007878554,0.0009903532
2026-07-07,-0.00020981563,-0.00072826206,-0.004209133,-0.00452972,0.004081499,-0.0007384929,-0.003479915,-0.0034276962,0.0008419219,-0.0011236828,-0.002385887,0.005810035
2026-07-08,0.00035269474,0.0006519791,-0.0025988598,-0.001342668,0.0030264042,0.004490153,-0.0020874145,-0.0033140022,0.009407713,0.004785629,0.002112604,0.0023233378
2026-07-09,2.8237468e-05,-0.0009419121,-2.3156754e-06,-0.0030597316,0.0063057584,0.006652285,-0.0027413215,-0.0031543963,0.011445916,0.0057473266,-0.000963486,0.0025708447
2026-07-10,0.0001656469,-0.00014374114,-0.0018174297,-0.003664747,0.009319092,0.007461971,-0.0043193162,-0.0029685213,0.0024902166,0.0006700902,-0.0024657012,0.006411799
2026-07-13,0.00049499696,-0.00064768846,-0.003218018,-0.0018912442,0.0068479045,0.0009005033,-0.0036714848,-0.0029391688,0.0062612505,0.0027502242,0.00083359703,0.0030772137
2026-07-14,0.00091168913,-0.0014944896,-0.0022585688,-0.0021697925,0.0065550506,0.0027524447,-0.0017496559,-0.0041266023,0.009429911,0.005123801,-0.003939416,0.00033909033
2026-07-15,0.0021533505,0.00049586606,0.00094431476,-0.0011639707,0.008388341,0.010928722,-0.005080345,-0.0023298115,0.010417013,0.0071782395,0.0039413287,0.0056124716
2026-07-16,0.0007291564,0.00034381103,-0.0008755838,-0.0035596436,0.0054389294,0.0015327479,-0.0050918446,-0.0014261601,0.002059387,0.0042193704,-0.00063794473,0.006084377
2026-07-17,0.0009919542,-0.0003400513,-0.0008860954,-0.0010811628,0.0023251174,-0.0013297356,-0.002679165,-0.0052021462,0.007276967,0.0014672624,-0.003295563,-0.0014628472
2026-07-20,0.0037769738,0.001881907,-0.00024251867,0.0024913244,0.0012876012,0.0001233677,-0.0011926237,-0.004206957,0.0027622425,0.001312756,-0.0039251638,-0.0043599093
2026-07-21,0.004395838,0.0018724578,-0.00018689653,-0.0023357267,0.00297012,0.006106957,-0.0034689957,-0.0031271202,0.002431057,0.0017016497,0.0064807627,-0.00044296164
2026-07-22,0.0052713607,0.00061875046,-0.0013352646,-0.004192487,0.0044860025,0.00079562597,-0.005672061,-0.0019147573,-0.0010184178,-0.0022376725,0.0076870457,0.008806385
2026-07-23,0.0041578365,0.00037416682,-0.0022907564,-0.002996481,0.0020328297,-0.0018361683,-0.0033475726,-0.0043802275,-0.00065543345,-0.0025287364,0.0071885674,0.00028301455
2026-07-24,0.0030398436,0.0013470503,0.00060841104,-0.0025533764,0.0018065416,0.0042041177,-0.0037848523,-0.004070749,-0.0014956335,-0.00023413857,0.01046703,0.0020433406
2026-07-27,0.0032008989,0.0021192087,-0.0024311356,0.0010459583,0.0037448395,0.0025401926,-0.0011656813,-0.004864811,0.003972912,0.0029130012,0.0031931624,0.0064249523
2026-07-28,0.003642237,0.0018001623,0.002519209,0.0018920694,0.004947253,0.0010775412,-0.0025006984,-0.0034671177,0.0045532063,0.0067219283,0.011534641,0.0057671154
2026-07-29,0.0030140097,0.0020738037,-0.0004961013,0.0023091016,0.005942886,0.0011501779,-0.00073747913,-0.005777064,0.002870921,-0.0010905713,0.0022208844,0.004382908
2026-07-30,0.0018472101,0.0008334175,0.0014777236,0.0011489994,0.008252728,0.009232537,-0.0025829468,-0.003935209,0.0066169742,0.010936086,0.011741774,0.009883145
2026-07-31,0.0005765471,0.0013104738,-0.0003747263,-0.0001988011,0.012161466,0.0059597925,-0.0050167395,-0.0024257198,0.001471417,0.0068821274,0.0042224396,0.009728515
2026-08-03,0.00032606086,0.0020596439,-0.00027858093,-0.0016726654,0.00769884,0.0065880627,-0.0048283413,-0.00029848976,-0.0009944281,0.0056958687,0.013487828,0.005755047
2026-08-04,0.00082151266,0.0012642852,-0.0027120723,-0.001282176,0.0039177523,-0.00022650824,-0.0028525055,-0.003790707,0.0031048602,0.0027462428,0.0058464166,-0.0007188891
